Timestamp               Ty Process[PID:TID]
2026-05-25 19:27:23.065 Df WindowServer[619:112f] [com.apple.coreanimation:Brightness] Display 1 commitBrightness sdr: 0, headroom: 1, potential headroom: 2, ambient lux: 1.6094, filtered ambient: 1.6094, brightness limit: -1, indicator brightness: -1 low ambient strength: -1, high ambient strength: -1, contrast preservation: -1, contrast enhancer: -1 brightness ctl disabled -1, unlogged brightness transactions:0
2026-05-25 19:27:23.065 Df WindowServer[619:112f] [com.apple.coreanimation:Brightness] Display 1 commitBrightness sdr: 127.043, headroom: 1, potential headroom: 2, ambient lux: 1.6094, filtered ambient: 1.6094, brightness limit: 525, indicator brightness: nan low ambient strength: -1, high ambient strength: -1, contrast preservation: 0, contrast enhancer: -1 brightness ctl disabled -1, unlogged brightness transactions:0
2026-05-25 19:27:23.065 Df WindowServer[619:112f] [com.apple.coreanimation:Brightness] Display 1 commitBrightness sdr: 127.043, headroom: 1, potential headroom: 2, ambient lux: 1.6094, filtered ambient: 1.6094, brightness limit: 525, indicator brightness: nan low ambient strength: -1, high ambient strength: -1, contrast preservation: 0, contrast enhancer: -1 brightness ctl disabled -1, unlogged brightness transactions:0
2026-05-25 19:27:23.065 Df WindowServer[619:112f] [com.apple.coreanimation:Brightness] Display 1 commitBrightness sdr: 127.043, headroom: 1, potential headroom: 2, ambient lux: 1.6094, filtered ambient: 1.6094, brightness limit: 525, indicator brightness: nan low ambient strength: -1, high ambient strength: -1, contrast preservation: 0, contrast enhancer: -1 brightness ctl disabled -1, unlogged brightness transactions:0
2026-05-25 19:27:23.065 Df WindowServer[619:112f] [com.apple.coreanimation:Brightness] Display 1 commitBrightness sdr: 127.043, headroom: 1, potential headroom: 2, ambient lux: 1.6094, filtered ambient: 1.6094, brightness limit: 525, indicator brightness: nan low ambient strength: -1, high ambient strength: -1, contrast preservation: 0, contrast enhancer: -1 brightness ctl disabled -1, unlogged brightness transactions:0
2026-05-25 19:27:23.065 Df WindowServer[619:112f] [com.apple.coreanimation:Brightness] Display 1 commitBrightness sdr: 127.043, headroom: 1, potential headroom: 2, ambient lux: 1.6094, filtered ambient: 1.6094, brightness limit: 525, indicator brightness: nan low ambient strength: -1, high ambient strength: -1, contrast preservation: 0, contrast enhancer: -1 brightness ctl disabled -1, unlogged brightness transactions:0
2026-05-25 19:27:23.065 Df WindowServer[619:112f] [com.apple.coreanimation:Brightness] Display 1 commitBrightness sdr: 127.043, headroom: 1, potential headroom: 2, ambient lux: 1.6094, filtered ambient: 1.6094, brightness limit: 525, indicator brightness: nan low ambient strength: -1, high ambient strength: -1, contrast preservation: 0, contrast enhancer: -1 brightness ctl disabled -1, unlogged brightness transactions:0
2026-05-25 19:27:23.065 Df WindowServer[619:112f] [com.apple.coreanimation:Brightness] Display 1 commitBrightness sdr: 127.043, headroom: 1, potential headroom: 2, ambient lux: 1.6094, filtered ambient: 1.6094, brightness limit: 525, indicator brightness: nan low ambient strength: -1, high ambient strength: -1, contrast preservation: 0, contrast enhancer: -1 brightness ctl disabled -1, unlogged brightness transactions:0
2026-05-25 19:27:23.065 Df WindowServer[619:112f] [com.apple.coreanimation:Brightness] Display 1 commitBrightness sdr: 127.043, headroom: 1, potential headroom: 2, ambient lux: 1.6094, filtered ambient: 1.6094, brightness limit: 525, indicator brightness: nan low ambient strength: -1, high ambient strength: -1, contrast preservation: 0, contrast enhancer: -1 brightness ctl disabled -1, unlogged brightness transactions:0
2026-05-25 19:27:23.065 Df WindowServer[619:112f] [com.apple.coreanimation:Brightness] Display 1 commitBrightness sdr: 127.043, headroom: 1, potential headroom: 2, ambient lux: 1.6094, filtered ambient: 1.6094, brightness limit: 525, indicator brightness: nan low ambient strength: -1, high ambient strength: -1, contrast preservation: 0, contrast enhancer: -1 brightness ctl disabled -1, unlogged brightness transactions:0
2026-05-25 19:27:23.065 Df WindowServer[619:112f] [com.apple.coreanimation:Brightness] Display 1 commitBrightness sdr: 127.043, headroom: 1, potential headroom: 2, ambient lux: 1.6094, filtered ambient: 1.6094, brightness limit: 525, indicator brightness: nan low ambient strength: -1, high ambient strength: -1, contrast preservation: 0, contrast enhancer: -1 brightness ctl disabled -1, unlogged brightness transactions:0
2026-05-25 19:27:23.092 I  WindowServer[619:112f] [com.apple.SkyLight:packages] 0[outside of RPC]: order window: 5 op: 0 relative: 0
2026-05-25 19:27:23.093 Df WindowServer[619:112f] [com.apple.FuseBoard:SkyBridge] <private> updated window 83 from "visible" to "occluded".
2026-05-25 19:27:23.093 Df WindowServer[619:112f] [com.apple.FuseBoard:SkyBridge] <private> overall window state is now "occluded"
2026-05-25 19:27:23.093 Df WindowServer[619:112f] [com.apple.FuseBoard:SkyBridge] <private> updated window 382 from "visible" to "occluded".
2026-05-25 19:27:23.093 Df WindowServer[619:112f] [com.apple.FuseBoard:SkyBridge] <private> overall window state is now "occluded"
2026-05-25 19:27:23.093 Df WindowServer[619:112f] [com.apple.FuseBoard:SkyBridge] <private> updated window 37881 from "visible" to "occluded".
2026-05-25 19:27:23.093 Df WindowServer[619:112f] [com.apple.FuseBoard:SkyBridge] <private> overall window state is now "occluded"
2026-05-25 19:27:23.093 Df WindowServer[619:112f] [com.apple.FuseBoard:SkyBridge] <private> updated window 107 from "visible" to "occluded".
2026-05-25 19:27:23.093 Df WindowServer[619:112f] [com.apple.FuseBoard:SkyBridge] <private> overall window state is now "occluded"
2026-05-25 19:27:23.093 Df WindowServer[619:112f] [com.apple.FuseBoard:SkyBridge] <private> updated window 114 from "visible" to "occluded".
2026-05-25 19:27:23.093 Df WindowServer[619:112f] [com.apple.FuseBoard:SkyBridge] <private> overall window state is now "occluded"
2026-05-25 19:27:23.093 Df WindowServer[619:112f] [com.apple.FuseBoard:SkyBridge] <private> updated window 181 from "visible" to "occluded".
2026-05-25 19:27:23.093 Df WindowServer[619:112f] [com.apple.FuseBoard:SkyBridge] <private> updated window 198 from "visible" to "occluded".
2026-05-25 19:27:23.093 Df WindowServer[619:112f] [com.apple.FuseBoard:SkyBridge] <private> overall window state is now "occluded"
2026-05-25 19:27:23.093 Df WindowServer[619:112f] [com.apple.FuseBoard:SkyBridge] <private> updated window 117 from "visible" to "occluded".
2026-05-25 19:27:23.093 Df WindowServer[619:112f] [com.apple.FuseBoard:SkyBridge] <private> overall window state is now "occluded"
2026-05-25 19:27:23.096 Df WindowServer[619:112f] [com.apple.coreanimation:Brightness] Display 1 commitBrightness sdr: 127.043, headroom: 1, potential headroom: 2, ambient lux: 1.6094, filtered ambient: 1.6094, brightness limit: 525, indicator brightness: nan low ambient strength: -1, high ambient strength: -1, contrast preservation: 0, contrast enhancer: -1 brightness ctl disabled -1, unlogged brightness transactions:0
2026-05-25 19:27:23.098 E  WindowServer[619:112f] [com.apple.SkyLight:default] PKGWindowMoveOnMatchingDisplayChangedSeed failed to move window b03b owner 8281b (invalid seed 99a)
2026-05-25 19:27:23.098 E  WindowServer[619:112f] [com.apple.SkyLight:default] PKGWindowMoveOnMatchingDisplayChangedSeed failed to move window b03f owner 8281b (invalid seed 99a)
2026-05-25 19:27:23.098 E  WindowServer[619:112f] [com.apple.SkyLight:default] PKGWindowMoveOnMatchingDisplayChangedSeed failed to move window b032 owner 8281b (invalid seed 99a)
2026-05-25 19:27:23.099 E  WindowServer[619:112f] [com.apple.SkyLight:default] PKGWindowMoveOnMatchingDisplayChangedSeed failed to move window b037 owner 8281b (invalid seed 99a)
2026-05-25 19:27:23.099 I  WindowServer[619:112f] [com.apple.SkyLight:packages] 8281b[OrderWindow]: order window: af4e op: 0 relative: 0
2026-05-25 19:27:23.099 I  WindowServer[619:112f] [com.apple.SkyLight:packages] 8281b[OrderWindow]: order window: af4d op: 0 relative: 0
2026-05-25 19:27:23.099 I  WindowServer[619:112f] [com.apple.SkyLight:packages] 8281b[OrderWindow]: order window: af4c op: 0 relative: 0
2026-05-25 19:27:23.099 I  WindowServer[619:112f] [com.apple.SkyLight:packages] 8281b[OrderWindow]: order window: af4b op: 0 relative: 0
2026-05-25 19:27:23.099 I  WindowServer[619:112f] [com.apple.SkyLight:packages] 8281b[OrderWindow]: order window: b03f op: 0 relative: 0
2026-05-25 19:27:23.099 I  WindowServer[619:112f] [com.apple.SkyLight:packages] 8281b[OrderWindow]: order window: b03b op: 0 relative: 0
2026-05-25 19:27:23.099 I  WindowServer[619:112f] [com.apple.SkyLight:packages] 8281b[OrderWindow]: order window: b037 op: 0 relative: 0
2026-05-25 19:27:23.099 I  WindowServer[619:112f] [com.apple.SkyLight:packages] 8281b[OrderWindow]: order window: b032 op: 0 relative: 0
2026-05-25 19:27:23.099 Df WindowServer[619:112f] [com.apple.coreanimation:Brightness] Display 1 commitBrightness sdr: 127.043, headroom: 1, potential headroom: 2, ambient lux: 1.6094, filtered ambient: 1.6094, brightness limit: 525, indicator brightness: nan low ambient strength: -1, high ambient strength: -1, contrast preservation: 0, contrast enhancer: -1 brightness ctl disabled -1, unlogged brightness transactions:0
2026-05-25 19:27:23.101 I  WindowServer[619:112f] [com.apple.SkyLight:packages] 66503[OrderWindow]: window b063 joined space 1
2026-05-25 19:27:23.102 I  WindowServer[619:112f] [com.apple.SkyLight:packages] 66503[OrderWindow]: order window: b063 op: 1 relative: 0
2026-05-25 19:27:23.107 A  WindowServer[619:6900d9] (RunningBoardServices) observedProcessStatesDidChange
2026-05-25 19:27:23.107 Df WindowServer[619:6900d9] [com.apple.runningboard:monitor] Received state update for 1503 (app<application.com.apple.MobileSMS.1152921500311888381.1152921500311888451(501)>, running-active-NotVisible
2026-05-25 19:27:23.113 I  WindowServer[619:112f] [com.apple.SkyLight:packages] 66503[TerminateWindow]: order window: b03a op: 0 relative: 0
2026-05-25 19:27:23.113 I  WindowServer[619:112f] [com.apple.SkyLight:packages] 66503[TerminateWindow]: window b03a parted space 1
2026-05-25 19:27:23.116 Df WindowServer[619:112f] [com.apple.coreanimation:Brightness] Display 1 commitBrightness sdr: 127.043, headroom: 1, potential headroom: 2, ambient lux: 1.6094, filtered ambient: 1.6094, brightness limit: 525, indicator brightness: nan low ambient strength: -1, high ambient strength: -1, contrast preservation: 0, contrast enhancer: -1 brightness ctl disabled -1, unlogged brightness transactions:0
2026-05-25 19:27:23.124 Df WindowServer[619:112f] [com.apple.FuseBoard:SkyBridge] <private> removing window 44875; now 17 window(s) remain.
2026-05-25 19:27:23.125 Df WindowServer[619:112f] [com.apple.FuseBoard:SkyBridge] <private> removing window 44877; now 16 window(s) remain.
2026-05-25 19:27:23.126 Df WindowServer[619:112f] [com.apple.FuseBoard:SkyBridge] <private> removing window 44878; now 15 window(s) remain.
2026-05-25 19:27:23.130 Df WindowServer[619:112f] [com.apple.FuseBoard:SkyBridge] <private> removing window 45115; now 14 window(s) remain.
2026-05-25 19:27:23.131 Df WindowServer[619:112f] [com.apple.FuseBoard:SkyBridge] <private> removing window 45111; now 13 window(s) remain.
2026-05-25 19:27:23.132 Df WindowServer[619:112f] [com.apple.FuseBoard:SkyBridge] <private> removing window 44876; now 12 window(s) remain.
2026-05-25 19:27:23.133 Df WindowServer[619:112f] [com.apple.coreanimation:Brightness] Display 1 commitBrightness sdr: 127.043, headroom: 1, potential headroom: 2, ambient lux: 1.6094, filtered ambient: 1.6094, brightness limit: 525, indicator brightness: nan low ambient strength: -1, high ambient strength: -1, contrast preservation: 0, contrast enhancer: -1 brightness ctl disabled -1, unlogged brightness transactions:0
2026-05-25 19:27:23.133 Df WindowServer[619:6900d1] [com.apple.xpc:connection] [0x703dfc780] invalidated after the last release of the connection object
2026-05-25 19:27:23.133 Df WindowServer[619:112f] [com.apple.SkyLight:packages] 0[outside of RPC]: complete_appearance_transition_on_session on session 101
2026-05-25 19:27:23.134 I  WindowServer[619:112f] [com.apple.SkyLight:packages] 0[outside of RPC]: destroy space 3395
2026-05-25 19:27:23.134 A  WindowServer[619:68ffc2] (RunningBoardServices) observedProcessStatesDidChange
2026-05-25 19:27:23.134 Df WindowServer[619:68ffc2] [com.apple.runningboard:monitor] Received state update for 1526 (app<Unknown(1526)(501)>, running-active-NotVisible
2026-05-25 19:27:23.134 I  WindowServer[619:6900d1] [com.apple.SkyLight:packages] 0[outside of RPC]: resumed connection 69d5b
2026-05-25 19:27:23.134 Df WindowServer[619:112f] [com.apple.FuseBoard:SkyBridge] <private> removing window 45106; now 11 window(s) remain.
2026-05-25 19:27:23.140 Df WindowServer[619:112f] [com.apple.FuseBoard:SkyBridge] <private> removing window 45119; now 10 window(s) remain.
2026-05-25 19:27:23.148 Df WindowServer[619:112f] [com.apple.coreanimation:Brightness] Display 1 commitBrightness sdr: 127.043, headroom: 1, potential headroom: 2, ambient lux: 1.6094, filtered ambient: 1.6094, brightness limit: 525, indicator brightness: nan low ambient strength: -1, high ambient strength: -1, contrast preservation: 0, contrast enhancer: -1 brightness ctl disabled -1, unlogged brightness transactions:0
2026-05-25 19:27:23.161 A  WindowServer[619:6900d1] (RunningBoardServices) observedProcessStatesDidChange
2026-05-25 19:27:23.161 Df WindowServer[619:6900d1] [com.apple.runningboard:monitor] Received state update for 1503 (app<application.com.apple.MobileSMS.1152921500311888381.1152921500311888451(501)>, running-active-NotVisible
2026-05-25 19:27:23.164 Df WindowServer[619:112f] [com.apple.coreanimation:Brightness] Display 1 commitBrightness sdr: 127.043, headroom: 1, potential headroom: 2, ambient lux: 1.6094, filtered ambient: 1.6094, brightness limit: 525, indicator brightness: nan low ambient strength: -1, high ambient strength: -1, contrast preservation: 0, contrast enhancer: -1 brightness ctl disabled -1, unlogged brightness transactions:0
2026-05-25 19:27:23.173 E  WindowServer[619:112f] [com.apple.SkyLight:default] _CGXPackagesSetWindowConstraints: Invalid window
2026-05-25 19:27:23.173 E  WindowServer[619:112f] [com.apple.SkyLight:default] _CGXPackagesSetWindowConstraints: Invalid window
2026-05-25 19:27:23.173 E  WindowServer[619:112f] [com.apple.SkyLight:default] _CGXPackagesSetWindowConstraints: Invalid window
2026-05-25 19:27:23.173 E  WindowServer[619:112f] [com.apple.SkyLight:default] _CGXPackagesSetWindowConstraints: Invalid window
2026-05-25 19:27:23.174 E  WindowServer[619:112f] [com.apple.SkyLight:default] _CGXPackagesSetWindowConstraints: Invalid window
2026-05-25 19:27:23.192 E  WindowServer[619:112f] [com.apple.SkyLight:default] _CGXPackagesSetWindowConstraints: Invalid window
2026-05-25 19:27:23.197 I  WindowServer[619:112f] [com.apple.SkyLight:packages] 1636df[OrderWindowGroup]: order window: b071 op: 0 relative: 0
2026-05-25 19:27:23.206 E  WindowServer[619:112f] [com.apple.SkyLight:default] PKGWindowMoveOnMatchingDisplayChangedSeed failed to move window b03e owner 784fdb (invalid seed 99a)
2026-05-25 19:27:23.206 E  WindowServer[619:112f] [com.apple.SkyLight:default] PKGWindowMoveOnMatchingDisplayChangedSeed failed to move window b043 owner 784fdb (invalid seed 99a)
2026-05-25 19:27:23.206 E  WindowServer[619:112f] [com.apple.SkyLight:default] PKGWindowMoveOnMatchingDisplayChangedSeed failed to move window b033 owner 784fdb (invalid seed 99a)
2026-05-25 19:27:23.206 E  WindowServer[619:112f] [com.apple.SkyLight:default] PKGWindowMoveOnMatchingDisplayChangedSeed failed to move window b046 owner 784fdb (invalid seed 99a)
2026-05-25 19:27:23.206 I  WindowServer[619:112f] [com.apple.SkyLight:packages] 784fdb[OrderWindow]: order window: af40 op: 0 relative: 0
2026-05-25 19:27:23.206 I  WindowServer[619:112f] [com.apple.SkyLight:packages] 784fdb[OrderWindow]: order window: af3c op: 0 relative: 0
2026-05-25 19:27:23.206 I  WindowServer[619:112f] [com.apple.SkyLight:packages] 784fdb[OrderWindow]: order window: af3a op: 0 relative: 0
2026-05-25 19:27:23.206 I  WindowServer[619:112f] [com.apple.SkyLight:packages] 784fdb[OrderWindow]: order window: af36 op: 0 relative: 0
2026-05-25 19:27:23.206 I  WindowServer[619:112f] [com.apple.SkyLight:packages] 784fdb[OrderWindow]: order window: b046 op: 0 relative: 0
2026-05-25 19:27:23.206 I  WindowServer[619:112f] [com.apple.SkyLight:packages] 784fdb[OrderWindow]: order window: b043 op: 0 relative: 0
2026-05-25 19:27:23.206 I  WindowServer[619:112f] [com.apple.SkyLight:packages] 784fdb[OrderWindow]: order window: b03e op: 0 relative: 0
2026-05-25 19:27:23.206 I  WindowServer[619:112f] [com.apple.SkyLight:packages] 784fdb[OrderWindow]: order window: b033 op: 0 relative: 0
2026-05-25 19:27:23.217 E  WindowServer[619:112f] [com.apple.SkyLight:default] PKGWindowMoveOnMatchingDisplayChangedSeed failed to move window b044 owner 26d6c3 (invalid seed 99a)
2026-05-25 19:27:23.217 E  WindowServer[619:112f] [com.apple.SkyLight:default] PKGWindowMoveOnMatchingDisplayChangedSeed failed to move window b040 owner 26d6c3 (invalid seed 99a)
2026-05-25 19:27:23.217 E  WindowServer[619:112f] [com.apple.SkyLight:default] PKGWindowMoveOnMatchingDisplayChangedSeed failed to move window b053 owner 26d6c3 (invalid seed 99a)
2026-05-25 19:27:23.217 E  WindowServer[619:112f] [com.apple.SkyLight:default] PKGWindowMoveOnMatchingDisplayChangedSeed failed to move window b049 owner 26d6c3 (invalid seed 99a)
2026-05-25 19:27:23.217 I  WindowServer[619:112f] [com.apple.SkyLight:packages] 26d6c3[OrderWindow]: order window: af42 op: 0 relative: 0
2026-05-25 19:27:23.217 I  WindowServer[619:112f] [com.apple.SkyLight:packages] 26d6c3[OrderWindow]: order window: af41 op: 0 relative: 0
2026-05-25 19:27:23.217 I  WindowServer[619:112f] [com.apple.SkyLight:packages] 26d6c3[OrderWindow]: order window: af3d op: 0 relative: 0
2026-05-25 19:27:23.217 I  WindowServer[619:112f] [com.apple.SkyLight:packages] 26d6c3[OrderWindow]: order window: af38 op: 0 relative: 0
2026-05-25 19:27:23.217 I  WindowServer[619:112f] [com.apple.SkyLight:packages] 26d6c3[OrderWindow]: order window: b053 op: 0 relative: 0
2026-05-25 19:27:23.217 I  WindowServer[619:112f] [com.apple.SkyLight:packages] 26d6c3[OrderWindow]: order window: b049 op: 0 relative: 0
2026-05-25 19:27:23.217 I  WindowServer[619:112f] [com.apple.SkyLight:packages] 26d6c3[OrderWindow]: order window: b044 op: 0 relative: 0
2026-05-25 19:27:23.217 I  WindowServer[619:112f] [com.apple.SkyLight:packages] 26d6c3[OrderWindow]: order window: b040 op: 0 relative: 0
2026-05-25 19:27:23.218 E  WindowServer[619:112f] [com.apple.SkyLight:default] PKGWindowMoveOnMatchingDisplayChangedSeed failed to move window b045 owner 62623 (invalid seed 99a)
2026-05-25 19:27:23.218 E  WindowServer[619:112f] [com.apple.SkyLight:default] PKGWindowMoveOnMatchingDisplayChangedSeed failed to move window b034 owner 62623 (invalid seed 99a)
2026-05-25 19:27:23.218 E  WindowServer[619:112f] [com.apple.SkyLight:default] PKGWindowMoveOnMatchingDisplayChangedSeed failed to move window b03d owner 62623 (invalid seed 99a)
2026-05-25 19:27:23.218 E  WindowServer[619:112f] [com.apple.SkyLight:default] PKGWindowMoveOnMatchingDisplayChangedSeed failed to move window b042 owner 62623 (invalid seed 99a)
2026-05-25 19:27:23.218 I  WindowServer[619:112f] [com.apple.SkyLight:packages] 62623[OrderWindow]: order window: af55 op: 0 relative: 0
2026-05-25 19:27:23.218 I  WindowServer[619:112f] [com.apple.SkyLight:packages] 62623[OrderWindow]: order window: af54 op: 0 relative: 0
2026-05-25 19:27:23.218 I  WindowServer[619:112f] [com.apple.SkyLight:packages] 62623[OrderWindow]: order window: af53 op: 0 relative: 0
2026-05-25 19:27:23.218 I  WindowServer[619:112f] [com.apple.SkyLight:packages] 62623[OrderWindow]: order window: af49 op: 0 relative: 0
2026-05-25 19:27:23.218 I  WindowServer[619:112f] [com.apple.SkyLight:packages] 62623[OrderWindow]: order window: b045 op: 0 relative: 0
2026-05-25 19:27:23.218 I  WindowServer[619:112f] [com.apple.SkyLight:packages] 62623[OrderWindow]: order window: b042 op: 0 relative: 0
2026-05-25 19:27:23.219 I  WindowServer[619:112f] [com.apple.SkyLight:packages] 62623[OrderWindow]: order window: b03d op: 0 relative: 0
2026-05-25 19:27:23.219 I  WindowServer[619:112f] [com.apple.SkyLight:packages] 62623[OrderWindow]: order window: b034 op: 0 relative: 0
2026-05-25 19:27:23.224 E  WindowServer[619:112f] [com.apple.SkyLight:default] PKGWindowMoveOnMatchingDisplayChangedSeed failed to move window b059 owner 15b7fb (invalid seed 99a)
2026-05-25 19:27:23.224 E  WindowServer[619:112f] [com.apple.SkyLight:default] PKGWindowMoveOnMatchingDisplayChangedSeed failed to move window b052 owner 15b7fb (invalid seed 99a)
2026-05-25 19:27:23.224 E  WindowServer[619:112f] [com.apple.SkyLight:default] PKGWindowMoveOnMatchingDisplayChangedSeed failed to move window b04b owner 15b7fb (invalid seed 99a)
2026-05-25 19:27:23.224 E  WindowServer[619:112f] [com.apple.SkyLight:default] PKGWindowMoveOnMatchingDisplayChangedSeed failed to move window b048 owner 15b7fb (invalid seed 99a)
2026-05-25 19:27:23.224 I  WindowServer[619:112f] [com.apple.SkyLight:packages] 15b7fb[OrderWindow]: order window: af3f op: 0 relative: 0
2026-05-25 19:27:23.225 I  WindowServer[619:112f] [com.apple.SkyLight:packages] 15b7fb[OrderWindow]: order window: af3e op: 0 relative: 0
2026-05-25 19:27:23.225 I  WindowServer[619:112f] [com.apple.SkyLight:packages] 15b7fb[OrderWindow]: order window: af3b op: 0 relative: 0
2026-05-25 19:27:23.225 I  WindowServer[619:112f] [com.apple.SkyLight:packages] 15b7fb[OrderWindow]: order window: af39 op: 0 relative: 0
2026-05-25 19:27:23.225 I  WindowServer[619:112f] [com.apple.SkyLight:packages] 15b7fb[OrderWindow]: order window: b059 op: 0 relative: 0
2026-05-25 19:27:23.225 I  WindowServer[619:112f] [com.apple.SkyLight:packages] 15b7fb[OrderWindow]: order window: b052 op: 0 relative: 0
2026-05-25 19:27:23.225 I  WindowServer[619:112f] [com.apple.SkyLight:packages] 15b7fb[OrderWindow]: order window: b04b op: 0 relative: 0
2026-05-25 19:27:23.225 I  WindowServer[619:112f] [com.apple.SkyLight:packages] 15b7fb[OrderWindow]: order window: b048 op: 0 relative: 0
2026-05-25 19:27:23.226 I  WindowServer[619:112f] [com.apple.SkyLight:packages] 4020f[OrderWindowGroupFrontConditionally]: order window: b028 op: 1 relative: 0
2026-05-25 19:27:23.232 Df WindowServer[619:68f939] [com.apple.BackBoard:EventDelivery] new deferring rules for pid:621: [[621-6B9]; <keyboardFocus>; () -> <token: viewbridge-key-window; pid: 621>; reason: …RemoteView deferKeyboardEventsToParticularWindow:forReason:]]
2026-05-25 19:27:23.233 Df WindowServer[619:68f939] [com.apple.BackBoard:EventDelivery] [keyboardFocus 0x72acc2170] setRules:forPID(621): [[621-6B9]; <keyboardFocus>; () -> <token: viewbridge-key-window; pid: 621>; reason: -[NSRemoteView deferKeyboardEventsToParticularWindow:forReason:]]
2026-05-25 19:27:23.237 E  WindowServer[619:112f] [com.apple.SkyLight:default] PKGWindowMoveOnMatchingDisplayChangedSeed failed to move window b04c owner 26e433 (invalid seed 99a)
2026-05-25 19:27:23.237 E  WindowServer[619:112f] [com.apple.SkyLight:default] PKGWindowMoveOnMatchingDisplayChangedSeed failed to move window b050 owner 26e433 (invalid seed 99a)
2026-05-25 19:27:23.237 E  WindowServer[619:112f] [com.apple.SkyLight:default] PKGWindowMoveOnMatchingDisplayChangedSeed failed to move window b047 owner 26e433 (invalid seed 99a)
2026-05-25 19:27:23.237 E  WindowServer[619:112f] [com.apple.SkyLight:default] PKGWindowMoveOnMatchingDisplayChangedSeed failed to move window b056 owner 26e433 (invalid seed 99a)
2026-05-25 19:27:23.237 I  WindowServer[619:112f] [com.apple.SkyLight:packages] 26e433[OrderWindow]: order window: af4a op: 0 relative: 0
2026-05-25 19:27:23.237 I  WindowServer[619:112f] [com.apple.SkyLight:packages] 26e433[OrderWindow]: order window: af48 op: 0 relative: 0
2026-05-25 19:27:23.237 I  WindowServer[619:112f] [com.apple.SkyLight:packages] 26e433[OrderWindow]: order window: af47 op: 0 relative: 0
2026-05-25 19:27:23.237 I  WindowServer[619:112f] [com.apple.SkyLight:packages] 26e433[OrderWindow]: order window: af37 op: 0 relative: 0
2026-05-25 19:27:23.237 I  WindowServer[619:112f] [com.apple.SkyLight:packages] 26e433[OrderWindow]: order window: b056 op: 0 relative: 0
2026-05-25 19:27:23.237 I  WindowServer[619:112f] [com.apple.SkyLight:packages] 26e433[OrderWindow]: order window: b050 op: 0 relative: 0
2026-05-25 19:27:23.237 I  WindowServer[619:112f] [com.apple.SkyLight:packages] 26e433[OrderWindow]: order window: b04c op: 0 relative: 0
2026-05-25 19:27:23.237 I  WindowServer[619:112f] [com.apple.SkyLight:packages] 26e433[OrderWindow]: order window: b047 op: 0 relative: 0
2026-05-25 19:27:23.242 Df WindowServer[619:112f] [com.apple.coreanimation:Brightness] Display 1 commitBrightness sdr: 127.043, headroom: 1, potential headroom: 2, ambient lux: 1.6094, filtered ambient: 1.6094, brightness limit: 525, indicator brightness: nan low ambient strength: -1, high ambient strength: -1, contrast preservation: 0, contrast enhancer: -1 brightness ctl disabled -1, unlogged brightness transactions:0
2026-05-25 19:27:23.242 Df WindowServer[619:112f] [com.apple.coreanimation:Brightness] Display 1 commitBrightness sdr: 127.043, headroom: -1, potential headroom: -1, ambient lux: 1.16899, filtered ambient: 1.16899, brightness limit: -1, indicator brightness: -1 low ambient strength: -1, high ambient strength: -1, contrast preservation: -1, contrast enhancer: -1 brightness ctl disabled -1, unlogged brightness transactions:0
2026-05-25 19:27:23.242 Df WindowServer[619:112f] [com.apple.coreanimation:Brightness] Display 1 commitBrightness sdr: 127.043, headroom: 1, potential headroom: 2, ambient lux: 1.16899, filtered ambient: 1.16899, brightness limit: 525, indicator brightness: nan low ambient strength: -1, high ambient strength: -1, contrast preservation: 0, contrast enhancer: -1 brightness ctl disabled -1, unlogged brightness transactions:0
2026-05-25 19:27:23.249 Df WindowServer[619:112f] [com.apple.coreanimation:Brightness] Display 1 commitBrightness sdr: 127.043, headroom: 1, potential headroom: 2, ambient lux: 1.16899, filtered ambient: 1.16899, brightness limit: 525, indicator brightness: nan low ambient strength: -1, high ambient strength: -1, contrast preservation: 0, contrast enhancer: -1 brightness ctl disabled -1, unlogged brightness transactions:0
2026-05-25 19:27:23.250 Df WindowServer[619:112f] [com.apple.coreanimation:Brightness] Display 1 commitBrightness sdr: 127.043, headroom: 1, potential headroom: 2, ambient lux: 1.16899, filtered ambient: 1.16899, brightness limit: 525, indicator brightness: nan low ambient strength: -1, high ambient strength: -1, contrast preservation: 0, contrast enhancer: -1 brightness ctl disabled -1, unlogged brightness transactions:0
2026-05-25 19:27:23.254 Df WindowServer[619:68f939] [com.apple.BackBoard:EventDelivery] chain did update (setDeferringRules) <keyboardFocus; display: null> containsEndOfChain: YES; [
    <token: <frontmost>; pid: 619>,
    <token: loginwindow:0x0-0x1001; pid: 619>,
    <pid: 621>,
    <token: viewbridge-key-window; pid: 621>
]
2026-05-25 19:27:23.254 Df WindowServer[619:112f] [com.apple.coreanimation:Brightness] Display 1 commitBrightness sdr: 127.043, headroom: 1, potential headroom: 2, ambient lux: 1.16899, filtered ambient: 1.16899, brightness limit: 525, indicator brightness: nan low ambient strength: -1, high ambient strength: -1, contrast preservation: 0, contrast enhancer: -1 brightness ctl disabled -1, unlogged brightness transactions:0
2026-05-25 19:27:23.260 Df WindowServer[619:68f939] [com.apple.BackBoard:EventDelivery] new deferring rules for pid:621: [[621-6BA]; <keyboardFocus>; () -> <token: viewbridge-key-window; pid: 621>; reason: …RemoteView deferKeyboardEventsToParticularWindow:forReason:]]
2026-05-25 19:27:23.260 Df WindowServer[619:68f939] [com.apple.BackBoard:EventDelivery] [keyboardFocus 0x72acc2170] setRules:forPID(621): [[621-6BA]; <keyboardFocus>; () -> <token: viewbridge-key-window; pid: 621>; reason: -[NSRemoteView deferKeyboardEventsToParticularWindow:forReason:]]
2026-05-25 19:27:23.262 Df WindowServer[619:68f939] [com.apple.BackBoard:EventDelivery] chain did update (setDeferringRules) <keyboardFocus; display: null> containsEndOfChain: YES; [
    <token: <frontmost>; pid: 619>,
    <token: loginwindow:0x0-0x1001; pid: 619>,
    <pid: 621>,
    <token: viewbridge-key-window; pid: 621>
]
2026-05-25 19:27:23.262 A  WindowServer[619:68f939] (RunningBoardServices) observedProcessStatesDidChange
2026-05-25 19:27:23.262 Df WindowServer[619:68f939] [com.apple.runningboard:monitor] Received state update for 1695 (xpcservice<com.apple.WebKit.WebContent([app<application.com.apple.Safari.1110010.1110894(501)>:1412])(501)>{vt hash: 0}[uuid:F6E9D070-11FB-4B9F-A227-631755511F31]{definition:com.apple.WebKit.WebContent[standard][client]}:1695, running-active-NotVisible
2026-05-25 19:27:23.271 E  WindowServer[619:112f] [com.apple.SkyLight:default] PKGWindowMoveOnMatchingDisplayChangedSeed failed to move window b035 owner 183c4b (invalid seed 99a)
2026-05-25 19:27:23.271 E  WindowServer[619:112f] [com.apple.SkyLight:default] PKGWindowMoveOnMatchingDisplayChangedSeed failed to move window b030 owner 183c4b (invalid seed 99a)
2026-05-25 19:27:23.271 E  WindowServer[619:112f] [com.apple.SkyLight:default] PKGWindowMoveOnMatchingDisplayChangedSeed failed to move window b038 owner 183c4b (invalid seed 99a)
2026-05-25 19:27:23.271 E  WindowServer[619:112f] [com.apple.SkyLight:default] PKGWindowMoveOnMatchingDisplayChangedSeed failed to move window b036 owner 183c4b (invalid seed 99a)
2026-05-25 19:27:23.271 I  WindowServer[619:112f] [com.apple.SkyLight:packages] 183c4b[OrderWindow]: order window: af46 op: 0 relative: 0
2026-05-25 19:27:23.271 I  WindowServer[619:112f] [com.apple.SkyLight:packages] 183c4b[OrderWindow]: order window: af45 op: 0 relative: 0
2026-05-25 19:27:23.271 I  WindowServer[619:112f] [com.apple.SkyLight:packages] 183c4b[OrderWindow]: order window: af44 op: 0 relative: 0
2026-05-25 19:27:23.271 I  WindowServer[619:112f] [com.apple.SkyLight:packages] 183c4b[OrderWindow]: order window: af43 op: 0 relative: 0
2026-05-25 19:27:23.271 I  WindowServer[619:112f] [com.apple.SkyLight:packages] 183c4b[OrderWindow]: order window: b038 op: 0 relative: 0
2026-05-25 19:27:23.271 I  WindowServer[619:112f] [com.apple.SkyLight:packages] 183c4b[OrderWindow]: order window: b036 op: 0 relative: 0
2026-05-25 19:27:23.271 I  WindowServer[619:112f] [com.apple.SkyLight:packages] 183c4b[OrderWindow]: order window: b035 op: 0 relative: 0
2026-05-25 19:27:23.271 I  WindowServer[619:112f] [com.apple.SkyLight:packages] 183c4b[OrderWindow]: order window: b030 op: 0 relative: 0
2026-05-25 19:27:23.271 Df WindowServer[619:112f] [com.apple.FuseBoard:SkyBridge] <private> removing window 44869; now 15 window(s) remain.
2026-05-25 19:27:23.273 Df WindowServer[619:112f] [com.apple.FuseBoard:SkyBridge] <private> removing window 44870; now 14 window(s) remain.
2026-05-25 19:27:23.274 Df WindowServer[619:112f] [com.apple.FuseBoard:SkyBridge] <private> removing window 44867; now 13 window(s) remain.
2026-05-25 19:27:23.275 Df WindowServer[619:112f] [com.apple.FuseBoard:SkyBridge] <private> removing window 44868; now 12 window(s) remain.
2026-05-25 19:27:23.277 A  WindowServer[619:68f939] (RunningBoardServices) observedProcessStatesDidChange
2026-05-25 19:27:23.278 Df WindowServer[619:68f939] [com.apple.runningboard:monitor] Received state update for 1998 (xpcservice<com.apple.WebKit.WebContent([app<application.com.apple.Safari.1110010.1110894(501)>:1412])(501)>{vt hash: 0}[uuid:7F11A323-3325-49A3-8B05-FE65D8D84821]{definition:com.apple.WebKit.WebContent[standard][client]}:1998, running-active-NotVisible
2026-05-25 19:27:23.278 Df WindowServer[619:112f] [com.apple.FuseBoard:SkyBridge] <private> removing window 45109; now 11 window(s) remain.
2026-05-25 19:27:23.282 Df WindowServer[619:112f] [com.apple.FuseBoard:SkyBridge] <private> removing window 45104; now 10 window(s) remain.
2026-05-25 19:27:23.284 Df WindowServer[619:112f] [com.apple.coreanimation:Brightness] Display 1 commitBrightness sdr: 127.043, headroom: 1, potential headroom: 2, ambient lux: 1.16899, filtered ambient: 1.16899, brightness limit: 525, indicator brightness: nan low ambient strength: -1, high ambient strength: -1, contrast preservation: 0, contrast enhancer: -1 brightness ctl disabled -1, unlogged brightness transactions:0
2026-05-25 19:27:23.286 Df WindowServer[619:112f] [com.apple.FuseBoard:SkyBridge] <private> removing window 45110; now 9 window(s) remain.
2026-05-25 19:27:23.289 A  WindowServer[619:68f939] (RunningBoardServices) observedProcessStatesDidChange
2026-05-25 19:27:23.289 Df WindowServer[619:68f939] [com.apple.runningboard:monitor] Received state update for 1503 (app<application.com.apple.MobileSMS.1152921500311888381.1152921500311888451(501)>, running-active-NotVisible
2026-05-25 19:27:23.290 Df WindowServer[619:112f] [com.apple.FuseBoard:SkyBridge] <private> removing window 45112; now 8 window(s) remain.
2026-05-25 19:27:23.297 I  WindowServer[619:112f] [com.apple.SkyLight:packages] 4020f[OrderWindow]: window b079 joined space 1
2026-05-25 19:27:23.297 I  WindowServer[619:112f] [com.apple.SkyLight:packages] 4020f[OrderWindow]: order window: b079 op: -1 relative: 0
2026-05-25 19:27:23.298 Df WindowServer[619:112f] [com.apple.coreanimation:Brightness] Display 1 commitBrightness sdr: 127.043, headroom: 1, potential headroom: 2, ambient lux: 1.16899, filtered ambient: 1.16899, brightness limit: 525, indicator brightness: nan low ambient strength: -1, high ambient strength: -1, contrast preservation: 0, contrast enhancer: -1 brightness ctl disabled -1, unlogged brightness transactions:0
2026-05-25 19:27:23.298 A  WindowServer[619:6900d9] (RunningBoardServices) observedProcessStatesDidChange
2026-05-25 19:27:23.298 Df WindowServer[619:6900d9] [com.apple.runningboard:monitor] Received state update for 69507 (xpcservice<com.apple.WebKit.WebContent([app<application.com.apple.Safari.1110010.1110894(501)>:1412])(501)>{vt hash: 0}[uuid:277834F2-3DEF-4513-B417-56632FD4E979]{definition:com.apple.WebKit.WebContent[standard][client]}:69507, running-active-NotVisible
2026-05-25 19:27:23.314 Df WindowServer[619:112f] [com.apple.coreanimation:Brightness] Display 1 commitBrightness sdr: 127.043, headroom: 1, potential headroom: 2, ambient lux: 1.16899, filtered ambient: 1.16899, brightness limit: 525, indicator brightness: nan low ambient strength: -1, high ambient strength: -1, contrast preservation: 0, contrast enhancer: -1 brightness ctl disabled -1, unlogged brightness transactions:0
2026-05-25 19:27:23.324 A  WindowServer[619:6900d1] (RunningBoardServices) observedProcessStatesDidChange
2026-05-25 19:27:23.324 Df WindowServer[619:6900d1] [com.apple.runningboard:monitor] Received state update for 1503 (app<application.com.apple.MobileSMS.1152921500311888381.1152921500311888451(501)>, running-active-NotVisible
2026-05-25 19:27:23.331 Df WindowServer[619:112f] [com.apple.coreanimation:Brightness] Display 1 commitBrightness sdr: 127.043, headroom: 1, potential headroom: 2, ambient lux: 1.16899, filtered ambient: 1.16899, brightness limit: 525, indicator brightness: nan low ambient strength: -1, high ambient strength: -1, contrast preservation: 0, contrast enhancer: -1 brightness ctl disabled -1, unlogged brightness transactions:0
2026-05-25 19:27:23.339 I  WindowServer[619:112f] [com.apple.SkyLight:packages] 4020f[OrderWindow]: window b07a joined space 1
2026-05-25 19:27:23.339 I  WindowServer[619:112f] [com.apple.SkyLight:packages] 4020f[OrderWindow]: order window: b07a op: -1 relative: 0
2026-05-25 19:27:23.341 I  WindowServer[619:112f] [com.apple.SkyLight:packages] 4020f[TerminateWindow]: order window: b07a op: 0 relative: 0
2026-05-25 19:27:23.341 I  WindowServer[619:112f] [com.apple.SkyLight:packages] 4020f[TerminateWindow]: window b07a parted space 1
2026-05-25 19:27:23.347 Df WindowServer[619:112f] [com.apple.coreanimation:Brightness] Display 1 commitBrightness sdr: 127.043, headroom: 1, potential headroom: 2, ambient lux: 1.16899, filtered ambient: 1.16899, brightness limit: 525, indicator brightness: nan low ambient strength: -1, high ambient strength: -1, contrast preservation: 0, contrast enhancer: -1 brightness ctl disabled -1, unlogged brightness transactions:0
2026-05-25 19:27:23.364 Df WindowServer[619:112f] [com.apple.coreanimation:Brightness] Display 1 commitBrightness sdr: 127.043, headroom: 1, potential headroom: 2, ambient lux: 1.16899, filtered ambient: 1.16899, brightness limit: 525, indicator brightness: nan low ambient strength: -1, high ambient strength: -1, contrast preservation: 0, contrast enhancer: -1 brightness ctl disabled -1, unlogged brightness transactions:0
2026-05-25 19:27:23.382 Df WindowServer[619:112f] [com.apple.coreanimation:Brightness] Display 1 commitBrightness sdr: 127.043, headroom: 1, potential headroom: 2, ambient lux: 1.16899, filtered ambient: 1.16899, brightness limit: 525, indicator brightness: nan low ambient strength: -1, high ambient strength: -1, contrast preservation: 0, contrast enhancer: -1 brightness ctl disabled -1, unlogged brightness transactions:0
2026-05-25 19:27:23.404 Df WindowServer[619:112f] [com.apple.coreanimation:Brightness] Display 1 commitBrightness sdr: 127.043, headroom: 1, potential headroom: 2, ambient lux: 1.16899, filtered ambient: 1.16899, brightness limit: 525, indicator brightness: nan low ambient strength: -1, high ambient strength: -1, contrast preservation: 0, contrast enhancer: -1 brightness ctl disabled -1, unlogged brightness transactions:0
2026-05-25 19:27:23.413 Df WindowServer[619:112f] [com.apple.coreanimation:Brightness] Display 1 commitBrightness sdr: 127.043, headroom: -1, potential headroom: -1, ambient lux: 3.40843, filtered ambient: 3.40843, brightness limit: -1, indicator brightness: -1 low ambient strength: -1, high ambient strength: -1, contrast preservation: -1, contrast enhancer: -1 brightness ctl disabled -1, unlogged brightness transactions:0
2026-05-25 19:27:23.413 Df WindowServer[619:112f] [com.apple.coreanimation:Brightness] Display 1 commitBrightness sdr: 127.043, headroom: 1, potential headroom: 2, ambient lux: 3.40843, filtered ambient: 3.40843, brightness limit: 525, indicator brightness: nan low ambient strength: -1, high ambient strength: -1, contrast preservation: 0, contrast enhancer: -1 brightness ctl disabled -1, unlogged brightness transactions:0
2026-05-25 19:27:23.431 Df WindowServer[619:112f] [com.apple.coreanimation:Brightness] Display 1 commitBrightness sdr: 127.043, headroom: 1, potential headroom: 2, ambient lux: 3.40843, filtered ambient: 3.40843, brightness limit: 525, indicator brightness: nan low ambient strength: -1, high ambient strength: -1, contrast preservation: 0, contrast enhancer: -1 brightness ctl disabled -1, unlogged brightness transactions:0
2026-05-25 19:27:23.447 Df WindowServer[619:112f] [com.apple.coreanimation:Brightness] Display 1 commitBrightness sdr: 127.043, headroom: 1, potential headroom: 2, ambient lux: 3.40843, filtered ambient: 3.40843, brightness limit: 525, indicator brightness: nan low ambient strength: -1, high ambient strength: -1, contrast preservation: 0, contrast enhancer: -1 brightness ctl disabled -1, unlogged brightness transactions:0
2026-05-25 19:27:23.464 Df WindowServer[619:112f] [com.apple.coreanimation:Brightness] Display 1 commitBrightness sdr: 127.043, headroom: 1, potential headroom: 2, ambient lux: 3.40843, filtered ambient: 3.40843, brightness limit: 525, indicator brightness: nan low ambient strength: -1, high ambient strength: -1, contrast preservation: 0, contrast enhancer: -1 brightness ctl disabled -1, unlogged brightness transactions:0
2026-05-25 19:27:23.479 I  WindowServer[619:112f] [com.apple.SkyLight:packages] 4020f[SetFrontProcessWithInfo]: new foreground connection 4020f com.apple.loginwindow
2026-05-25 19:27:23.480 Df WindowServer[619:112f] [com.apple.coreanimation:Brightness] Display 1 commitBrightness sdr: 127.043, headroom: 1, potential headroom: 2, ambient lux: 3.40843, filtered ambient: 3.40843, brightness limit: 525, indicator brightness: nan low ambient strength: -1, high ambient strength: -1, contrast preservation: 0, contrast enhancer: -1 brightness ctl disabled -1, unlogged brightness transactions:0
2026-05-25 19:27:23.493 Df WindowServer[619:68f939] [com.apple.BackBoard:EventDelivery] new deferring rules for pid:621: [[621-6BB]; <keyboardFocus>; () -> <token: viewbridge-key-window; pid: 621>; reason: …RemoteView deferKeyboardEventsToParticularWindow:forReason:]]
2026-05-25 19:27:23.493 Df WindowServer[619:68f939] [com.apple.BackBoard:EventDelivery] [keyboardFocus 0x72acc2170] setRules:forPID(621): [[621-6BB]; <keyboardFocus>; () -> <token: viewbridge-key-window; pid: 621>; reason: -[NSRemoteView deferKeyboardEventsToParticularWindow:forReason:]]
2026-05-25 19:27:23.493 Df WindowServer[619:68f939] [com.apple.BackBoard:EventDelivery] chain did update (setDeferringRules) <keyboardFocus; display: null> containsEndOfChain: YES; [
    <token: <frontmost>; pid: 619>,
    <token: loginwindow:0x0-0x1001; pid: 619>,
    <pid: 621>,
    <token: viewbridge-key-window; pid: 621>
]
2026-05-25 19:27:23.498 Df WindowServer[619:112f] [com.apple.coreanimation:Brightness] Display 1 commitBrightness sdr: 127.043, headroom: 1, potential headroom: 2, ambient lux: 3.40843, filtered ambient: 3.40843, brightness limit: 525, indicator brightness: nan low ambient strength: -1, high ambient strength: -1, contrast preservation: 0, contrast enhancer: -1 brightness ctl disabled -1, unlogged brightness transactions:0
2026-05-25 19:27:23.498 E  WindowServer[619:112f] [com.apple.SkyLight:default] PKGWindowMoveOnMatchingDisplayChangedSeed failed to move window 74e7 owner 69d5b (invalid seed 99a)
2026-05-25 19:27:23.498 E  WindowServer[619:112f] [com.apple.SkyLight:default] PKGWindowMoveOnMatchingDisplayChangedSeed failed to move window 49 owner 69d5b (invalid seed 99a)
2026-05-25 19:27:23.498 E  WindowServer[619:112f] [com.apple.SkyLight:default] PKGWindowMoveOnMatchingDisplayChangedSeed failed to move window 5f owner 69d5b (invalid seed 99a)
2026-05-25 19:27:23.501 Df WindowServer[619:68f939] [com.apple.BackBoard:EventDelivery] new deferring rules for pid:621: [[621-6BC]; <keyboardFocus>; () -> <token: viewbridge-key-window; pid: 621>; reason: …RemoteView deferKeyboardEventsToParticularWindow:forReason:]]
2026-05-25 19:27:23.501 Df WindowServer[619:68f939] [com.apple.BackBoard:EventDelivery] [keyboardFocus 0x72acc2170] setRules:forPID(621): [[621-6BC]; <keyboardFocus>; () -> <token: viewbridge-key-window; pid: 621>; reason: -[NSRemoteView deferKeyboardEventsToParticularWindow:forReason:]]
2026-05-25 19:27:23.501 Df WindowServer[619:68f939] [com.apple.BackBoard:EventDelivery] chain did update (setDeferringRules) <keyboardFocus; display: null> containsEndOfChain: YES; [
    <token: <frontmost>; pid: 619>,
    <token: loginwindow:0x0-0x1001; pid: 619>,
    <pid: 621>,
    <token: viewbridge-key-window; pid: 621>
]
2026-05-25 19:27:23.514 Df WindowServer[619:112f] [com.apple.coreanimation:Brightness] Display 1 commitBrightness sdr: 127.043, headroom: 1, potential headroom: 2, ambient lux: 3.40843, filtered ambient: 3.40843, brightness limit: 525, indicator brightness: nan low ambient strength: -1, high ambient strength: -1, contrast preservation: 0, contrast enhancer: -1 brightness ctl disabled -1, unlogged brightness transactions:0
2026-05-25 19:27:23.528 Df WindowServer[619:68f939] [com.apple.BackBoard:EventDelivery] new deferring rules for pid:621: [[621-6BD]; <keyboardFocus>; () -> <token: viewbridge-key-window; pid: 621>; reason: …RemoteView deferKeyboardEventsToParticularWindow:forReason:]]
2026-05-25 19:27:23.528 Df WindowServer[619:68f939] [com.apple.BackBoard:EventDelivery] [keyboardFocus 0x72acc2170] setRules:forPID(621): [[621-6BD]; <keyboardFocus>; () -> <token: viewbridge-key-window; pid: 621>; reason: -[NSRemoteView deferKeyboardEventsToParticularWindow:forReason:]]
2026-05-25 19:27:23.528 Df WindowServer[619:68f939] [com.apple.BackBoard:EventDelivery] chain did update (setDeferringRules) <keyboardFocus; display: null> containsEndOfChain: YES; [
    <token: <frontmost>; pid: 619>,
    <token: loginwindow:0x0-0x1001; pid: 619>,
    <pid: 621>,
    <token: viewbridge-key-window; pid: 621>
]
2026-05-25 19:27:23.528 Df WindowServer[619:68f939] [com.apple.BackBoard:EventDelivery] new deferring rules for pid:621: [[621-6BE]; <keyboardFocus>; () -> <token: viewbridge-key-window; pid: 621>; reason: …RemoteView deferKeyboardEventsToParticularWindow:forReason:]]
2026-05-25 19:27:23.528 Df WindowServer[619:68f939] [com.apple.BackBoard:EventDelivery] [keyboardFocus 0x72acc2170] setRules:forPID(621): [[621-6BE]; <keyboardFocus>; () -> <token: viewbridge-key-window; pid: 621>; reason: -[NSRemoteView deferKeyboardEventsToParticularWindow:forReason:]]
2026-05-25 19:27:23.528 Df WindowServer[619:68f939] [com.apple.BackBoard:EventDelivery] chain did update (setDeferringRules) <keyboardFocus; display: null> containsEndOfChain: YES; [
    <token: <frontmost>; pid: 619>,
    <token: loginwindow:0x0-0x1001; pid: 619>,
    <pid: 621>,
    <token: viewbridge-key-window; pid: 621>
]
2026-05-25 19:27:23.530 Df WindowServer[619:112f] [com.apple.coreanimation:Brightness] Display 1 commitBrightness sdr: 127.043, headroom: 1, potential headroom: 2, ambient lux: 3.40843, filtered ambient: 3.40843, brightness limit: 525, indicator brightness: nan low ambient strength: -1, high ambient strength: -1, contrast preservation: 0, contrast enhancer: -1 brightness ctl disabled -1, unlogged brightness transactions:0
2026-05-25 19:27:23.532 E  WindowServer[619:112f] [com.apple.SkyLight:default] _CGXPackagesSetWindowConstraints: Invalid window
2026-05-25 19:27:23.547 Df WindowServer[619:112f] [com.apple.coreanimation:Brightness] Display 1 commitBrightness sdr: 127.043, headroom: 1, potential headroom: 2, ambient lux: 3.40843, filtered ambient: 3.40843, brightness limit: 525, indicator brightness: nan low ambient strength: -1, high ambient strength: -1, contrast preservation: 0, contrast enhancer: -1 brightness ctl disabled -1, unlogged brightness transactions:0
2026-05-25 19:27:23.562 E  WindowServer[619:112f] [com.apple.SkyLight:default] _CGXPackagesSetWindowConstraints: Invalid window
2026-05-25 19:27:23.562 E  WindowServer[619:112f] [com.apple.SkyLight:default] _CGXPackagesSetWindowConstraints: Invalid window
2026-05-25 19:27:23.562 E  WindowServer[619:112f] [com.apple.SkyLight:default] _CGXPackagesSetWindowConstraints: Invalid window
2026-05-25 19:27:23.562 E  WindowServer[619:112f] [com.apple.SkyLight:default] _CGXPackagesSetWindowConstraints: Invalid window
2026-05-25 19:27:23.562 E  WindowServer[619:112f] [com.apple.SkyLight:default] _CGXPackagesSetWindowConstraints: Invalid window
2026-05-25 19:27:23.562 E  WindowServer[619:112f] [com.apple.SkyLight:default] _CGXPackagesSetWindowConstraints: Invalid window
2026-05-25 19:27:23.562 E  WindowServer[619:112f] [com.apple.SkyLight:default] _CGXPackagesSetWindowConstraints: Invalid window
2026-05-25 19:27:23.562 E  WindowServer[619:112f] [com.apple.SkyLight:default] _CGXPackagesSetWindowConstraints: Invalid window
2026-05-25 19:27:23.562 E  WindowServer[619:112f] [com.apple.SkyLight:default] _CGXPackagesSetWindowConstraints: Invalid window
2026-05-25 19:27:23.562 E  WindowServer[619:112f] [com.apple.SkyLight:default] _CGXPackagesSetWindowConstraints: Invalid window
2026-05-25 19:27:23.562 E  WindowServer[619:112f] [com.apple.SkyLight:default] _CGXPackagesSetWindowConstraints: Invalid window
2026-05-25 19:27:23.563 E  WindowServer[619:112f] [com.apple.SkyLight:default] _CGXPackagesSetWindowConstraints: Invalid window
2026-05-25 19:27:23.564 Df WindowServer[619:112f] [com.apple.coreanimation:Brightness] Display 1 commitBrightness sdr: 127.043, headroom: 1, potential headroom: 2, ambient lux: 3.40843, filtered ambient: 3.40843, brightness limit: 525, indicator brightness: nan low ambient strength: -1, high ambient strength: -1, contrast preservation: 0, contrast enhancer: -1 brightness ctl disabled -1, unlogged brightness transactions:0
2026-05-25 19:27:23.580 Df WindowServer[619:112f] [com.apple.coreanimation:Brightness] Display 1 commitBrightness sdr: 127.043, headroom: 1, potential headroom: 2, ambient lux: 3.40843, filtered ambient: 3.40843, brightness limit: 525, indicator brightness: nan low ambient strength: -1, high ambient strength: -1, contrast preservation: 0, contrast enhancer: -1 brightness ctl disabled -1, unlogged brightness transactions:0
2026-05-25 19:27:23.589 E  WindowServer[619:112f] [com.apple.SkyLight:default] _CGXPackagesSetWindowConstraints: Invalid window
2026-05-25 19:27:23.597 Df WindowServer[619:112f] [com.apple.coreanimation:Brightness] Display 1 commitBrightness sdr: 127.043, headroom: 1, potential headroom: 2, ambient lux: 3.40843, filtered ambient: 3.40843, brightness limit: 525, indicator brightness: nan low ambient strength: -1, high ambient strength: -1, contrast preservation: 0, contrast enhancer: -1 brightness ctl disabled -1, unlogged brightness transactions:0
2026-05-25 19:27:23.614 Df WindowServer[619:112f] [com.apple.coreanimation:Brightness] Display 1 commitBrightness sdr: 127.043, headroom: 1, potential headroom: 2, ambient lux: 3.40843, filtered ambient: 3.40843, brightness limit: 525, indicator brightness: nan low ambient strength: -1, high ambient strength: -1, contrast preservation: 0, contrast enhancer: -1 brightness ctl disabled -1, unlogged brightness transactions:0
2026-05-25 19:27:23.631 Df WindowServer[619:112f] [com.apple.coreanimation:Brightness] Display 1 commitBrightness sdr: 127.043, headroom: 1, potential headroom: 2, ambient lux: 3.40843, filtered ambient: 3.40843, brightness limit: 525, indicator brightness: nan low ambient strength: -1, high ambient strength: -1, contrast preservation: 0, contrast enhancer: -1 brightness ctl disabled -1, unlogged brightness transactions:0
2026-05-25 19:27:23.647 Df WindowServer[619:112f] [com.apple.coreanimation:Brightness] Display 1 commitBrightness sdr: 127.043, headroom: 1, potential headroom: 2, ambient lux: 3.40843, filtered ambient: 3.40843, brightness limit: 525, indicator brightness: nan low ambient strength: -1, high ambient strength: -1, contrast preservation: 0, contrast enhancer: -1 brightness ctl disabled -1, unlogged brightness transactions:0
2026-05-25 19:27:23.663 Df WindowServer[619:112f] [com.apple.coreanimation:Brightness] Display 1 commitBrightness sdr: 127.043, headroom: 1, potential headroom: 2, ambient lux: 3.40843, filtered ambient: 3.40843, brightness limit: 525, indicator brightness: nan low ambient strength: -1, high ambient strength: -1, contrast preservation: 0, contrast enhancer: -1 brightness ctl disabled -1, unlogged brightness transactions:0
2026-05-25 19:27:23.680 Df WindowServer[619:112f] [com.apple.coreanimation:Brightness] Display 1 commitBrightness sdr: 127.043, headroom: 1, potential headroom: 2, ambient lux: 3.40843, filtered ambient: 3.40843, brightness limit: 525, indicator brightness: nan low ambient strength: -1, high ambient strength: -1, contrast preservation: 0, contrast enhancer: -1 brightness ctl disabled -1, unlogged brightness transactions:0
2026-05-25 19:27:23.697 Df WindowServer[619:112f] [com.apple.coreanimation:Brightness] Display 1 commitBrightness sdr: 127.043, headroom: 1, potential headroom: 2, ambient lux: 3.40843, filtered ambient: 3.40843, brightness limit: 525, indicator brightness: nan low ambient strength: -1, high ambient strength: -1, contrast preservation: 0, contrast enhancer: -1 brightness ctl disabled -1, unlogged brightness transactions:0
2026-05-25 19:27:23.713 Df WindowServer[619:112f] [com.apple.coreanimation:Brightness] Display 1 commitBrightness sdr: 127.043, headroom: 1, potential headroom: 2, ambient lux: 3.40843, filtered ambient: 3.40843, brightness limit: 525, indicator brightness: nan low ambient strength: -1, high ambient strength: -1, contrast preservation: 0, contrast enhancer: -1 brightness ctl disabled -1, unlogged brightness transactions:0
2026-05-25 19:27:23.729 A  WindowServer[619:68f939] (RunningBoardServices) observedProcessStatesDidChange
2026-05-25 19:27:23.729 Df WindowServer[619:68f939] [com.apple.runningboard:monitor] Received state update for 1526 (app<Unknown(1526)(501)>, running-active-NotVisible
2026-05-25 19:27:23.730 Df WindowServer[619:112f] [com.apple.coreanimation:Brightness] Display 1 commitBrightness sdr: 127.043, headroom: 1, potential headroom: 2, ambient lux: 3.40843, filtered ambient: 3.40843, brightness limit: 525, indicator brightness: nan low ambient strength: -1, high ambient strength: -1, contrast preservation: 0, contrast enhancer: -1 brightness ctl disabled -1, unlogged brightness transactions:0
2026-05-25 19:27:23.747 Df WindowServer[619:112f] [com.apple.coreanimation:Brightness] Display 1 commitBrightness sdr: 127.043, headroom: 1, potential headroom: 2, ambient lux: 3.40843, filtered ambient: 3.40843, brightness limit: 525, indicator brightness: nan low ambient strength: -1, high ambient strength: -1, contrast preservation: 0, contrast enhancer: -1 brightness ctl disabled -1, unlogged brightness transactions:0
2026-05-25 19:27:23.764 Df WindowServer[619:112f] [com.apple.coreanimation:Brightness] Display 1 commitBrightness sdr: 127.043, headroom: 1, potential headroom: 2, ambient lux: 3.40843, filtered ambient: 3.40843, brightness limit: 525, indicator brightness: nan low ambient strength: -1, high ambient strength: -1, contrast preservation: 0, contrast enhancer: -1 brightness ctl disabled -1, unlogged brightness transactions:0
2026-05-25 19:27:23.780 Df WindowServer[619:112f] [com.apple.coreanimation:Brightness] Display 1 commitBrightness sdr: 127.043, headroom: 1, potential headroom: 2, ambient lux: 3.40843, filtered ambient: 3.40843, brightness limit: 525, indicator brightness: nan low ambient strength: -1, high ambient strength: -1, contrast preservation: 0, contrast enhancer: -1 brightness ctl disabled -1, unlogged brightness transactions:0
2026-05-25 19:27:23.797 Df WindowServer[619:112f] [com.apple.coreanimation:Brightness] Display 1 commitBrightness sdr: 127.043, headroom: 1, potential headroom: 2, ambient lux: 3.40843, filtered ambient: 3.40843, brightness limit: 525, indicator brightness: nan low ambient strength: -1, high ambient strength: -1, contrast preservation: 0, contrast enhancer: -1 brightness ctl disabled -1, unlogged brightness transactions:0
2026-05-25 19:27:23.800 Df WindowServer[619:112f] [com.apple.coreanimation:Brightness] Display 1 commitBrightness sdr: 127.043, headroom: -1, potential headroom: -1, ambient lux: 5.66653, filtered ambient: 5.66653, brightness limit: -1, indicator brightness: -1 low ambient strength: -1, high ambient strength: -1, contrast preservation: -1, contrast enhancer: -1 brightness ctl disabled -1, unlogged brightness transactions:0
2026-05-25 19:27:23.813 Df WindowServer[619:112f] [com.apple.coreanimation:Brightness] Display 1 commitBrightness sdr: 127.043, headroom: 1, potential headroom: 2, ambient lux: 5.66653, filtered ambient: 5.66653, brightness limit: 525, indicator brightness: nan low ambient strength: -1, high ambient strength: -1, contrast preservation: 0, contrast enhancer: -1 brightness ctl disabled -1, unlogged brightness transactions:0
2026-05-25 19:27:23.839 Df WindowServer[619:112f] [com.apple.coreanimation:Brightness] Display 1 commitBrightness sdr: 127.043, headroom: 1, potential headroom: 2, ambient lux: 5.66653, filtered ambient: 5.66653, brightness limit: 525, indicator brightness: nan low ambient strength: -1, high ambient strength: -1, contrast preservation: 0, contrast enhancer: -1 brightness ctl disabled -1, unlogged brightness transactions:0
2026-05-25 19:27:23.847 Df WindowServer[619:112f] [com.apple.coreanimation:Brightness] Display 1 commitBrightness sdr: 127.043, headroom: 1, potential headroom: 2, ambient lux: 5.66653, filtered ambient: 5.66653, brightness limit: 525, indicator brightness: nan low ambient strength: -1, high ambient strength: -1, contrast preservation: 0, contrast enhancer: -1 brightness ctl disabled -1, unlogged brightness transactions:0
2026-05-25 19:27:23.863 Df WindowServer[619:112f] [com.apple.coreanimation:Brightness] Display 1 commitBrightness sdr: 127.043, headroom: 1, potential headroom: 2, ambient lux: 5.66653, filtered ambient: 5.66653, brightness limit: 525, indicator brightness: nan low ambient strength: -1, high ambient strength: -1, contrast preservation: 0, contrast enhancer: -1 brightness ctl disabled -1, unlogged brightness transactions:0
2026-05-25 19:27:23.880 Df WindowServer[619:112f] [com.apple.coreanimation:Brightness] Display 1 commitBrightness sdr: 127.043, headroom: 1, potential headroom: 2, ambient lux: 5.66653, filtered ambient: 5.66653, brightness limit: 525, indicator brightness: nan low ambient strength: -1, high ambient strength: -1, contrast preservation: 0, contrast enhancer: -1 brightness ctl disabled -1, unlogged brightness transactions:0
2026-05-25 19:27:23.897 Df WindowServer[619:112f] [com.apple.coreanimation:Brightness] Display 1 commitBrightness sdr: 127.043, headroom: 1, potential headroom: 2, ambient lux: 5.66653, filtered ambient: 5.66653, brightness limit: 525, indicator brightness: nan low ambient strength: -1, high ambient strength: -1, contrast preservation: 0, contrast enhancer: -1 brightness ctl disabled -1, unlogged brightness transactions:0
2026-05-25 19:27:23.913 Df WindowServer[619:112f] [com.apple.coreanimation:Brightness] Display 1 commitBrightness sdr: 127.043, headroom: 1, potential headroom: 2, ambient lux: 5.66653, filtered ambient: 5.66653, brightness limit: 525, indicator brightness: nan low ambient strength: -1, high ambient strength: -1, contrast preservation: 0, contrast enhancer: -1 brightness ctl disabled -1, unlogged brightness transactions:0
2026-05-25 19:27:23.930 Df WindowServer[619:112f] [com.apple.coreanimation:Brightness] Display 1 commitBrightness sdr: 127.043, headroom: 1, potential headroom: 2, ambient lux: 5.66653, filtered ambient: 5.66653, brightness limit: 525, indicator brightness: nan low ambient strength: -1, high ambient strength: -1, contrast preservation: 0, contrast enhancer: -1 brightness ctl disabled -1, unlogged brightness transactions:0
2026-05-25 19:27:23.947 Df WindowServer[619:112f] [com.apple.coreanimation:Brightness] Display 1 commitBrightness sdr: 127.043, headroom: 1, potential headroom: 2, ambient lux: 5.66653, filtered ambient: 5.66653, brightness limit: 525, indicator brightness: nan low ambient strength: -1, high ambient strength: -1, contrast preservation: 0, contrast enhancer: -1 brightness ctl disabled -1, unlogged brightness transactions:0
2026-05-25 19:27:23.964 Df WindowServer[619:112f] [com.apple.coreanimation:Brightness] Display 1 commitBrightness sdr: 127.043, headroom: 1, potential headroom: 2, ambient lux: 5.66653, filtered ambient: 5.66653, brightness limit: 525, indicator brightness: nan low ambient strength: -1, high ambient strength: -1, contrast preservation: 0, contrast enhancer: -1 brightness ctl disabled -1, unlogged brightness transactions:0
2026-05-25 19:27:23.980 Df WindowServer[619:112f] [com.apple.coreanimation:Brightness] Display 1 commitBrightness sdr: 127.043, headroom: 1, potential headroom: 2, ambient lux: 5.66653, filtered ambient: 5.66653, brightness limit: 525, indicator brightness: nan low ambient strength: -1, high ambient strength: -1, contrast preservation: 0, contrast enhancer: -1 brightness ctl disabled -1, unlogged brightness transactions:0
2026-05-25 19:27:23.997 Df WindowServer[619:112f] [com.apple.coreanimation:Brightness] Display 1 commitBrightness sdr: 127.043, headroom: 1, potential headroom: 2, ambient lux: 5.66653, filtered ambient: 5.66653, brightness limit: 525, indicator brightness: nan low ambient strength: -1, high ambient strength: -1, contrast preservation: 0, contrast enhancer: -1 brightness ctl disabled -1, unlogged brightness transactions:0
2026-05-25 19:27:24.013 Df WindowServer[619:112f] [com.apple.coreanimation:Brightness] Display 1 commitBrightness sdr: 127.043, headroom: 1, potential headroom: 2, ambient lux: 5.66653, filtered ambient: 5.66653, brightness limit: 525, indicator brightness: nan low ambient strength: -1, high ambient strength: -1, contrast preservation: 0, contrast enhancer: -1 brightness ctl disabled -1, unlogged brightness transactions:0
2026-05-25 19:27:24.030 Df WindowServer[619:112f] [com.apple.coreanimation:Brightness] Display 1 commitBrightness sdr: 127.043, headroom: 1, potential headroom: 2, ambient lux: 5.66653, filtered ambient: 5.66653, brightness limit: 525, indicator brightness: nan low ambient strength: -1, high ambient strength: -1, contrast preservation: 0, contrast enhancer: -1 brightness ctl disabled -1, unlogged brightness transactions:0
2026-05-25 19:27:24.047 Df WindowServer[619:112f] [com.apple.coreanimation:Brightness] Display 1 commitBrightness sdr: 127.043, headroom: 1, potential headroom: 2, ambient lux: 5.66653, filtered ambient: 5.66653, brightness limit: 525, indicator brightness: nan low ambient strength: -1, high ambient strength: -1, contrast preservation: 0, contrast enhancer: -1 brightness ctl disabled -1, unlogged brightness transactions:0
2026-05-25 19:27:24.063 Df WindowServer[619:112f] [com.apple.coreanimation:Brightness] Display 1 commitBrightness sdr: 127.043, headroom: 1, potential headroom: 2, ambient lux: 5.66653, filtered ambient: 5.66653, brightness limit: 525, indicator brightness: nan low ambient strength: -1, high ambient strength: -1, contrast preservation: 0, contrast enhancer: -1 brightness ctl disabled -1, unlogged brightness transactions:0
2026-05-25 19:27:24.080 Df WindowServer[619:112f] [com.apple.coreanimation:Brightness] Display 1 commitBrightness sdr: 127.043, headroom: 1, potential headroom: 2, ambient lux: 5.66653, filtered ambient: 5.66653, brightness limit: 525, indicator brightness: nan low ambient strength: -1, high ambient strength: -1, contrast preservation: 0, contrast enhancer: -1 brightness ctl disabled -1, unlogged brightness transactions:0
2026-05-25 19:27:24.097 Df WindowServer[619:112f] [com.apple.coreanimation:Brightness] Display 1 commitBrightness sdr: 127.043, headroom: 1, potential headroom: 2, ambient lux: 5.66653, filtered ambient: 5.66653, brightness limit: 525, indicator brightness: nan low ambient strength: -1, high ambient strength: -1, contrast preservation: 0, contrast enhancer: -1 brightness ctl disabled -1, unlogged brightness transactions:0
2026-05-25 19:27:24.113 Df WindowServer[619:112f] [com.apple.coreanimation:Brightness] Display 1 commitBrightness sdr: 127.043, headroom: 1, potential headroom: 2, ambient lux: 5.66653, filtered ambient: 5.66653, brightness limit: 525, indicator brightness: nan low ambient strength: -1, high ambient strength: -1, contrast preservation: 0, contrast enhancer: -1 brightness ctl disabled -1, unlogged brightness transactions:0
2026-05-25 19:27:24.130 Df WindowServer[619:112f] [com.apple.coreanimation:Brightness] Display 1 commitBrightness sdr: 127.043, headroom: 1, potential headroom: 2, ambient lux: 5.66653, filtered ambient: 5.66653, brightness limit: 525, indicator brightness: nan low ambient strength: -1, high ambient strength: -1, contrast preservation: 0, contrast enhancer: -1 brightness ctl disabled -1, unlogged brightness transactions:0
2026-05-25 19:27:24.147 Df WindowServer[619:112f] [com.apple.coreanimation:Brightness] Display 1 commitBrightness sdr: 127.043, headroom: 1, potential headroom: 2, ambient lux: 5.66653, filtered ambient: 5.66653, brightness limit: 525, indicator brightness: nan low ambient strength: -1, high ambient strength: -1, contrast preservation: 0, contrast enhancer: -1 brightness ctl disabled -1, unlogged brightness transactions:0
2026-05-25 19:27:24.163 Df WindowServer[619:112f] [com.apple.coreanimation:Brightness] Display 1 commitBrightness sdr: 127.043, headroom: 1, potential headroom: 2, ambient lux: 5.66653, filtered ambient: 5.66653, brightness limit: 525, indicator brightness: nan low ambient strength: -1, high ambient strength: -1, contrast preservation: 0, contrast enhancer: -1 brightness ctl disabled -1, unlogged brightness transactions:0
2026-05-25 19:27:24.180 Df WindowServer[619:112f] [com.apple.coreanimation:Brightness] Display 1 commitBrightness sdr: 127.043, headroom: 1, potential headroom: 2, ambient lux: 5.66653, filtered ambient: 5.66653, brightness limit: 525, indicator brightness: nan low ambient strength: -1, high ambient strength: -1, contrast preservation: 0, contrast enhancer: -1 brightness ctl disabled -1, unlogged brightness transactions:0
2026-05-25 19:27:24.197 Df WindowServer[619:112f] [com.apple.coreanimation:Brightness] Display 1 commitBrightness sdr: 127.043, headroom: 1, potential headroom: 2, ambient lux: 5.66653, filtered ambient: 5.66653, brightness limit: 525, indicator brightness: nan low ambient strength: -1, high ambient strength: -1, contrast preservation: 0, contrast enhancer: -1 brightness ctl disabled -1, unlogged brightness transactions:0
2026-05-25 19:27:24.213 Df WindowServer[619:112f] [com.apple.coreanimation:Brightness] Display 1 commitBrightness sdr: 127.043, headroom: 1, potential headroom: 2, ambient lux: 5.66653, filtered ambient: 5.66653, brightness limit: 525, indicator brightness: nan low ambient strength: -1, high ambient strength: -1, contrast preservation: 0, contrast enhancer: -1 brightness ctl disabled -1, unlogged brightness transactions:0
2026-05-25 19:27:24.230 Df WindowServer[619:112f] [com.apple.coreanimation:Brightness] Display 1 commitBrightness sdr: 127.043, headroom: 1, potential headroom: 2, ambient lux: 5.66653, filtered ambient: 5.66653, brightness limit: 525, indicator brightness: nan low ambient strength: -1, high ambient strength: -1, contrast preservation: 0, contrast enhancer: -1 brightness ctl disabled -1, unlogged brightness transactions:0
2026-05-25 19:27:24.247 Df WindowServer[619:112f] [com.apple.coreanimation:Brightness] Display 1 commitBrightness sdr: 127.043, headroom: 1, potential headroom: 2, ambient lux: 5.66653, filtered ambient: 5.66653, brightness limit: 525, indicator brightness: nan low ambient strength: -1, high ambient strength: -1, contrast preservation: 0, contrast enhancer: -1 brightness ctl disabled -1, unlogged brightness transactions:0
2026-05-25 19:27:24.263 Df WindowServer[619:112f] [com.apple.coreanimation:Brightness] Display 1 commitBrightness sdr: 127.043, headroom: 1, potential headroom: 2, ambient lux: 5.66653, filtered ambient: 5.66653, brightness limit: 525, indicator brightness: nan low ambient strength: -1, high ambient strength: -1, contrast preservation: 0, contrast enhancer: -1 brightness ctl disabled -1, unlogged brightness transactions:0
2026-05-25 19:27:24.280 Df WindowServer[619:112f] [com.apple.coreanimation:Brightness] Display 1 commitBrightness sdr: 127.043, headroom: 1, potential headroom: 2, ambient lux: 5.66653, filtered ambient: 5.66653, brightness limit: 525, indicator brightness: nan low ambient strength: -1, high ambient strength: -1, contrast preservation: 0, contrast enhancer: -1 brightness ctl disabled -1, unlogged brightness transactions:0
2026-05-25 19:27:24.297 Df WindowServer[619:112f] [com.apple.coreanimation:Brightness] Display 1 commitBrightness sdr: 127.043, headroom: 1, potential headroom: 2, ambient lux: 5.66653, filtered ambient: 5.66653, brightness limit: 525, indicator brightness: nan low ambient strength: -1, high ambient strength: -1, contrast preservation: 0, contrast enhancer: -1 brightness ctl disabled -1, unlogged brightness transactions:0
2026-05-25 19:27:24.313 Df WindowServer[619:112f] [com.apple.coreanimation:Brightness] Display 1 commitBrightness sdr: 127.043, headroom: 1, potential headroom: 2, ambient lux: 5.66653, filtered ambient: 5.66653, brightness limit: 525, indicator brightness: nan low ambient strength: -1, high ambient strength: -1, contrast preservation: 0, contrast enhancer: -1 brightness ctl disabled -1, unlogged brightness transactions:0
2026-05-25 19:27:24.330 Df WindowServer[619:112f] [com.apple.coreanimation:Brightness] Display 1 commitBrightness sdr: 127.043, headroom: 1, potential headroom: 2, ambient lux: 5.66653, filtered ambient: 5.66653, brightness limit: 525, indicator brightness: nan low ambient strength: -1, high ambient strength: -1, contrast preservation: 0, contrast enhancer: -1 brightness ctl disabled -1, unlogged brightness transactions:0
2026-05-25 19:27:24.349 Df WindowServer[619:112f] [com.apple.coreanimation:Brightness] Display 1 commitBrightness sdr: 127.043, headroom: 1, potential headroom: 2, ambient lux: 5.66653, filtered ambient: 5.66653, brightness limit: 525, indicator brightness: nan low ambient strength: -1, high ambient strength: -1, contrast preservation: 0, contrast enhancer: -1 brightness ctl disabled -1, unlogged brightness transactions:0
2026-05-25 19:27:24.353 A  WindowServer[619:68f939] (RunningBoardServices) observedProcessStatesDidChange
2026-05-25 19:27:24.353 Df WindowServer[619:68f939] [com.apple.runningboard:monitor] Received state update for 69507 (xpcservice<com.apple.WebKit.WebContent([app<application.com.apple.Safari.1110010.1110894(501)>:1412])(501)>{vt hash: 0}[uuid:277834F2-3DEF-4513-B417-56632FD4E979]{definition:com.apple.WebKit.WebContent[standard][client]}:69507, running-active-NotVisible
2026-05-25 19:27:24.353 A  WindowServer[619:6900d1] (RunningBoardServices) observedProcessStatesDidChange
2026-05-25 19:27:24.353 Df WindowServer[619:6900d1] [com.apple.runningboard:monitor] Received state update for 1998 (xpcservice<com.apple.WebKit.WebContent([app<application.com.apple.Safari.1110010.1110894(501)>:1412])(501)>{vt hash: 0}[uuid:7F11A323-3325-49A3-8B05-FE65D8D84821]{definition:com.apple.WebKit.WebContent[standard][client]}:1998, running-active-NotVisible
2026-05-25 19:27:24.363 Df WindowServer[619:112f] [com.apple.coreanimation:Brightness] Display 1 commitBrightness sdr: 127.043, headroom: 1, potential headroom: 2, ambient lux: 5.66653, filtered ambient: 5.66653, brightness limit: 525, indicator brightness: nan low ambient strength: -1, high ambient strength: -1, contrast preservation: 0, contrast enhancer: -1 brightness ctl disabled -1, unlogged brightness transactions:0
2026-05-25 19:27:24.380 Df WindowServer[619:112f] [com.apple.coreanimation:Brightness] Display 1 commitBrightness sdr: 127.043, headroom: 1, potential headroom: 2, ambient lux: 5.66653, filtered ambient: 5.66653, brightness limit: 525, indicator brightness: nan low ambient strength: -1, high ambient strength: -1, contrast preservation: 0, contrast enhancer: -1 brightness ctl disabled -1, unlogged brightness transactions:0
2026-05-25 19:27:24.397 Df WindowServer[619:112f] [com.apple.coreanimation:Brightness] Display 1 commitBrightness sdr: 127.043, headroom: 1, potential headroom: 2, ambient lux: 5.66653, filtered ambient: 5.66653, brightness limit: 525, indicator brightness: nan low ambient strength: -1, high ambient strength: -1, contrast preservation: 0, contrast enhancer: -1 brightness ctl disabled -1, unlogged brightness transactions:0
2026-05-25 19:27:24.414 Df WindowServer[619:112f] [com.apple.coreanimation:Brightness] Display 1 commitBrightness sdr: 127.043, headroom: 1, potential headroom: 2, ambient lux: 5.66653, filtered ambient: 5.66653, brightness limit: 525, indicator brightness: nan low ambient strength: -1, high ambient strength: -1, contrast preservation: 0, contrast enhancer: -1 brightness ctl disabled -1, unlogged brightness transactions:0
2026-05-25 19:27:24.430 Df WindowServer[619:112f] [com.apple.coreanimation:Brightness] Display 1 commitBrightness sdr: 127.043, headroom: 1, potential headroom: 2, ambient lux: 5.66653, filtered ambient: 5.66653, brightness limit: 525, indicator brightness: nan low ambient strength: -1, high ambient strength: -1, contrast preservation: 0, contrast enhancer: -1 brightness ctl disabled -1, unlogged brightness transactions:0
2026-05-25 19:27:24.440 I  WindowServer[619:112f] [com.apple.SkyLight:packages] 0[outside of RPC]: location status 1
2026-05-25 19:27:24.447 Df WindowServer[619:112f] [com.apple.coreanimation:Brightness] Display 1 commitBrightness sdr: 127.043, headroom: 1, potential headroom: 2, ambient lux: 5.66653, filtered ambient: 5.66653, brightness limit: 525, indicator brightness: nan low ambient strength: -1, high ambient strength: -1, contrast preservation: 0, contrast enhancer: -1 brightness ctl disabled -1, unlogged brightness transactions:0
2026-05-25 19:27:24.464 Df WindowServer[619:112f] [com.apple.coreanimation:Brightness] Display 1 commitBrightness sdr: 127.043, headroom: 1, potential headroom: 2, ambient lux: 5.66653, filtered ambient: 5.66653, brightness limit: 525, indicator brightness: nan low ambient strength: -1, high ambient strength: -1, contrast preservation: 0, contrast enhancer: -1 brightness ctl disabled -1, unlogged brightness transactions:0
2026-05-25 19:27:24.480 Df WindowServer[619:112f] [com.apple.coreanimation:Brightness] Display 1 commitBrightness sdr: 127.043, headroom: 1, potential headroom: 2, ambient lux: 5.66653, filtered ambient: 5.66653, brightness limit: 525, indicator brightness: nan low ambient strength: -1, high ambient strength: -1, contrast preservation: 0, contrast enhancer: -1 brightness ctl disabled -1, unlogged brightness transactions:0
2026-05-25 19:27:24.493 E  WindowServer[619:112f] [com.apple.SkyLight:default] _CGXPackagesSetWindowConstraints: Invalid window
2026-05-25 19:27:24.497 Df WindowServer[619:112f] [com.apple.coreanimation:Brightness] Display 1 commitBrightness sdr: 127.043, headroom: 1, potential headroom: 2, ambient lux: 5.66653, filtered ambient: 5.66653, brightness limit: 525, indicator brightness: nan low ambient strength: -1, high ambient strength: -1, contrast preservation: 0, contrast enhancer: -1 brightness ctl disabled -1, unlogged brightness transactions:0
2026-05-25 19:27:24.513 Df WindowServer[619:112f] [com.apple.coreanimation:Brightness] Display 1 commitBrightness sdr: 127.043, headroom: 1, potential headroom: 2, ambient lux: 5.66653, filtered ambient: 5.66653, brightness limit: 525, indicator brightness: nan low ambient strength: -1, high ambient strength: -1, contrast preservation: 0, contrast enhancer: -1 brightness ctl disabled -1, unlogged brightness transactions:0
2026-05-25 19:27:24.515 A  WindowServer[619:6900d9] (RunningBoardServices) observedProcessStatesDidChange
2026-05-25 19:27:24.515 Df WindowServer[619:6900d9] [com.apple.runningboard:monitor] Received state update for 70452 (xpcservice<com.apple.weather.widget([osservice<com.apple.chronod(501)>:1101])(501)>{vt hash: 80458965}[uuid:7BF1A0C9-B885-42B2-BDF2-2421254E35F6]{definition:com.apple.weather.widget[extension][client]}, running-active-NotVisible
2026-05-25 19:27:24.530 Df WindowServer[619:112f] [com.apple.coreanimation:Brightness] Display 1 commitBrightness sdr: 127.043, headroom: 1, potential headroom: 2, ambient lux: 5.66653, filtered ambient: 5.66653, brightness limit: 525, indicator brightness: nan low ambient strength: -1, high ambient strength: -1, contrast preservation: 0, contrast enhancer: -1 brightness ctl disabled -1, unlogged brightness transactions:0
2026-05-25 19:27:24.546 E  WindowServer[619:112f] [com.apple.SkyLight:default] _CGXPackagesSetWindowConstraints: Invalid window
2026-05-25 19:27:24.546 E  WindowServer[619:112f] [com.apple.SkyLight:default] _CGXPackagesSetWindowConstraints: Invalid window
2026-05-25 19:27:24.547 Df WindowServer[619:112f] [com.apple.coreanimation:Brightness] Display 1 commitBrightness sdr: 127.043, headroom: 1, potential headroom: 2, ambient lux: 5.66653, filtered ambient: 5.66653, brightness limit: 525, indicator brightness: nan low ambient strength: -1, high ambient strength: -1, contrast preservation: 0, contrast enhancer: -1 brightness ctl disabled -1, unlogged brightness transactions:0
2026-05-25 19:27:24.563 Df WindowServer[619:112f] [com.apple.coreanimation:Brightness] Display 1 commitBrightness sdr: 127.043, headroom: 1, potential headroom: 2, ambient lux: 5.66653, filtered ambient: 5.66653, brightness limit: 525, indicator brightness: nan low ambient strength: -1, high ambient strength: -1, contrast preservation: 0, contrast enhancer: -1 brightness ctl disabled -1, unlogged brightness transactions:0
2026-05-25 19:27:24.580 Df WindowServer[619:112f] [com.apple.coreanimation:Brightness] Display 1 commitBrightness sdr: 127.043, headroom: 1, potential headroom: 2, ambient lux: 5.66653, filtered ambient: 5.66653, brightness limit: 525, indicator brightness: nan low ambient strength: -1, high ambient strength: -1, contrast preservation: 0, contrast enhancer: -1 brightness ctl disabled -1, unlogged brightness transactions:0
2026-05-25 19:27:24.597 Df WindowServer[619:112f] [com.apple.coreanimation:Brightness] Display 1 commitBrightness sdr: 127.043, headroom: 1, potential headroom: 2, ambient lux: 5.66653, filtered ambient: 5.66653, brightness limit: 525, indicator brightness: nan low ambient strength: -1, high ambient strength: -1, contrast preservation: 0, contrast enhancer: -1 brightness ctl disabled -1, unlogged brightness transactions:0
2026-05-25 19:27:24.613 Df WindowServer[619:112f] [com.apple.coreanimation:Brightness] Display 1 commitBrightness sdr: 127.043, headroom: 1, potential headroom: 2, ambient lux: 5.66653, filtered ambient: 5.66653, brightness limit: 525, indicator brightness: nan low ambient strength: -1, high ambient strength: -1, contrast preservation: 0, contrast enhancer: -1 brightness ctl disabled -1, unlogged brightness transactions:0
2026-05-25 19:27:24.630 Df WindowServer[619:112f] [com.apple.coreanimation:Brightness] Display 1 commitBrightness sdr: 127.043, headroom: 1, potential headroom: 2, ambient lux: 5.66653, filtered ambient: 5.66653, brightness limit: 525, indicator brightness: nan low ambient strength: -1, high ambient strength: -1, contrast preservation: 0, contrast enhancer: -1 brightness ctl disabled -1, unlogged brightness transactions:0
2026-05-25 19:27:24.647 Df WindowServer[619:112f] [com.apple.coreanimation:Brightness] Display 1 commitBrightness sdr: 127.043, headroom: 1, potential headroom: 2, ambient lux: 5.66653, filtered ambient: 5.66653, brightness limit: 525, indicator brightness: nan low ambient strength: -1, high ambient strength: -1, contrast preservation: 0, contrast enhancer: -1 brightness ctl disabled -1, unlogged brightness transactions:0
2026-05-25 19:27:24.663 Df WindowServer[619:112f] [com.apple.coreanimation:Brightness] Display 1 commitBrightness sdr: 127.043, headroom: 1, potential headroom: 2, ambient lux: 5.66653, filtered ambient: 5.66653, brightness limit: 525, indicator brightness: nan low ambient strength: -1, high ambient strength: -1, contrast preservation: 0, contrast enhancer: -1 brightness ctl disabled -1, unlogged brightness transactions:0
2026-05-25 19:27:24.680 Df WindowServer[619:112f] [com.apple.coreanimation:Brightness] Display 1 commitBrightness sdr: 127.043, headroom: 1, potential headroom: 2, ambient lux: 5.66653, filtered ambient: 5.66653, brightness limit: 525, indicator brightness: nan low ambient strength: -1, high ambient strength: -1, contrast preservation: 0, contrast enhancer: -1 brightness ctl disabled -1, unlogged brightness transactions:0
2026-05-25 19:27:24.697 Df WindowServer[619:112f] [com.apple.coreanimation:Brightness] Display 1 commitBrightness sdr: 127.043, headroom: 1, potential headroom: 2, ambient lux: 5.66653, filtered ambient: 5.66653, brightness limit: 525, indicator brightness: nan low ambient strength: -1, high ambient strength: -1, contrast preservation: 0, contrast enhancer: -1 brightness ctl disabled -1, unlogged brightness transactions:0
2026-05-25 19:27:24.713 Df WindowServer[619:112f] [com.apple.coreanimation:Brightness] Display 1 commitBrightness sdr: 127.043, headroom: 1, potential headroom: 2, ambient lux: 5.66653, filtered ambient: 5.66653, brightness limit: 525, indicator brightness: nan low ambient strength: -1, high ambient strength: -1, contrast preservation: 0, contrast enhancer: -1 brightness ctl disabled -1, unlogged brightness transactions:0
2026-05-25 19:27:24.730 Df WindowServer[619:112f] [com.apple.coreanimation:Brightness] Display 1 commitBrightness sdr: 127.043, headroom: 1, potential headroom: 2, ambient lux: 5.66653, filtered ambient: 5.66653, brightness limit: 525, indicator brightness: nan low ambient strength: -1, high ambient strength: -1, contrast preservation: 0, contrast enhancer: -1 brightness ctl disabled -1, unlogged brightness transactions:0
2026-05-25 19:27:24.747 Df WindowServer[619:112f] [com.apple.coreanimation:Brightness] Display 1 commitBrightness sdr: 127.043, headroom: 1, potential headroom: 2, ambient lux: 5.66653, filtered ambient: 5.66653, brightness limit: 525, indicator brightness: nan low ambient strength: -1, high ambient strength: -1, contrast preservation: 0, contrast enhancer: -1 brightness ctl disabled -1, unlogged brightness transactions:0
2026-05-25 19:27:24.763 Df WindowServer[619:112f] [com.apple.coreanimation:Brightness] Display 1 commitBrightness sdr: 127.043, headroom: 1, potential headroom: 2, ambient lux: 5.66653, filtered ambient: 5.66653, brightness limit: 525, indicator brightness: nan low ambient strength: -1, high ambient strength: -1, contrast preservation: 0, contrast enhancer: -1 brightness ctl disabled -1, unlogged brightness transactions:0
2026-05-25 19:27:24.780 Df WindowServer[619:112f] [com.apple.coreanimation:Brightness] Display 1 commitBrightness sdr: 127.043, headroom: 1, potential headroom: 2, ambient lux: 5.66653, filtered ambient: 5.66653, brightness limit: 525, indicator brightness: nan low ambient strength: -1, high ambient strength: -1, contrast preservation: 0, contrast enhancer: -1 brightness ctl disabled -1, unlogged brightness transactions:0
2026-05-25 19:27:24.798 Df WindowServer[619:112f] [com.apple.coreanimation:Brightness] Display 1 commitBrightness sdr: 127.043, headroom: 1, potential headroom: 2, ambient lux: 5.66653, filtered ambient: 5.66653, brightness limit: 525, indicator brightness: nan low ambient strength: -1, high ambient strength: -1, contrast preservation: 0, contrast enhancer: -1 brightness ctl disabled -1, unlogged brightness transactions:0
2026-05-25 19:27:24.812 Df WindowServer[619:6900d1] [com.apple.BackBoard:EventDelivery] new deferring rules for pid:621: [[621-6BF]; <keyboardFocus>; () -> <token: viewbridge-key-window; pid: 621>; reason: …RemoteView deferKeyboardEventsToParticularWindow:forReason:]]
2026-05-25 19:27:24.812 Df WindowServer[619:6900d1] [com.apple.BackBoard:EventDelivery] [keyboardFocus 0x72acc2170] setRules:forPID(621): [[621-6BF]; <keyboardFocus>; () -> <token: viewbridge-key-window; pid: 621>; reason: -[NSRemoteView deferKeyboardEventsToParticularWindow:forReason:]]
2026-05-25 19:27:24.812 Df WindowServer[619:6900d1] [com.apple.BackBoard:EventDelivery] chain did update (setDeferringRules) <keyboardFocus; display: null> containsEndOfChain: YES; [
    <token: <frontmost>; pid: 619>,
    <token: loginwindow:0x0-0x1001; pid: 619>,
    <pid: 621>,
    <token: viewbridge-key-window; pid: 621>
]
2026-05-25 19:27:24.812 Df WindowServer[619:6900d1] [com.apple.BackBoard:EventDelivery] new deferring rules for pid:621: [[621-6C0]; <keyboardFocus>; () -> <token: viewbridge-key-window; pid: 621>; reason: …RemoteView deferKeyboardEventsToParticularWindow:forReason:]]
2026-05-25 19:27:24.812 Df WindowServer[619:6900d1] [com.apple.BackBoard:EventDelivery] [keyboardFocus 0x72acc2170] setRules:forPID(621): [[621-6C0]; <keyboardFocus>; () -> <token: viewbridge-key-window; pid: 621>; reason: -[NSRemoteView deferKeyboardEventsToParticularWindow:forReason:]]
2026-05-25 19:27:24.813 Df WindowServer[619:6900d1] [com.apple.BackBoard:EventDelivery] chain did update (setDeferringRules) <keyboardFocus; display: null> containsEndOfChain: YES; [
    <token: <frontmost>; pid: 619>,
    <token: loginwindow:0x0-0x1001; pid: 619>,
    <pid: 621>,
    <token: viewbridge-key-window; pid: 621>
]
2026-05-25 19:27:24.813 Df WindowServer[619:112f] [com.apple.coreanimation:Brightness] Display 1 commitBrightness sdr: 127.043, headroom: 1, potential headroom: 2, ambient lux: 5.66653, filtered ambient: 5.66653, brightness limit: 525, indicator brightness: nan low ambient strength: -1, high ambient strength: -1, contrast preservation: 0, contrast enhancer: -1 brightness ctl disabled -1, unlogged brightness transactions:0
2026-05-25 19:27:24.830 Df WindowServer[619:112f] [com.apple.coreanimation:Brightness] Display 1 commitBrightness sdr: 127.043, headroom: 1, potential headroom: 2, ambient lux: 5.66653, filtered ambient: 5.66653, brightness limit: 525, indicator brightness: nan low ambient strength: -1, high ambient strength: -1, contrast preservation: 0, contrast enhancer: -1 brightness ctl disabled -1, unlogged brightness transactions:0
2026-05-25 19:27:24.847 Df WindowServer[619:112f] [com.apple.coreanimation:Brightness] Display 1 commitBrightness sdr: 127.043, headroom: 1, potential headroom: 2, ambient lux: 5.66653, filtered ambient: 5.66653, brightness limit: 525, indicator brightness: nan low ambient strength: -1, high ambient strength: -1, contrast preservation: 0, contrast enhancer: -1 brightness ctl disabled -1, unlogged brightness transactions:0
2026-05-25 19:27:24.863 Df WindowServer[619:112f] [com.apple.coreanimation:Brightness] Display 1 commitBrightness sdr: 127.043, headroom: 1, potential headroom: 2, ambient lux: 5.66653, filtered ambient: 5.66653, brightness limit: 525, indicator brightness: nan low ambient strength: -1, high ambient strength: -1, contrast preservation: 0, contrast enhancer: -1 brightness ctl disabled -1, unlogged brightness transactions:0
2026-05-25 19:27:24.880 Df WindowServer[619:112f] [com.apple.coreanimation:Brightness] Display 1 commitBrightness sdr: 127.043, headroom: 1, potential headroom: 2, ambient lux: 5.66653, filtered ambient: 5.66653, brightness limit: 525, indicator brightness: nan low ambient strength: -1, high ambient strength: -1, contrast preservation: 0, contrast enhancer: -1 brightness ctl disabled -1, unlogged brightness transactions:0
2026-05-25 19:27:24.897 Df WindowServer[619:112f] [com.apple.coreanimation:Brightness] Display 1 commitBrightness sdr: 127.043, headroom: 1, potential headroom: 2, ambient lux: 5.66653, filtered ambient: 5.66653, brightness limit: 525, indicator brightness: nan low ambient strength: -1, high ambient strength: -1, contrast preservation: 0, contrast enhancer: -1 brightness ctl disabled -1, unlogged brightness transactions:0
2026-05-25 19:27:24.913 Df WindowServer[619:112f] [com.apple.coreanimation:Brightness] Display 1 commitBrightness sdr: 127.043, headroom: 1, potential headroom: 2, ambient lux: 5.66653, filtered ambient: 5.66653, brightness limit: 525, indicator brightness: nan low ambient strength: -1, high ambient strength: -1, contrast preservation: 0, contrast enhancer: -1 brightness ctl disabled -1, unlogged brightness transactions:0
2026-05-25 19:27:25.085 A  WindowServer[619:6900d1] (RunningBoardServices) observedProcessStatesDidChange
2026-05-25 19:27:25.085 Df WindowServer[619:6900d1] [com.apple.runningboard:monitor] Received state update for 70452 (xpcservice<com.apple.weather.widget([osservice<com.apple.chronod(501)>:1101])(501)>{vt hash: 80458965}[uuid:7BF1A0C9-B885-42B2-BDF2-2421254E35F6]{definition:com.apple.weather.widget[extension][client]}, running-active-NotVisible
2026-05-25 19:27:25.197 A  WindowServer[619:6900d9] (RunningBoardServices) observedProcessStatesDidChange
2026-05-25 19:27:25.197 Df WindowServer[619:6900d9] [com.apple.runningboard:monitor] Received state update for 70452 (xpcservice<com.apple.weather.widget([osservice<com.apple.chronod(501)>:1101])(501)>{vt hash: 80458965}[uuid:7BF1A0C9-B885-42B2-BDF2-2421254E35F6]{definition:com.apple.weather.widget[extension][client]}, running-active-NotVisible
2026-05-25 19:27:25.322 A  WindowServer[619:6900d1] (RunningBoardServices) observedProcessStatesDidChange
2026-05-25 19:27:25.323 Df WindowServer[619:6900d1] [com.apple.runningboard:monitor] Received state update for 19859 (app<application.com.apple.podcasts.1152921500311897422.1152921500311898026(501)>, running-active-NotVisible
2026-05-25 19:27:25.404 A  WindowServer[619:6900d1] (RunningBoardServices) observedProcessStatesDidChange
2026-05-25 19:27:25.404 Df WindowServer[619:6900d1] [com.apple.runningboard:monitor] Received state update for 19859 (app<application.com.apple.podcasts.1152921500311897422.1152921500311898026(501)>, running-active-NotVisible
2026-05-25 19:27:25.486 A  WindowServer[619:6900d1] (RunningBoardServices) observedProcessStatesDidChange
2026-05-25 19:27:25.486 Df WindowServer[619:6900d1] [com.apple.runningboard:monitor] Received state update for 70452 (xpcservice<com.apple.weather.widget([osservice<com.apple.chronod(501)>:1101])(501)>{vt hash: 80458965}[uuid:7BF1A0C9-B885-42B2-BDF2-2421254E35F6]{definition:com.apple.weather.widget[extension][client]}, running-suspended-NotVisible
2026-05-25 19:27:25.486 I  WindowServer[619:6900d9] [com.apple.SkyLight:packages] 0[outside of RPC]: suspended connection 1726e7
2026-05-25 19:27:25.486 A  WindowServer[619:6900d9] (RunningBoardServices) observedProcessStatesDidChange
2026-05-25 19:27:25.486 Df WindowServer[619:6900d9] [com.apple.runningboard:monitor] Received state update for 19859 (app<application.com.apple.podcasts.1152921500311897422.1152921500311898026(501)>, running-active-NotVisible
2026-05-25 19:27:25.541 E  WindowServer[619:112f] [com.apple.SkyLight:default] _CGXPackagesSetWindowConstraints: Invalid window
2026-05-25 19:27:25.542 E  WindowServer[619:112f] [com.apple.SkyLight:default] _CGXPackagesSetWindowConstraints: Invalid window
2026-05-25 19:27:25.550 E  WindowServer[619:112f] [com.apple.SkyLight:default] _CGXPackagesSetWindowConstraints: Invalid window
2026-05-25 19:27:25.597 A  WindowServer[619:6900d1] (RunningBoardServices) observedProcessStatesDidChange
2026-05-25 19:27:25.597 Df WindowServer[619:6900d1] [com.apple.runningboard:monitor] Received state update for 70452 (xpcservice<com.apple.weather.widget([osservice<com.apple.chronod(501)>:1101])(501)>{vt hash: 80458965}[uuid:7BF1A0C9-B885-42B2-BDF2-2421254E35F6]{definition:com.apple.weather.widget[extension][client]}, running-suspended-NotVisible
2026-05-25 19:27:25.603 A  WindowServer[619:68f939] (RunningBoardServices) observedProcessStatesDidChange
2026-05-25 19:27:25.603 Df WindowServer[619:68f939] [com.apple.runningboard:monitor] Received state update for 19859 (app<application.com.apple.podcasts.1152921500311897422.1152921500311898026(501)>, running-active-NotVisible
2026-05-25 19:27:25.712 A  WindowServer[619:6900d1] (RunningBoardServices) observedProcessStatesDidChange
2026-05-25 19:27:25.712 Df WindowServer[619:6900d1] [com.apple.runningboard:monitor] Received state update for 19859 (app<application.com.apple.podcasts.1152921500311897422.1152921500311898026(501)>, running-active-NotVisible
2026-05-25 19:27:25.751 Df WindowServer[619:112f] [com.apple.SkyLight:processes] 4020f[UpdatePermittedFrontPSNList]: loginwindow updating permitted front remove: 0x0-0x1001 (loginwindow)
2026-05-25 19:27:25.753 Df WindowServer[619:112f] [com.apple.SkyLight.processes:Focus] 4020f[UpdatePermittedFrontPSNList]: [DataSource] removeFromPermittedFront 0x0-0x1001 (<private>) in session 0x186b0 - current list is (  )
2026-05-25 19:27:25.753 Df WindowServer[619:112f] [com.apple.SkyLight.processes:Focus] 4020f[UpdatePermittedFrontPSNList]: [DeferringManager] Updating policy {
    advicePolicy: .frontmost;
    frontmostProcess: 0x0-0x1001 (loginwindow) mainConnectionID: 4020F;
} for reason: permitted list updated - 0x0-0x1001 removed
2026-05-25 19:27:25.753 Df WindowServer[619:112f] [com.apple.BackBoard:EventDelivery] <BSCompoundAssertion:0x72ac154c0> (com.apple.backboard.hid.delivery.localDelivery.preventFlushing) acquire for reason:permitted list updated - 0x0-0x1001 removed <8689> acq:0x7005feb40 count:1
2026-05-25 19:27:25.754 Df WindowServer[619:112f] [com.apple.SkyLight.processes:Focus] 4020f[UpdatePermittedFrontPSNList]: [DeferringManager] Deferring events from frontmost process PSN 0x0-0x1001 (loginwindow) -> <pid: 621>
2026-05-25 19:27:25.754 Df WindowServer[619:112f] [com.apple.BackBoard:EventDelivery] <BSCompoundAssertion:0x72ac154c0> (com.apple.backboard.hid.delivery.localDelivery.preventFlushing) invalidate acq:0x7005feb40 count:1
2026-05-25 19:27:25.754 Df WindowServer[619:112f] [com.apple.BackBoard:EventDelivery] flushing changes: {
    contentsMask: 0x2; deferringRules: [[619-6579], [619-657A], [619-657B]];
}
2026-05-25 19:27:25.754 Df WindowServer[619:112f] [com.apple.BackBoard:EventDelivery] new deferring rules for pid:619: [
    [619-657B]; <keyboardFocus; loginwindow:0x0-0x1001>; () -> <pid: 621>; reason: frontmost PSN --> outbound target,
    [619-657A]; <keyboardFocus; <frontmost>>; () -> <token: loginwindow:0x0-0x1001; pid: 619>; reason: frontmost PSN,
    [619-6579]; <keyboardFocus>; () -> <token: <frontmost>; pid: 619>; reason: Deferring to <frontmost>
]
2026-05-25 19:27:25.754 Df WindowServer[619:112f] [com.apple.BackBoard:EventDelivery] [keyboardFocus 0x72acc2170] setRules:forPID(619): [
    [619-657B]; <keyboardFocus; loginwindow:0x0-0x1001>; () -> <pid: 621>; reason: frontmost PSN --> outbound target,
    [619-657A]; <keyboardFocus; <frontmost>>; () -> <token: loginwindow:0x0-0x1001; pid: 619>; reason: frontmost PSN,
    [619-6579]; <keyboardFocus>; () -> <token: <frontmost>; pid: 619>; reason: Deferring to <frontmost>
]
2026-05-25 19:27:25.754 Df WindowServer[619:112f] [com.apple.BackBoard:EventDelivery] chain did update (setDeferringRules) <keyboardFocus; display: null> containsEndOfChain: YES; [
    <token: <frontmost>; pid: 619>,
    <token: loginwindow:0x0-0x1001; pid: 619>,
    <pid: 621>,
    <token: viewbridge-key-window; pid: 621>
]
2026-05-25 19:27:25.757 I  WindowServer[619:112f] [com.apple.SkyLight:packages] 4020f[RemoveWindowsFromSpaces]: window b026 parted space 14
2026-05-25 19:27:25.757 I  WindowServer[619:112f] [com.apple.SkyLight:packages] 4020f[RemoveWindowsFromSpaces]: window b026 joined space 4
2026-05-25 19:27:25.757 I  WindowServer[619:112f] [com.apple.SkyLight:packages] 4020f[RemoveWindowsFromSpaces]: window b026 joined space 3
2026-05-25 19:27:25.758 I  WindowServer[619:112f] [com.apple.SkyLight:packages] 4020f[RemoveWindowsFromSpaces]: window b026 joined space 1
2026-05-25 19:27:25.767 I  WindowServer[619:112f] [com.apple.SkyLight:packages] 4020f[TerminateWindow]: order window: b026 op: 0 relative: 0
2026-05-25 19:27:25.768 I  WindowServer[619:112f] [com.apple.SkyLight:packages] 4020f[TerminateWindow]: window b026 parted space 1
2026-05-25 19:27:25.768 I  WindowServer[619:112f] [com.apple.SkyLight:packages] 4020f[TerminateWindow]: window b026 parted space 3
2026-05-25 19:27:25.769 I  WindowServer[619:112f] [com.apple.SkyLight:packages] 4020f[TerminateWindow]: window b026 parted space 4
2026-05-25 19:27:25.774 I  WindowServer[619:112f] [com.apple.SkyLight:packages] 1636df[OrderWindow]: order window: b071 op: 0 relative: 0
2026-05-25 19:27:25.813 Df WindowServer[619:112f] [com.apple.SkyLight.processes:Focus] 4020f[BringNextToFront]: [DataSource] Making <private> 0x0-0x27027 the front process in session 0x186b0
2026-05-25 19:27:25.813 A  WindowServer[619:68f939] (RunningBoardServices) observedProcessStatesDidChange
2026-05-25 19:27:25.813 Df WindowServer[619:68f939] [com.apple.runningboard:monitor] Received state update for 19859 (app<application.com.apple.podcasts.1152921500311897422.1152921500311898026(501)>, running-active-NotVisible
2026-05-25 19:27:25.814 Df WindowServer[619:112f] [com.apple.SkyLight.processes:Focus] 4020f[BringNextToFront]: [DeferringManager] Updating policy {
    advicePolicy: .frontmost;
    frontmostProcess: 0x0-0x27027 (iTerm) mainConnectionID: 1C9A0F;
} for reason: updated frontmost process
2026-05-25 19:27:25.814 Df WindowServer[619:112f] [com.apple.BackBoard:EventDelivery] <BSCompoundAssertion:0x72ac154c0> (com.apple.backboard.hid.delivery.localDelivery.preventFlushing) acquire for reason:updated frontmost process <8690> acq:0x6fdf526e0 count:1
2026-05-25 19:27:25.814 Df WindowServer[619:112f] [com.apple.SkyLight.processes:Focus] 4020f[BringNextToFront]: [DeferringManager] Deferring events from frontmost process PSN 0x0-0x27027 (iTerm) -> <pid: 1360>
2026-05-25 19:27:25.814 Df WindowServer[619:112f] [com.apple.BackBoard:EventDelivery] <BSCompoundAssertion:0x72ac154c0> (com.apple.backboard.hid.delivery.localDelivery.preventFlushing) invalidate acq:0x6fdf526e0 count:1
2026-05-25 19:27:25.814 Df WindowServer[619:112f] [com.apple.BackBoard:EventDelivery] flushing changes: {
    contentsMask: 0x2; deferringRules: [[619-657C], [619-657D], [619-657E]];
}
2026-05-25 19:27:25.814 Df WindowServer[619:112f] [com.apple.BackBoard:EventDelivery] new deferring rules for pid:619: [
    [619-657E]; <keyboardFocus; iTerm:0x0-0x27027>; () -> <pid: 1360>; reason: frontmost PSN --> outbound target,
    [619-657D]; <keyboardFocus; <frontmost>>; () -> <token: iTerm:0x0-0x27027; pid: 619>; reason: frontmost PSN,
    [619-657C]; <keyboardFocus>; () -> <token: <frontmost>; pid: 619>; reason: Deferring to <frontmost>
]
2026-05-25 19:27:25.814 Df WindowServer[619:112f] [com.apple.BackBoard:EventDelivery] [keyboardFocus 0x72acc2170] setRules:forPID(619): [
    [619-657E]; <keyboardFocus; iTerm:0x0-0x27027>; () -> <pid: 1360>; reason: frontmost PSN --> outbound target,
    [619-657D]; <keyboardFocus; <frontmost>>; () -> <token: iTerm:0x0-0x27027; pid: 619>; reason: frontmost PSN,
    [619-657C]; <keyboardFocus>; () -> <token: <frontmost>; pid: 619>; reason: Deferring to <frontmost>
]
2026-05-25 19:27:25.814 Df WindowServer[619:112f] [com.apple.BackBoard:EventDelivery] chain did update (setDeferringRules) <keyboardFocus; display: null> containsEndOfChain: YES; [
    <token: <frontmost>; pid: 619>,
    <token: iTerm:0x0-0x27027; pid: 619>,
    <pid: 1360>,
    <token: viewbridge-key-window; pid: 1360>
]
2026-05-25 19:27:25.816 I  WindowServer[619:112f] [com.apple.SkyLight:packages] 4020f[BringNextToFront]: new foreground connection 1c9a0f com.googlecode.iterm2
2026-05-25 19:27:25.846 Df WindowServer[619:68f939] [com.apple.iohid:default] Connection added: IOHIDEventSystemConnection uuid:5B3ADA87-6FBD-4111-BF63-0624821253EA pid:904 process:coreauthd type:Monitor entitlements:0x2 caller:coreauthd: coreauthd + 40288 attributes:(null) state:0x0 events:0 mask:0x0 dropped:0 dropStatus:0 droppedMask:0x0 lastDroppedTime:NONE
2026-05-25 19:27:25.914 I  WindowServer[619:112f] [com.apple.SkyLight:packages] 1c9a0f[SetWindowHasKeyAppearance]: request window 17e set active key appearance
2026-05-25 19:27:25.914 I  WindowServer[619:112f] [com.apple.SkyLight:packages] 1c9a0f[SetWindowHasMainAppearance]: request window 17e set active main appearance
2026-05-25 19:27:25.914 I  WindowServer[619:112f] [com.apple.SkyLight:packages] 1c9a0f[OrderWindowGroupFrontConditionally]: order window: 17e op: 1 relative: 0
2026-05-25 19:27:25.960 Df WindowServer[619:6900d1] [com.apple.BackBoard:EventDelivery] new deferring rules for pid:1360: [[1360-15DC]; <keyboardFocus>; () -> <token: viewbridge-key-window; pid: 1360>; reason: …RemoteView deferKeyboardEventsToParticularWindow:forReason:]]
2026-05-25 19:27:25.960 Df WindowServer[619:6900d1] [com.apple.BackBoard:EventDelivery] [keyboardFocus 0x72acc2170] setRules:forPID(1360): [[1360-15DC]; <keyboardFocus>; () -> <token: viewbridge-key-window; pid: 1360>; reason: -[NSRemoteView deferKeyboardEventsToParticularWindow:forReason:]]
2026-05-25 19:27:25.960 Df WindowServer[619:6900d1] [com.apple.BackBoard:EventDelivery] chain did update (setDeferringRules) <keyboardFocus; display: null> containsEndOfChain: YES; [
    <token: <frontmost>; pid: 619>,
    <token: iTerm:0x0-0x27027; pid: 619>,
    <pid: 1360>,
    <token: viewbridge-key-window; pid: 1360>
]
2026-05-25 19:27:25.961 Df WindowServer[619:6900d1] [com.apple.BackBoard:EventDelivery] new deferring rules for pid:1360: [[1360-15DD]; <keyboardFocus>; () -> <token: viewbridge-key-window; pid: 1360>; reason: …RemoteView deferKeyboardEventsToParticularWindow:forReason:]]
2026-05-25 19:27:25.961 Df WindowServer[619:6900d1] [com.apple.BackBoard:EventDelivery] [keyboardFocus 0x72acc2170] setRules:forPID(1360): [[1360-15DD]; <keyboardFocus>; () -> <token: viewbridge-key-window; pid: 1360>; reason: -[NSRemoteView deferKeyboardEventsToParticularWindow:forReason:]]
2026-05-25 19:27:25.961 Df WindowServer[619:6900d1] [com.apple.BackBoard:EventDelivery] chain did update (setDeferringRules) <keyboardFocus; display: null> containsEndOfChain: YES; [
    <token: <frontmost>; pid: 619>,
    <token: iTerm:0x0-0x27027; pid: 619>,
    <pid: 1360>,
    <token: viewbridge-key-window; pid: 1360>
]
2026-05-25 19:27:25.973 A  WindowServer[619:6900d1] (RunningBoardServices) observedProcessStatesDidChange
2026-05-25 19:27:25.973 Df WindowServer[619:6900d1] [com.apple.runningboard:monitor] Received state update for 1526 (app<Unknown(1526)(501)>, running-active-NotVisible
2026-05-25 19:27:26.052 I  WindowServer[619:112f] [com.apple.SkyLight:packages] 4020f[SpaceDestroy]: destroy space 3394
2026-05-25 19:27:26.053 I  WindowServer[619:112f] [com.apple.SkyLight:packages] 4020f[SpaceDestroy]: window b028 parted space 3394
2026-05-25 19:27:26.053 I  WindowServer[619:112f] [com.apple.SkyLight:packages] 4020f[SpaceDestroy]: window b028 joined space 4
2026-05-25 19:27:26.053 I  WindowServer[619:112f] [com.apple.SkyLight:packages] 4020f[SpaceDestroy]: window b028 joined space 3
2026-05-25 19:27:26.053 I  WindowServer[619:112f] [com.apple.SkyLight:packages] 4020f[SpaceDestroy]: window b028 joined space 1
2026-05-25 19:27:26.068 E  WindowServer[619:112f] [com.apple.SkyLight:default] _CGXPackagesSetWindowConstraints: Invalid window
2026-05-25 19:27:26.069 I  WindowServer[619:112f] [com.apple.SkyLight:packages] 7fa03[OrderWindowGroupFrontConditionally]: order window: b op: 1 relative: 0
2026-05-25 19:27:26.070 I  WindowServer[619:112f] [com.apple.SkyLight:packages] 4020f[OrderWindowGroup]: order window: b028 op: 0 relative: 0
2026-05-25 19:27:26.216 I  WindowServer[619:112f] [com.apple.SkyLight:packages] 5f503[OrderWindowGroup]: order window: 28 op: 0 relative: 0
2026-05-25 19:27:26.298 A  WindowServer[619:68f939] (RunningBoardServices) observedProcessStatesDidChange
2026-05-25 19:27:26.298 Df WindowServer[619:68f939] [com.apple.runningboard:monitor] Received state update for 1526 (app<Unknown(1526)(501)>, running-active-NotVisible
2026-05-25 19:27:26.579 E  WindowServer[619:112f] [com.apple.SkyLight:default] _CGXPackagesSetWindowConstraints: Invalid window
2026-05-25 19:27:26.579 E  WindowServer[619:112f] [com.apple.SkyLight:default] _CGXPackagesSetWindowConstraints: Invalid window
2026-05-25 19:27:26.579 E  WindowServer[619:112f] [com.apple.SkyLight:default] _CGXPackagesSetWindowConstraints: Invalid window
2026-05-25 19:27:27.540 E  WindowServer[619:112f] [com.apple.SkyLight:default] _CGXPackagesSetWindowConstraints: Invalid window
2026-05-25 19:27:27.550 E  WindowServer[619:112f] [com.apple.SkyLight:default] PKGWindowMoveOnMatchingDisplayChangedSeed window c2 owner a7f3b has not moved from (795.000000, 575.000000) after 5 seconds. It is likely misplaced.
2026-05-25 19:27:27.550 E  WindowServer[619:112f] [com.apple.SkyLight:default] PKGWindowMoveOnMatchingDisplayChangedSeed window be owner a7f3b has not moved from (704.000000, 555.000000) after 5 seconds. It is likely misplaced.
2026-05-25 19:27:27.550 E  WindowServer[619:112f] [com.apple.SkyLight:default] PKGWindowMoveOnMatchingDisplayChangedSeed window bd owner a7f3b has not moved from (602.000000, 555.000000) after 5 seconds. It is likely misplaced.
2026-05-25 19:27:27.550 E  WindowServer[619:112f] [com.apple.SkyLight:default] PKGWindowMoveOnMatchingDisplayChangedSeed window 485 owner a5f03 has not moved from (1466.000000, 299.000000) after 5 seconds. It is likely misplaced.
2026-05-25 19:27:27.550 E  WindowServer[619:112f] [com.apple.SkyLight:default] PKGWindowMoveOnMatchingDisplayChangedSeed window 1872 owner a5f03 has not moved from (1807.000000, 373.000000) after 5 seconds. It is likely misplaced.
2026-05-25 19:27:27.550 E  WindowServer[619:112f] [com.apple.SkyLight:default] PKGWindowMoveOnMatchingDisplayChangedSeed window 46 owner a5f03 has not moved from (1714.000000, 192.000000) after 5 seconds. It is likely misplaced.
2026-05-25 19:27:27.550 E  WindowServer[619:112f] [com.apple.SkyLight:default] PKGWindowMoveOnMatchingDisplayChangedSeed window 45 owner a5f03 has not moved from (1748.000000, 32.000000) after 5 seconds. It is likely misplaced.
2026-05-25 19:27:27.550 E  WindowServer[619:112f] [com.apple.SkyLight:default] PKGWindowMoveOnMatchingDisplayChangedSeed window cb6 owner 8cb03 has not moved from (867.000000, 845.000000) after 5 seconds. It is likely misplaced.
2026-05-25 19:27:27.550 E  WindowServer[619:112f] [com.apple.SkyLight:default] PKGWindowMoveOnMatchingDisplayChangedSeed window 21dd owner 8cb03 has not moved from (1112.000000, 836.000000) after 5 seconds. It is likely misplaced.
2026-05-25 19:27:27.550 E  WindowServer[619:112f] [com.apple.SkyLight:default] PKGWindowMoveOnMatchingDisplayChangedSeed window 3126 owner 8cb03 has not moved from (346.000000, 64.000000) after 5 seconds. It is likely misplaced.
2026-05-25 19:27:27.550 E  WindowServer[619:112f] [com.apple.SkyLight:default] PKGWindowMoveOnMatchingDisplayChangedSeed window 6b owner 8cb03 has not moved from (512.000000, 119.000000) after 5 seconds. It is likely misplaced.
2026-05-25 19:27:27.550 E  WindowServer[619:112f] [com.apple.SkyLight:default] _CGXPackagesSetWindowConstraints: Invalid window
2026-05-25 19:27:27.550 E  WindowServer[619:112f] [com.apple.SkyLight:default] _CGXPackagesSetWindowConstraints: Invalid window
2026-05-25 19:27:27.599 E  WindowServer[619:112f] [com.apple.SkyLight:default] _CGXPackagesSetWindowConstraints: Invalid window
2026-05-25 19:27:27.599 E  WindowServer[619:112f] [com.apple.SkyLight:default] _CGXPackagesSetWindowConstraints: Invalid window
2026-05-25 19:27:27.633 E  WindowServer[619:112f] [com.apple.SkyLight:default] _CGXPackagesSetWindowConstraints: Invalid window
2026-05-25 19:27:27.636 E  WindowServer[619:112f] [com.apple.SkyLight:default] _CGXPackagesSetWindowConstraints: Invalid window
2026-05-25 19:27:27.670 E  WindowServer[619:112f] [com.apple.SkyLight:default] _CGXPackagesSetWindowConstraints: Invalid window
2026-05-25 19:27:27.685 E  WindowServer[619:112f] [com.apple.SkyLight:default] _CGXPackagesSetWindowConstraints: Invalid window
2026-05-25 19:27:27.702 E  WindowServer[619:112f] [com.apple.SkyLight:default] _CGXPackagesSetWindowConstraints: Invalid window
2026-05-25 19:27:27.754 E  WindowServer[619:112f] [com.apple.SkyLight:default] _CGXPackagesSetWindowConstraints: Invalid window
2026-05-25 19:27:27.852 E  WindowServer[619:112f] [com.apple.SkyLight:default] _CGXPackagesSetWindowConstraints: Invalid window
2026-05-25 19:27:27.970 E  WindowServer[619:112f] [com.apple.SkyLight:default] _CGXPackagesSetWindowConstraints: Invalid window
2026-05-25 19:27:27.990 E  WindowServer[619:112f] [com.apple.SkyLight:default] _CGXPackagesSetWindowConstraints: Invalid window
2026-05-25 19:27:28.123 E  WindowServer[619:112f] [com.apple.SkyLight:default] _CGXPackagesSetWindowConstraints: Invalid window
2026-05-25 19:27:28.239 Df WindowServer[619:112f] [com.apple.coreanimation:Brightness] Display 1 commitBrightness sdr: 127.043, headroom: -1, potential headroom: -1, ambient lux: 18.4742, filtered ambient: 18.4742, brightness limit: -1, indicator brightness: -1 low ambient strength: -1, high ambient strength: -1, contrast preservation: -1, contrast enhancer: -1 brightness ctl disabled -1, unlogged brightness transactions:0
2026-05-25 19:27:28.453 Df WindowServer[619:112f] [com.apple.coreanimation:Brightness] Display 1 commitBrightness sdr: 127.043, headroom: -1, potential headroom: -1, ambient lux: 65.3546, filtered ambient: 65.3546, brightness limit: -1, indicator brightness: -1 low ambient strength: -1, high ambient strength: -1, contrast preservation: -1, contrast enhancer: -1 brightness ctl disabled -1, unlogged brightness transactions:0
2026-05-25 19:27:28.503 E  WindowServer[619:112f] [com.apple.SkyLight:default] PKGWindowMoveOnMatchingDisplayChangedSeed window 74e7 owner 69d5b has not moved from (0.000000, 652.000000) after 5 seconds. It is likely misplaced.
2026-05-25 19:27:28.503 E  WindowServer[619:112f] [com.apple.SkyLight:default] PKGWindowMoveOnMatchingDisplayChangedSeed window 49 owner 69d5b has not moved from (1200.000000, 29.000000) after 5 seconds. It is likely misplaced.
2026-05-25 19:27:28.503 E  WindowServer[619:112f] [com.apple.SkyLight:default] PKGWindowMoveOnMatchingDisplayChangedSeed window 5f owner 69d5b has not moved from (858.000000, 30.000000) after 5 seconds. It is likely misplaced.
2026-05-25 19:27:28.541 E  WindowServer[619:112f] [com.apple.SkyLight:default] _CGXPackagesSetWindowConstraints: Invalid window
2026-05-25 19:27:28.541 E  WindowServer[619:112f] [com.apple.SkyLight:default] _CGXPackagesSetWindowConstraints: Invalid window
2026-05-25 19:27:28.553 E  WindowServer[619:112f] [com.apple.SkyLight:default] _CGXPackagesSetWindowConstraints: Invalid window
2026-05-25 19:27:28.971 A  WindowServer[619:6900d1] (RunningBoardServices) observedProcessStatesDidChange
2026-05-25 19:27:28.974 Df WindowServer[619:6900d1] [com.apple.runningboard:process] Hit the server for a process handle 55ac82400002f72 that resolved to: [xpcservice<com.apple.WebKit.Networking([xpcservice<com.apple.Safari.CacheDeleteExtension([osservice<com.apple.cache_delete(501)>:8185])(501)>{vt hash: 0}{definition:com.apple.Safari.CacheDeleteExtension[extension][client]}:12139])(501)>{vt hash: 0}[uuid:DA7FFB8A-FA14-4F6A-849F-FBED97812370]{definition:com.apple.WebKit.Networking[standard][client]}:12146:12146]
2026-05-25 19:27:28.974 Df WindowServer[619:6900d1] [com.apple.runningboard:monitor] Received state update for 12146 (xpcservice<com.apple.WebKit.Networking([xpcservice<com.apple.Safari.CacheDeleteExtension([osservice<com.apple.cache_delete(501)>:8185])(501)>{vt hash: 0}{definition:com.apple.Safari.CacheDeleteExtension[extension][client]}:12139])(501)>{vt hash: 0}[uuid:DA7FFB8A-FA14-4F6A-849F-FBED97812370]{definition:com.apple.WebKit.Networking[standard][client]}:12146, running-suspended-NotVisible
2026-05-25 19:27:28.977 A  WindowServer[619:68ffc2] (RunningBoardServices) observedProcessStatesDidChange
2026-05-25 19:27:28.977 Df WindowServer[619:68ffc2] [com.apple.runningboard:monitor] Received state update for 12146 (xpcservice<com.apple.WebKit.Networking([xpcservice<com.apple.Safari.CacheDeleteExtension([osservice<com.apple.cache_delete(501)>:8185])(501)>{vt hash: 0}{definition:com.apple.Safari.CacheDeleteExtension[extension][client]}:12139])(501)>{vt hash: 0}[uuid:DA7FFB8A-FA14-4F6A-849F-FBED97812370]{definition:com.apple.WebKit.Networking[standard][client]}:12146, running-active-NotVisible
2026-05-25 19:27:29.057 A  WindowServer[619:68ffc2] (RunningBoardServices) observedProcessStatesDidChange
2026-05-25 19:27:29.057 Df WindowServer[619:68ffc2] [com.apple.runningboard:monitor] Received state update for 1503 (app<application.com.apple.MobileSMS.1152921500311888381.1152921500311888451(501)>, running-active-NotVisible
2026-05-25 19:27:29.058 A  WindowServer[619:6900d1] (RunningBoardServices) observedProcessStatesDidChange
2026-05-25 19:27:29.058 Df WindowServer[619:6900d1] [com.apple.runningboard:monitor] Received state update for 17038 (xpcservice<com.apple.PaperKit.extension.ui([app<application.com.apple.Notes.1152921500311894402.1152921500311894407(501)>:1411])(501)>{vt hash: 215804005}{definition:com.apple.PaperKit.extension.ui[extension][client]}, running-active-NotVisible
2026-05-25 19:27:29.059 A  WindowServer[619:68ffc2] (RunningBoardServices) observedProcessStatesDidChange
2026-05-25 19:27:29.059 Df WindowServer[619:68ffc2] [com.apple.runningboard:monitor] Received state update for 19859 (app<application.com.apple.podcasts.1152921500311897422.1152921500311898026(501)>, running-active-NotVisible
2026-05-25 19:27:29.059 A  WindowServer[619:6900d1] (RunningBoardServices) observedProcessStatesDidChange
2026-05-25 19:27:29.059 Df WindowServer[619:6900d1] [com.apple.runningboard:monitor] Received state update for 1526 (app<Unknown(1526)(501)>, running-active-NotVisible
2026-05-25 19:27:29.312 I  WindowServer[619:112f] [com.apple.SkyLight:packages] a7a13[OrderWindowGroup]: order window: a7 op: 0 relative: 0
2026-05-25 19:27:29.312 I  WindowServer[619:112f] [com.apple.SkyLight:packages] a7a13[OrderWindowGroup]: order window: b1 op: 0 relative: 0
2026-05-25 19:27:29.312 I  WindowServer[619:112f] [com.apple.SkyLight:packages] a7a13[OrderWindowGroup]: order window: a3 op: 0 relative: 0
2026-05-25 19:27:29.312 I  WindowServer[619:112f] [com.apple.SkyLight:packages] a7a13[OrderWindowGroup]: order window: 80 op: 0 relative: 0
2026-05-25 19:27:29.312 I  WindowServer[619:112f] [com.apple.SkyLight:packages] a7a13[OrderWindowGroup]: order window: 82 op: 0 relative: 0
2026-05-25 19:27:29.312 I  WindowServer[619:112f] [com.apple.SkyLight:packages] a7a13[OrderWindowGroup]: order window: 85 op: 0 relative: 0
2026-05-25 19:27:29.312 I  WindowServer[619:112f] [com.apple.SkyLight:packages] a7a13[OrderWindowGroup]: order window: 87 op: 0 relative: 0
2026-05-25 19:27:29.312 I  WindowServer[619:112f] [com.apple.SkyLight:packages] a7a13[OrderWindowGroup]: order window: 89 op: 0 relative: 0
2026-05-25 19:27:29.313 I  WindowServer[619:112f] [com.apple.SkyLight:packages] a7a13[OrderWindowGroup]: order window: 8c op: 0 relative: 0
2026-05-25 19:27:29.313 I  WindowServer[619:112f] [com.apple.SkyLight:packages] a7a13[OrderWindowGroup]: order window: 90 op: 0 relative: 0
2026-05-25 19:27:29.313 I  WindowServer[619:112f] [com.apple.SkyLight:packages] a7a13[OrderWindowGroup]: order window: 92 op: 0 relative: 0
2026-05-25 19:27:29.313 I  WindowServer[619:112f] [com.apple.SkyLight:packages] a7a13[OrderWindowGroup]: order window: 96 op: 0 relative: 0
2026-05-25 19:27:29.313 I  WindowServer[619:112f] [com.apple.SkyLight:packages] a7a13[OrderWindowGroup]: order window: 98 op: 0 relative: 0
2026-05-25 19:27:29.313 I  WindowServer[619:112f] [com.apple.SkyLight:packages] a7a13[OrderWindowGroup]: order window: 9b op: 0 relative: 0
2026-05-25 19:27:29.313 I  WindowServer[619:112f] [com.apple.SkyLight:packages] a7a13[OrderWindowGroup]: order window: 9d op: 0 relative: 0
2026-05-25 19:27:29.313 I  WindowServer[619:112f] [com.apple.SkyLight:packages] a7a13[OrderWindowGroup]: order window: 9f op: 0 relative: 0
2026-05-25 19:27:29.313 I  WindowServer[619:112f] [com.apple.SkyLight:packages] a7a13[OrderWindowGroup]: order window: a1 op: 0 relative: 0
2026-05-25 19:27:29.313 I  WindowServer[619:112f] [com.apple.SkyLight:packages] a7a13[OrderWindowGroup]: order window: a5 op: 0 relative: 0
2026-05-25 19:27:29.313 I  WindowServer[619:112f] [com.apple.SkyLight:packages] a7a13[OrderWindowGroup]: order window: a9 op: 0 relative: 0
2026-05-25 19:27:29.313 I  WindowServer[619:112f] [com.apple.SkyLight:packages] a7a13[OrderWindowGroup]: order window: ab op: 0 relative: 0
2026-05-25 19:27:29.313 I  WindowServer[619:112f] [com.apple.SkyLight:packages] a7a13[OrderWindowGroup]: order window: ad op: 0 relative: 0
2026-05-25 19:27:29.313 I  WindowServer[619:112f] [com.apple.SkyLight:packages] a7a13[OrderWindowGroup]: order window: af op: 0 relative: 0
2026-05-25 19:27:29.313 I  WindowServer[619:112f] [com.apple.SkyLight:packages] a7a13[OrderWindowGroup]: order window: b3 op: 0 relative: 0
2026-05-25 19:27:29.313 I  WindowServer[619:112f] [com.apple.SkyLight:packages] a7a13[OrderWindowGroup]: order window: c8 op: 0 relative: 0
2026-05-25 19:27:29.540 E  WindowServer[619:112f] [com.apple.SkyLight:default] _CGXPackagesSetWindowConstraints: Invalid window
2026-05-25 19:27:29.540 E  WindowServer[619:112f] [com.apple.SkyLight:default] _CGXPackagesSetWindowConstraints: Invalid window
2026-05-25 19:27:29.552 E  WindowServer[619:112f] [com.apple.SkyLight:default] _CGXPackagesSetWindowConstraints: Invalid window
2026-05-25 19:27:29.724 E  WindowServer[619:112f] [com.apple.SkyLight:default] _CGXPackagesSetWindowConstraints: Invalid window
2026-05-25 19:27:29.803 I  WindowServer[619:6900d1] [com.apple.iohid:connection] 2B690965-E7B9-4ABC-AE80-1738B2DFACDC: HID activity: 1 -> 0 (service:0x0 event:0)
2026-05-25 19:27:29.803 I  WindowServer[619:6900d1] [com.apple.iohid:connection] 2B690965-E7B9-4ABC-AE80-1738B2DFACDC: iohideventsystem_client_dispatch_properties_changed:0x10004003
2026-05-25 19:27:30.103 A  WindowServer[619:6900d1] (RunningBoardServices) observedProcessStatesDidChange
2026-05-25 19:27:30.103 Df WindowServer[619:6900d1] [com.apple.runningboard:monitor] Received state update for 1526 (app<Unknown(1526)(501)>, running-active-NotVisible
2026-05-25 19:27:30.368 E  WindowServer[619:112f] [com.apple.SkyLight:default] _CGXPackagesSetWindowConstraints: Invalid window
2026-05-25 19:27:30.540 E  WindowServer[619:112f] [com.apple.SkyLight:default] _CGXPackagesSetWindowConstraints: Invalid window
2026-05-25 19:27:30.540 E  WindowServer[619:112f] [com.apple.SkyLight:default] _CGXPackagesSetWindowConstraints: Invalid window
2026-05-25 19:27:30.553 E  WindowServer[619:112f] [com.apple.SkyLight:default] _CGXPackagesSetWindowConstraints: Invalid window
2026-05-25 19:27:31.080 A  WindowServer[619:68ffc2] (RunningBoardServices) observedProcessStatesDidChange
2026-05-25 19:27:31.080 Df WindowServer[619:68ffc2] [com.apple.runningboard:monitor] Received state update for 1526 (app<Unknown(1526)(501)>, running-active-NotVisible
2026-05-25 19:27:31.541 E  WindowServer[619:112f] [com.apple.SkyLight:default] _CGXPackagesSetWindowConstraints: Invalid window
2026-05-25 19:27:31.541 E  WindowServer[619:112f] [com.apple.SkyLight:default] _CGXPackagesSetWindowConstraints: Invalid window
2026-05-25 19:27:31.555 E  WindowServer[619:112f] [com.apple.SkyLight:default] _CGXPackagesSetWindowConstraints: Invalid window
2026-05-25 19:27:32.542 E  WindowServer[619:112f] [com.apple.SkyLight:default] _CGXPackagesSetWindowConstraints: Invalid window
2026-05-25 19:27:32.542 E  WindowServer[619:112f] [com.apple.SkyLight:default] _CGXPackagesSetWindowConstraints: Invalid window
2026-05-25 19:27:32.560 E  WindowServer[619:112f] [com.apple.SkyLight:default] _CGXPackagesSetWindowConstraints: Invalid window
2026-05-25 19:27:33.539 E  WindowServer[619:112f] [com.apple.SkyLight:default] _CGXPackagesSetWindowConstraints: Invalid window
2026-05-25 19:27:33.539 E  WindowServer[619:112f] [com.apple.SkyLight:default] _CGXPackagesSetWindowConstraints: Invalid window
2026-05-25 19:27:33.555 E  WindowServer[619:112f] [com.apple.SkyLight:default] _CGXPackagesSetWindowConstraints: Invalid window
2026-05-25 19:27:34.543 E  WindowServer[619:112f] [com.apple.SkyLight:default] _CGXPackagesSetWindowConstraints: Invalid window
2026-05-25 19:27:34.543 E  WindowServer[619:112f] [com.apple.SkyLight:default] _CGXPackagesSetWindowConstraints: Invalid window
2026-05-25 19:27:34.559 E  WindowServer[619:112f] [com.apple.SkyLight:default] _CGXPackagesSetWindowConstraints: Invalid window
2026-05-25 19:27:34.590 A  WindowServer[619:6900d9] (RunningBoardServices) observedProcessStatesDidChange
2026-05-25 19:27:34.590 Df WindowServer[619:6900d9] [com.apple.runningboard:monitor] Received state update for 70452 (xpcservice<com.apple.weather.widget([osservice<com.apple.chronod(501)>:1101])(501)>{vt hash: 80458965}[uuid:7BF1A0C9-B885-42B2-BDF2-2421254E35F6]{definition:com.apple.weather.widget[extension][client]}, running-active-NotVisible
2026-05-25 19:27:34.590 I  WindowServer[619:6900d1] [com.apple.SkyLight:packages] 0[outside of RPC]: resumed connection 1726e7
2026-05-25 19:27:34.697 A  WindowServer[619:6900d9] (RunningBoardServices) observedProcessStatesDidChange
2026-05-25 19:27:34.697 Df WindowServer[619:6900d9] [com.apple.runningboard:monitor] Received state update for 70452 (xpcservice<com.apple.weather.widget([osservice<com.apple.chronod(501)>:1101])(501)>{vt hash: 80458965}[uuid:7BF1A0C9-B885-42B2-BDF2-2421254E35F6]{definition:com.apple.weather.widget[extension][client]}, running-active-NotVisible
2026-05-25 19:27:34.698 A  WindowServer[619:6900d1] (RunningBoardServices) observedProcessStatesDidChange
2026-05-25 19:27:34.698 Df WindowServer[619:6900d1] [com.apple.runningboard:monitor] Received state update for 19859 (app<application.com.apple.podcasts.1152921500311897422.1152921500311898026(501)>, running-active-NotVisible
2026-05-25 19:27:34.698 A  WindowServer[619:6900d1] (RunningBoardServices) observedProcessStatesDidChange
2026-05-25 19:27:34.698 Df WindowServer[619:6900d1] [com.apple.runningboard:monitor] Received state update for 17038 (xpcservice<com.apple.PaperKit.extension.ui([app<application.com.apple.Notes.1152921500311894402.1152921500311894407(501)>:1411])(501)>{vt hash: 215804005}{definition:com.apple.PaperKit.extension.ui[extension][client]}, running-active-NotVisible
2026-05-25 19:27:34.698 Df WindowServer[619:6900d1] [com.apple.runningboard:monitor] Received state update for 1503 (app<application.com.apple.MobileSMS.1152921500311888381.1152921500311888451(501)>, running-active-NotVisible
2026-05-25 19:27:34.698 Df WindowServer[619:6900d1] [com.apple.runningboard:monitor] Received state update for 1526 (app<Unknown(1526)(501)>, running-active-NotVisible
2026-05-25 19:27:34.843 Df WindowServer[619:112f] [com.apple.xpc:connection] [0x703dfc780] activating connection: mach=true listener=false peer=false name=com.apple.storagekitd.dm
2026-05-25 19:27:34.859 Df WindowServer[619:112f] [com.apple.xpc:connection] [0x703dfc780] invalidated because the current process cancelled the connection by calling xpc_connection_cancel()
2026-05-25 19:27:34.863 A  WindowServer[619:6900d9] (RunningBoardServices) observedProcessStatesDidChange
2026-05-25 19:27:34.863 Df WindowServer[619:6900d9] [com.apple.runningboard:monitor] Received state update for 70452 (xpcservice<com.apple.weather.widget([osservice<com.apple.chronod(501)>:1101])(501)>{vt hash: 80458965}[uuid:7BF1A0C9-B885-42B2-BDF2-2421254E35F6]{definition:com.apple.weather.widget[extension][client]}, running-active-NotVisible
2026-05-25 19:27:34.969 A  WindowServer[619:6900d9] (RunningBoardServices) observedProcessStatesDidChange
2026-05-25 19:27:34.969 Df WindowServer[619:6900d9] [com.apple.runningboard:monitor] Received state update for 70452 (xpcservice<com.apple.weather.widget([osservice<com.apple.chronod(501)>:1101])(501)>{vt hash: 80458965}[uuid:7BF1A0C9-B885-42B2-BDF2-2421254E35F6]{definition:com.apple.weather.widget[extension][client]}, running-active-NotVisible
2026-05-25 19:27:35.166 A  WindowServer[619:6900d1] (RunningBoardServices) observedProcessStatesDidChange
2026-05-25 19:27:35.166 Df WindowServer[619:6900d1] [com.apple.runningboard:monitor] Received state update for 70452 (xpcservice<com.apple.weather.widget([osservice<com.apple.chronod(501)>:1101])(501)>{vt hash: 80458965}[uuid:7BF1A0C9-B885-42B2-BDF2-2421254E35F6]{definition:com.apple.weather.widget[extension][client]}, running-suspended-NotVisible
2026-05-25 19:27:35.166 I  WindowServer[619:6900d9] [com.apple.SkyLight:packages] 0[outside of RPC]: suspended connection 1726e7
2026-05-25 19:27:35.303 A  WindowServer[619:6900d9] (RunningBoardServices) observedProcessStatesDidChange
2026-05-25 19:27:35.303 Df WindowServer[619:6900d9] [com.apple.runningboard:monitor] Received state update for 70452 (xpcservice<com.apple.weather.widget([osservice<com.apple.chronod(501)>:1101])(501)>{vt hash: 80458965}[uuid:7BF1A0C9-B885-42B2-BDF2-2421254E35F6]{definition:com.apple.weather.widget[extension][client]}, running-suspended-NotVisible
2026-05-25 19:27:35.449 A  WindowServer[619:6900d1] (RunningBoardServices) observedProcessStatesDidChange
2026-05-25 19:27:35.449 Df WindowServer[619:6900d1] [com.apple.runningboard:monitor] Received state update for 1695 (xpcservice<com.apple.WebKit.WebContent([app<application.com.apple.Safari.1110010.1110894(501)>:1412])(501)>{vt hash: 0}[uuid:F6E9D070-11FB-4B9F-A227-631755511F31]{definition:com.apple.WebKit.WebContent[standard][client]}:1695, running-active-NotVisible
2026-05-25 19:27:35.541 E  WindowServer[619:112f] [com.apple.SkyLight:default] _CGXPackagesSetWindowConstraints: Invalid window
2026-05-25 19:27:35.541 E  WindowServer[619:112f] [com.apple.SkyLight:default] _CGXPackagesSetWindowConstraints: Invalid window
2026-05-25 19:27:35.550 E  WindowServer[619:112f] [com.apple.SkyLight:default] _CGXPackagesSetWindowConstraints: Invalid window
2026-05-25 19:27:35.555 A  WindowServer[619:6900d1] (RunningBoardServices) observedProcessStatesDidChange
2026-05-25 19:27:35.555 Df WindowServer[619:6900d1] [com.apple.runningboard:monitor] Received state update for 1695 (xpcservice<com.apple.WebKit.WebContent([app<application.com.apple.Safari.1110010.1110894(501)>:1412])(501)>{vt hash: 0}[uuid:F6E9D070-11FB-4B9F-A227-631755511F31]{definition:com.apple.WebKit.WebContent[standard][client]}:1695, running-active-NotVisible
2026-05-25 19:27:36.399 A  WindowServer[619:6900d9] (RunningBoardServices) observedProcessStatesDidChange
2026-05-25 19:27:36.399 Df WindowServer[619:6900d9] [com.apple.runningboard:monitor] Received state update for 1998 (xpcservice<com.apple.WebKit.WebContent([app<application.com.apple.Safari.1110010.1110894(501)>:1412])(501)>{vt hash: 0}[uuid:7F11A323-3325-49A3-8B05-FE65D8D84821]{definition:com.apple.WebKit.WebContent[standard][client]}:1998, running-active-NotVisible
2026-05-25 19:27:36.506 A  WindowServer[619:6900d9] (RunningBoardServices) observedProcessStatesDidChange
2026-05-25 19:27:36.506 Df WindowServer[619:6900d9] [com.apple.runningboard:monitor] Received state update for 1695 (xpcservice<com.apple.WebKit.WebContent([app<application.com.apple.Safari.1110010.1110894(501)>:1412])(501)>{vt hash: 0}[uuid:F6E9D070-11FB-4B9F-A227-631755511F31]{definition:com.apple.WebKit.WebContent[standard][client]}:1695, running-suspended-NotVisible
2026-05-25 19:27:36.506 A  WindowServer[619:6900d1] (RunningBoardServices) observedProcessStatesDidChange
2026-05-25 19:27:36.506 Df WindowServer[619:6900d1] [com.apple.runningboard:monitor] Received state update for 1998 (xpcservice<com.apple.WebKit.WebContent([app<application.com.apple.Safari.1110010.1110894(501)>:1412])(501)>{vt hash: 0}[uuid:7F11A323-3325-49A3-8B05-FE65D8D84821]{definition:com.apple.WebKit.WebContent[standard][client]}:1998, running-active-NotVisible
2026-05-25 19:27:36.524 A  WindowServer[619:6900d9] (RunningBoardServices) observedProcessStatesDidChange
2026-05-25 19:27:36.524 Df WindowServer[619:6900d9] [com.apple.runningboard:monitor] Received state update for 69507 (xpcservice<com.apple.WebKit.WebContent([app<application.com.apple.Safari.1110010.1110894(501)>:1412])(501)>{vt hash: 0}[uuid:277834F2-3DEF-4513-B417-56632FD4E979]{definition:com.apple.WebKit.WebContent[standard][client]}:69507, running-active-NotVisible
2026-05-25 19:27:36.543 E  WindowServer[619:112f] [com.apple.SkyLight:default] _CGXPackagesSetWindowConstraints: Invalid window
2026-05-25 19:27:36.543 E  WindowServer[619:112f] [com.apple.SkyLight:default] _CGXPackagesSetWindowConstraints: Invalid window
2026-05-25 19:27:36.551 E  WindowServer[619:112f] [com.apple.SkyLight:default] _CGXPackagesSetWindowConstraints: Invalid window
2026-05-25 19:27:36.630 A  WindowServer[619:6900d9] (RunningBoardServices) observedProcessStatesDidChange
2026-05-25 19:27:36.630 Df WindowServer[619:6900d9] [com.apple.runningboard:monitor] Received state update for 69507 (xpcservice<com.apple.WebKit.WebContent([app<application.com.apple.Safari.1110010.1110894(501)>:1412])(501)>{vt hash: 0}[uuid:277834F2-3DEF-4513-B417-56632FD4E979]{definition:com.apple.WebKit.WebContent[standard][client]}:69507, running-active-NotVisible
2026-05-25 19:27:37.355 A  WindowServer[619:6900d9] (RunningBoardServices) observedProcessStatesDidChange
2026-05-25 19:27:37.355 Df WindowServer[619:6900d9] [com.apple.runningboard:monitor] Received state update for 1695 (xpcservice<com.apple.WebKit.WebContent([app<application.com.apple.Safari.1110010.1110894(501)>:1412])(501)>{vt hash: 0}[uuid:F6E9D070-11FB-4B9F-A227-631755511F31]{definition:com.apple.WebKit.WebContent[standard][client]}:1695, running-active-NotVisible
2026-05-25 19:27:37.474 A  WindowServer[619:6900d1] (RunningBoardServices) observedProcessStatesDidChange
2026-05-25 19:27:37.474 Df WindowServer[619:6900d1] [com.apple.runningboard:monitor] Received state update for 1998 (xpcservice<com.apple.WebKit.WebContent([app<application.com.apple.Safari.1110010.1110894(501)>:1412])(501)>{vt hash: 0}[uuid:7F11A323-3325-49A3-8B05-FE65D8D84821]{definition:com.apple.WebKit.WebContent[standard][client]}:1998, running-suspended-NotVisible
2026-05-25 19:27:37.544 E  WindowServer[619:112f] [com.apple.SkyLight:default] _CGXPackagesSetWindowConstraints: Invalid window
2026-05-25 19:27:37.544 E  WindowServer[619:112f] [com.apple.SkyLight:default] _CGXPackagesSetWindowConstraints: Invalid window
2026-05-25 19:27:37.552 E  WindowServer[619:112f] [com.apple.SkyLight:default] _CGXPackagesSetWindowConstraints: Invalid window
2026-05-25 19:27:37.630 A  WindowServer[619:6900d1] (RunningBoardServices) observedProcessStatesDidChange
2026-05-25 19:27:37.630 Df WindowServer[619:6900d1] [com.apple.runningboard:monitor] Received state update for 69507 (xpcservice<com.apple.WebKit.WebContent([app<application.com.apple.Safari.1110010.1110894(501)>:1412])(501)>{vt hash: 0}[uuid:277834F2-3DEF-4513-B417-56632FD4E979]{definition:com.apple.WebKit.WebContent[standard][client]}:69507, running-suspended-NotVisible
2026-05-25 19:27:38.539 E  WindowServer[619:112f] [com.apple.SkyLight:default] _CGXPackagesSetWindowConstraints: Invalid window
2026-05-25 19:27:38.539 E  WindowServer[619:112f] [com.apple.SkyLight:default] _CGXPackagesSetWindowConstraints: Invalid window
2026-05-25 19:27:38.564 E  WindowServer[619:112f] [com.apple.SkyLight:default] _CGXPackagesSetWindowConstraints: Invalid window
2026-05-25 19:27:39.539 E  WindowServer[619:112f] [com.apple.SkyLight:default] _CGXPackagesSetWindowConstraints: Invalid window
2026-05-25 19:27:39.539 E  WindowServer[619:112f] [com.apple.SkyLight:default] _CGXPackagesSetWindowConstraints: Invalid window
2026-05-25 19:27:39.547 E  WindowServer[619:112f] [com.apple.SkyLight:default] _CGXPackagesSetWindowConstraints: Invalid window
2026-05-25 19:27:40.539 E  WindowServer[619:112f] [com.apple.SkyLight:default] _CGXPackagesSetWindowConstraints: Invalid window
2026-05-25 19:27:40.539 E  WindowServer[619:112f] [com.apple.SkyLight:default] _CGXPackagesSetWindowConstraints: Invalid window
2026-05-25 19:27:40.552 E  WindowServer[619:112f] [com.apple.SkyLight:default] _CGXPackagesSetWindowConstraints: Invalid window
2026-05-25 19:27:40.765 A  WindowServer[619:6900d9] (RunningBoardServices) observedProcessStatesDidChange
2026-05-25 19:27:40.765 Df WindowServer[619:6900d9] [com.apple.runningboard:monitor] Received state update for 1695 (xpcservice<com.apple.WebKit.WebContent([app<application.com.apple.Safari.1110010.1110894(501)>:1412])(501)>{vt hash: 0}[uuid:F6E9D070-11FB-4B9F-A227-631755511F31]{definition:com.apple.WebKit.WebContent[standard][client]}:1695, running-active-NotVisible
2026-05-25 19:27:40.872 A  WindowServer[619:6900d1] (RunningBoardServices) observedProcessStatesDidChange
2026-05-25 19:27:40.872 Df WindowServer[619:6900d1] [com.apple.runningboard:monitor] Received state update for 1695 (xpcservice<com.apple.WebKit.WebContent([app<application.com.apple.Safari.1110010.1110894(501)>:1412])(501)>{vt hash: 0}[uuid:F6E9D070-11FB-4B9F-A227-631755511F31]{definition:com.apple.WebKit.WebContent[standard][client]}:1695, running-active-NotVisible
2026-05-25 19:27:41.539 E  WindowServer[619:112f] [com.apple.SkyLight:default] _CGXPackagesSetWindowConstraints: Invalid window
2026-05-25 19:27:41.539 E  WindowServer[619:112f] [com.apple.SkyLight:default] _CGXPackagesSetWindowConstraints: Invalid window
2026-05-25 19:27:41.555 E  WindowServer[619:112f] [com.apple.SkyLight:default] _CGXPackagesSetWindowConstraints: Invalid window
2026-05-25 19:27:41.872 A  WindowServer[619:6900d9] (RunningBoardServices) observedProcessStatesDidChange
2026-05-25 19:27:41.873 Df WindowServer[619:6900d9] [com.apple.runningboard:monitor] Received state update for 1695 (xpcservice<com.apple.WebKit.WebContent([app<application.com.apple.Safari.1110010.1110894(501)>:1412])(501)>{vt hash: 0}[uuid:F6E9D070-11FB-4B9F-A227-631755511F31]{definition:com.apple.WebKit.WebContent[standard][client]}:1695, running-suspended-NotVisible
2026-05-25 19:27:42.463 A  WindowServer[619:6900d1] (RunningBoardServices) observedProcessStatesDidChange
2026-05-25 19:27:42.463 Df WindowServer[619:6900d1] [com.apple.runningboard:monitor] Received state update for 1695 (xpcservice<com.apple.WebKit.WebContent([app<application.com.apple.Safari.1110010.1110894(501)>:1412])(501)>{vt hash: 0}[uuid:F6E9D070-11FB-4B9F-A227-631755511F31]{definition:com.apple.WebKit.WebContent[standard][client]}:1695, running-active-NotVisible
2026-05-25 19:27:42.539 E  WindowServer[619:112f] [com.apple.SkyLight:default] _CGXPackagesSetWindowConstraints: Invalid window
2026-05-25 19:27:42.539 E  WindowServer[619:112f] [com.apple.SkyLight:default] _CGXPackagesSetWindowConstraints: Invalid window
2026-05-25 19:27:42.553 E  WindowServer[619:112f] [com.apple.SkyLight:default] _CGXPackagesSetWindowConstraints: Invalid window
2026-05-25 19:27:43.538 E  WindowServer[619:112f] [com.apple.SkyLight:default] _CGXPackagesSetWindowConstraints: Invalid window
2026-05-25 19:27:43.539 E  WindowServer[619:112f] [com.apple.SkyLight:default] _CGXPackagesSetWindowConstraints: Invalid window
2026-05-25 19:27:43.554 E  WindowServer[619:112f] [com.apple.SkyLight:default] _CGXPackagesSetWindowConstraints: Invalid window
2026-05-25 19:27:44.539 E  WindowServer[619:112f] [com.apple.SkyLight:default] _CGXPackagesSetWindowConstraints: Invalid window
2026-05-25 19:27:44.540 E  WindowServer[619:112f] [com.apple.SkyLight:default] _CGXPackagesSetWindowConstraints: Invalid window
2026-05-25 19:27:44.558 E  WindowServer[619:112f] [com.apple.SkyLight:default] _CGXPackagesSetWindowConstraints: Invalid window
2026-05-25 19:27:45.540 E  WindowServer[619:112f] [com.apple.SkyLight:default] _CGXPackagesSetWindowConstraints: Invalid window
2026-05-25 19:27:45.540 E  WindowServer[619:112f] [com.apple.SkyLight:default] _CGXPackagesSetWindowConstraints: Invalid window
2026-05-25 19:27:45.560 E  WindowServer[619:112f] [com.apple.SkyLight:default] _CGXPackagesSetWindowConstraints: Invalid window
2026-05-25 19:27:45.674 A  WindowServer[619:68eadb] (RunningBoardServices) observedProcessStatesDidChange
2026-05-25 19:27:45.674 Df WindowServer[619:68eadb] [com.apple.runningboard:monitor] Received state update for 1695 (xpcservice<com.apple.WebKit.WebContent([app<application.com.apple.Safari.1110010.1110894(501)>:1412])(501)>{vt hash: 0}[uuid:F6E9D070-11FB-4B9F-A227-631755511F31]{definition:com.apple.WebKit.WebContent[standard][client]}:1695, running-active-NotVisible
2026-05-25 19:27:45.692 A  WindowServer[619:68eadb] (RunningBoardServices) observedProcessStatesDidChange
2026-05-25 19:27:45.692 Df WindowServer[619:68eadb] [com.apple.runningboard:monitor] Received state update for 1695 (xpcservice<com.apple.WebKit.WebContent([app<application.com.apple.Safari.1110010.1110894(501)>:1412])(501)>{vt hash: 0}[uuid:F6E9D070-11FB-4B9F-A227-631755511F31]{definition:com.apple.WebKit.WebContent[standard][client]}:1695, running-active-NotVisible
2026-05-25 19:27:46.542 E  WindowServer[619:112f] [com.apple.SkyLight:default] _CGXPackagesSetWindowConstraints: Invalid window
2026-05-25 19:27:46.542 E  WindowServer[619:112f] [com.apple.SkyLight:default] _CGXPackagesSetWindowConstraints: Invalid window
2026-05-25 19:27:46.550 E  WindowServer[619:112f] [com.apple.SkyLight:default] _CGXPackagesSetWindowConstraints: Invalid window
2026-05-25 19:27:46.766 A  WindowServer[619:6900d1] (RunningBoardServices) observedProcessStatesDidChange
2026-05-25 19:27:46.766 Df WindowServer[619:6900d1] [com.apple.runningboard:monitor] Received state update for 1503 (app<application.com.apple.MobileSMS.1152921500311888381.1152921500311888451(501)>, running-active-NotVisible
2026-05-25 19:27:46.767 A  WindowServer[619:68eadb] (RunningBoardServices) observedProcessStatesDidChange
2026-05-25 19:27:46.767 Df WindowServer[619:68eadb] [com.apple.runningboard:monitor] Received state update for 17038 (xpcservice<com.apple.PaperKit.extension.ui([app<application.com.apple.Notes.1152921500311894402.1152921500311894407(501)>:1411])(501)>{vt hash: 215804005}{definition:com.apple.PaperKit.extension.ui[extension][client]}, running-active-NotVisible
2026-05-25 19:27:46.768 A  WindowServer[619:68eadb] (RunningBoardServices) observedProcessStatesDidChange
2026-05-25 19:27:46.768 Df WindowServer[619:68eadb] [com.apple.runningboard:monitor] Received state update for 19859 (app<application.com.apple.podcasts.1152921500311897422.1152921500311898026(501)>, running-active-NotVisible
2026-05-25 19:27:46.769 A  WindowServer[619:68eadb] (RunningBoardServices) observedProcessStatesDidChange
2026-05-25 19:27:46.769 Df WindowServer[619:68eadb] [com.apple.runningboard:monitor] Received state update for 1526 (app<Unknown(1526)(501)>, running-active-NotVisible
2026-05-25 19:27:46.780 A  WindowServer[619:68eadb] (RunningBoardServices) observedProcessStatesDidChange
2026-05-25 19:27:46.780 Df WindowServer[619:68eadb] [com.apple.runningboard:monitor] Received state update for 19859 (app<application.com.apple.podcasts.1152921500311897422.1152921500311898026(501)>, running-active-NotVisible
2026-05-25 19:27:46.780 A  WindowServer[619:6900d1] (RunningBoardServices) observedProcessStatesDidChange
2026-05-25 19:27:46.780 Df WindowServer[619:6900d1] [com.apple.runningboard:monitor] Received state update for 1695 (xpcservice<com.apple.WebKit.WebContent([app<application.com.apple.Safari.1110010.1110894(501)>:1412])(501)>{vt hash: 0}[uuid:F6E9D070-11FB-4B9F-A227-631755511F31]{definition:com.apple.WebKit.WebContent[standard][client]}:1695, running-suspended-NotVisible
2026-05-25 19:27:46.780 Df WindowServer[619:6900d1] [com.apple.runningboard:monitor] Received state update for 17038 (xpcservice<com.apple.PaperKit.extension.ui([app<application.com.apple.Notes.1152921500311894402.1152921500311894407(501)>:1411])(501)>{vt hash: 215804005}{definition:com.apple.PaperKit.extension.ui[extension][client]}, running-active-NotVisible
2026-05-25 19:27:46.780 Df WindowServer[619:6900d1] [com.apple.runningboard:monitor] Received state update for 1503 (app<application.com.apple.MobileSMS.1152921500311888381.1152921500311888451(501)>, running-active-NotVisible
2026-05-25 19:27:46.822 A  WindowServer[619:6900d1] (RunningBoardServices) observedProcessStatesDidChange
2026-05-25 19:27:46.822 Df WindowServer[619:6900d1] [com.apple.runningboard:process] Hit the server for a process handle 93d766d00002f8b that resolved to: [xpcservice<com.apple.WebKit.WebContent([app<application.com.apple.Safari.1110010.1110894(501)>:1412])(501)>{vt hash: 0}[uuid:E30AE4AB-0846-4F91-BD72-BA399D603BE2]{definition:com.apple.WebKit.WebContent[standard][client]}:12171:12171]
2026-05-25 19:27:46.822 Df WindowServer[619:6900d1] [com.apple.runningboard:monitor] Received state update for 12171 (xpcservice<com.apple.WebKit.WebContent([app<application.com.apple.Safari.1110010.1110894(501)>:1412])(501)>{vt hash: 0}[uuid:E30AE4AB-0846-4F91-BD72-BA399D603BE2]{definition:com.apple.WebKit.WebContent[standard][client]}:12171, running-suspended-NotVisible
2026-05-25 19:27:46.823 A  WindowServer[619:6900d9] (RunningBoardServices) observedProcessStatesDidChange
2026-05-25 19:27:46.823 Df WindowServer[619:6900d9] [com.apple.runningboard:monitor] Received state update for 12171 (xpcservice<com.apple.WebKit.WebContent([app<application.com.apple.Safari.1110010.1110894(501)>:1412])(501)>{vt hash: 0}[uuid:E30AE4AB-0846-4F91-BD72-BA399D603BE2]{definition:com.apple.WebKit.WebContent[standard][client]}:12171, running-active-NotVisible
2026-05-25 19:27:47.127 A  WindowServer[619:6900d1] (RunningBoardServices) observedProcessStatesDidChange
2026-05-25 19:27:47.127 Df WindowServer[619:6900d1] [com.apple.runningboard:monitor] Received state update for 1503 (app<application.com.apple.MobileSMS.1152921500311888381.1152921500311888451(501)>, running-active-NotVisible
2026-05-25 19:27:47.127 A  WindowServer[619:6900d1] (RunningBoardServices) observedProcessStatesDidChange
2026-05-25 19:27:47.127 Df WindowServer[619:6900d1] [com.apple.runningboard:monitor] Received state update for 17038 (xpcservice<com.apple.PaperKit.extension.ui([app<application.com.apple.Notes.1152921500311894402.1152921500311894407(501)>:1411])(501)>{vt hash: 215804005}{definition:com.apple.PaperKit.extension.ui[extension][client]}, running-active-NotVisible
2026-05-25 19:27:47.128 A  WindowServer[619:68eadb] (RunningBoardServices) observedProcessStatesDidChange
2026-05-25 19:27:47.128 Df WindowServer[619:68eadb] [com.apple.runningboard:monitor] Received state update for 19859 (app<application.com.apple.podcasts.1152921500311897422.1152921500311898026(501)>, running-active-NotVisible
2026-05-25 19:27:47.229 A  WindowServer[619:6900d1] (RunningBoardServices) observedProcessStatesDidChange
2026-05-25 19:27:47.229 Df WindowServer[619:6900d1] [com.apple.runningboard:monitor] Received state update for 17038 (xpcservice<com.apple.PaperKit.extension.ui([app<application.com.apple.Notes.1152921500311894402.1152921500311894407(501)>:1411])(501)>{vt hash: 215804005}{definition:com.apple.PaperKit.extension.ui[extension][client]}, running-active-NotVisible
2026-05-25 19:27:47.229 A  WindowServer[619:68eadb] (RunningBoardServices) observedProcessStatesDidChange
2026-05-25 19:27:47.229 Df WindowServer[619:68eadb] [com.apple.runningboard:monitor] Received state update for 1503 (app<application.com.apple.MobileSMS.1152921500311888381.1152921500311888451(501)>, running-active-NotVisible
2026-05-25 19:27:47.229 Df WindowServer[619:68eadb] [com.apple.runningboard:monitor] Received state update for 19859 (app<application.com.apple.podcasts.1152921500311897422.1152921500311898026(501)>, running-active-NotVisible
2026-05-25 19:27:47.543 E  WindowServer[619:112f] [com.apple.SkyLight:default] _CGXPackagesSetWindowConstraints: Invalid window
2026-05-25 19:27:47.543 E  WindowServer[619:112f] [com.apple.SkyLight:default] _CGXPackagesSetWindowConstraints: Invalid window
2026-05-25 19:27:47.552 E  WindowServer[619:112f] [com.apple.SkyLight:default] _CGXPackagesSetWindowConstraints: Invalid window
2026-05-25 19:27:47.555 A  WindowServer[619:6900d1] (RunningBoardServices) observedProcessStatesDidChange
2026-05-25 19:27:47.555 Df WindowServer[619:6900d1] [com.apple.runningboard:monitor] Received state update for 1695 (xpcservice<com.apple.WebKit.WebContent([app<application.com.apple.Safari.1110010.1110894(501)>:1412])(501)>{vt hash: 0}[uuid:F6E9D070-11FB-4B9F-A227-631755511F31]{definition:com.apple.WebKit.WebContent[standard][client]}:1695, running-active-NotVisible
2026-05-25 19:27:48.545 E  WindowServer[619:112f] [com.apple.SkyLight:default] _CGXPackagesSetWindowConstraints: Invalid window
2026-05-25 19:27:48.545 E  WindowServer[619:112f] [com.apple.SkyLight:default] _CGXPackagesSetWindowConstraints: Invalid window
2026-05-25 19:27:48.551 E  WindowServer[619:112f] [com.apple.SkyLight:default] _CGXPackagesSetWindowConstraints: Invalid window
2026-05-25 19:27:49.539 E  WindowServer[619:112f] [com.apple.SkyLight:default] _CGXPackagesSetWindowConstraints: Invalid window
2026-05-25 19:27:49.539 E  WindowServer[619:112f] [com.apple.SkyLight:default] _CGXPackagesSetWindowConstraints: Invalid window
2026-05-25 19:27:50.189 A  WindowServer[619:68eadb] (RunningBoardServices) observedProcessStatesDidChange
2026-05-25 19:27:50.189 Df WindowServer[619:68eadb] [com.apple.runningboard:monitor] Received state update for 12146 (xpcservice<com.apple.WebKit.Networking([xpcservice<com.apple.Safari.CacheDeleteExtension([osservice<com.apple.cache_delete(501)>:8185])(501)>{vt hash: 0}{definition:com.apple.Safari.CacheDeleteExtension[extension][client]}:12139])(501)>{vt hash: 0}[uuid:DA7FFB8A-FA14-4F6A-849F-FBED97812370]{definition:com.apple.WebKit.Networking[standard][client]}:12146, none-NotVisible
2026-05-25 19:27:50.190 A  WindowServer[619:6900d1] (RunningBoardServices) observedProcessStatesDidChange
2026-05-25 19:27:50.190 Df WindowServer[619:6900d1] [com.apple.runningboard:monitor] Received state update for 12146 (xpcservice<com.apple.WebKit.Networking([xpcservice<com.apple.Safari.CacheDeleteExtension([osservice<com.apple.cache_delete(501)>:8185])(501)>{vt hash: 0}{definition:com.apple.Safari.CacheDeleteExtension[extension][client]}:12139])(501)>{vt hash: 0}[uuid:DA7FFB8A-FA14-4F6A-849F-FBED97812370]{definition:com.apple.WebKit.Networking[standard][client]}:12146, none-NotVisible
2026-05-25 19:27:50.539 E  WindowServer[619:112f] [com.apple.SkyLight:default] _CGXPackagesSetWindowConstraints: Invalid window
2026-05-25 19:27:50.539 E  WindowServer[619:112f] [com.apple.SkyLight:default] _CGXPackagesSetWindowConstraints: Invalid window
2026-05-25 19:27:50.789 A  WindowServer[619:68eadb] (RunningBoardServices) observedProcessStatesDidChange
2026-05-25 19:27:50.789 Df WindowServer[619:68eadb] [com.apple.runningboard:monitor] Received state update for 1695 (xpcservice<com.apple.WebKit.WebContent([app<application.com.apple.Safari.1110010.1110894(501)>:1412])(501)>{vt hash: 0}[uuid:F6E9D070-11FB-4B9F-A227-631755511F31]{definition:com.apple.WebKit.WebContent[standard][client]}:1695, running-active-NotVisible
2026-05-25 19:27:50.896 A  WindowServer[619:68eadb] (RunningBoardServices) observedProcessStatesDidChange
2026-05-25 19:27:50.896 Df WindowServer[619:68eadb] [com.apple.runningboard:monitor] Received state update for 1695 (xpcservice<com.apple.WebKit.WebContent([app<application.com.apple.Safari.1110010.1110894(501)>:1412])(501)>{vt hash: 0}[uuid:F6E9D070-11FB-4B9F-A227-631755511F31]{definition:com.apple.WebKit.WebContent[standard][client]}:1695, running-active-NotVisible
2026-05-25 19:27:51.539 E  WindowServer[619:112f] [com.apple.SkyLight:default] _CGXPackagesSetWindowConstraints: Invalid window
2026-05-25 19:27:51.539 E  WindowServer[619:112f] [com.apple.SkyLight:default] _CGXPackagesSetWindowConstraints: Invalid window
2026-05-25 19:27:51.552 E  WindowServer[619:112f] [com.apple.SkyLight:default] _CGXPackagesSetWindowConstraints: Invalid window
2026-05-25 19:27:51.897 A  WindowServer[619:6900d9] (RunningBoardServices) observedProcessStatesDidChange
2026-05-25 19:27:51.897 Df WindowServer[619:6900d9] [com.apple.runningboard:monitor] Received state update for 1695 (xpcservice<com.apple.WebKit.WebContent([app<application.com.apple.Safari.1110010.1110894(501)>:1412])(501)>{vt hash: 0}[uuid:F6E9D070-11FB-4B9F-A227-631755511F31]{definition:com.apple.WebKit.WebContent[standard][client]}:1695, running-suspended-NotVisible
2026-05-25 19:27:52.538 E  WindowServer[619:112f] [com.apple.SkyLight:default] _CGXPackagesSetWindowConstraints: Invalid window
2026-05-25 19:27:52.539 E  WindowServer[619:112f] [com.apple.SkyLight:default] _CGXPackagesSetWindowConstraints: Invalid window
2026-05-25 19:27:52.555 E  WindowServer[619:112f] [com.apple.SkyLight:default] _CGXPackagesSetWindowConstraints: Invalid window
2026-05-25 19:27:52.656 A  WindowServer[619:6900d1] (RunningBoardServices) observedProcessStatesDidChange
2026-05-25 19:27:52.656 Df WindowServer[619:6900d1] [com.apple.runningboard:monitor] Received state update for 1695 (xpcservice<com.apple.WebKit.WebContent([app<application.com.apple.Safari.1110010.1110894(501)>:1412])(501)>{vt hash: 0}[uuid:F6E9D070-11FB-4B9F-A227-631755511F31]{definition:com.apple.WebKit.WebContent[standard][client]}:1695, running-active-NotVisible
2026-05-25 19:27:52.856 A  WindowServer[619:6900d9] (RunningBoardServices) observedProcessStatesDidChange
2026-05-25 19:27:52.856 Df WindowServer[619:6900d9] [com.apple.runningboard:monitor] Received state update for 1526 (app<Unknown(1526)(501)>, running-active-NotVisible
2026-05-25 19:27:53.539 E  WindowServer[619:112f] [com.apple.SkyLight:default] _CGXPackagesSetWindowConstraints: Invalid window
2026-05-25 19:27:53.539 E  WindowServer[619:112f] [com.apple.SkyLight:default] _CGXPackagesSetWindowConstraints: Invalid window
2026-05-25 19:27:53.553 E  WindowServer[619:112f] [com.apple.SkyLight:default] _CGXPackagesSetWindowConstraints: Invalid window
2026-05-25 19:27:54.540 E  WindowServer[619:112f] [com.apple.SkyLight:default] _CGXPackagesSetWindowConstraints: Invalid window
2026-05-25 19:27:54.540 E  WindowServer[619:112f] [com.apple.SkyLight:default] _CGXPackagesSetWindowConstraints: Invalid window
2026-05-25 19:27:55.539 E  WindowServer[619:112f] [com.apple.SkyLight:default] _CGXPackagesSetWindowConstraints: Invalid window
2026-05-25 19:27:55.539 E  WindowServer[619:112f] [com.apple.SkyLight:default] _CGXPackagesSetWindowConstraints: Invalid window
2026-05-25 19:27:55.556 E  WindowServer[619:112f] [com.apple.SkyLight:default] _CGXPackagesSetWindowConstraints: Invalid window
2026-05-25 19:27:55.856 A  WindowServer[619:6900d9] (RunningBoardServices) observedProcessStatesDidChange
2026-05-25 19:27:55.856 Df WindowServer[619:6900d9] [com.apple.runningboard:monitor] Received state update for 1695 (xpcservice<com.apple.WebKit.WebContent([app<application.com.apple.Safari.1110010.1110894(501)>:1412])(501)>{vt hash: 0}[uuid:F6E9D070-11FB-4B9F-A227-631755511F31]{definition:com.apple.WebKit.WebContent[standard][client]}:1695, running-active-NotVisible
2026-05-25 19:27:55.963 A  WindowServer[619:6900d1] (RunningBoardServices) observedProcessStatesDidChange
2026-05-25 19:27:55.963 Df WindowServer[619:6900d1] [com.apple.runningboard:monitor] Received state update for 1695 (xpcservice<com.apple.WebKit.WebContent([app<application.com.apple.Safari.1110010.1110894(501)>:1412])(501)>{vt hash: 0}[uuid:F6E9D070-11FB-4B9F-A227-631755511F31]{definition:com.apple.WebKit.WebContent[standard][client]}:1695, running-active-NotVisible
2026-05-25 19:27:56.540 E  WindowServer[619:112f] [com.apple.SkyLight:default] _CGXPackagesSetWindowConstraints: Invalid window
2026-05-25 19:27:56.540 E  WindowServer[619:112f] [com.apple.SkyLight:default] _CGXPackagesSetWindowConstraints: Invalid window
2026-05-25 19:27:56.548 E  WindowServer[619:112f] [com.apple.SkyLight:default] _CGXPackagesSetWindowConstraints: Invalid window
2026-05-25 19:27:56.963 A  WindowServer[619:6900d9] (RunningBoardServices) observedProcessStatesDidChange
2026-05-25 19:27:56.964 Df WindowServer[619:6900d9] [com.apple.runningboard:monitor] Received state update for 1695 (xpcservice<com.apple.WebKit.WebContent([app<application.com.apple.Safari.1110010.1110894(501)>:1412])(501)>{vt hash: 0}[uuid:F6E9D070-11FB-4B9F-A227-631755511F31]{definition:com.apple.WebKit.WebContent[standard][client]}:1695, running-suspended-NotVisible
2026-05-25 19:27:57.542 E  WindowServer[619:112f] [com.apple.SkyLight:default] _CGXPackagesSetWindowConstraints: Invalid window
2026-05-25 19:27:57.542 E  WindowServer[619:112f] [com.apple.SkyLight:default] _CGXPackagesSetWindowConstraints: Invalid window
2026-05-25 19:27:57.549 E  WindowServer[619:112f] [com.apple.SkyLight:default] _CGXPackagesSetWindowConstraints: Invalid window
2026-05-25 19:27:57.756 A  WindowServer[619:6900d1] (RunningBoardServices) observedProcessStatesDidChange
2026-05-25 19:27:57.756 Df WindowServer[619:6900d1] [com.apple.runningboard:monitor] Received state update for 1695 (xpcservice<com.apple.WebKit.WebContent([app<application.com.apple.Safari.1110010.1110894(501)>:1412])(501)>{vt hash: 0}[uuid:F6E9D070-11FB-4B9F-A227-631755511F31]{definition:com.apple.WebKit.WebContent[standard][client]}:1695, running-active-NotVisible
2026-05-25 19:27:58.543 E  WindowServer[619:112f] [com.apple.SkyLight:default] _CGXPackagesSetWindowConstraints: Invalid window
2026-05-25 19:27:58.543 E  WindowServer[619:112f] [com.apple.SkyLight:default] _CGXPackagesSetWindowConstraints: Invalid window
2026-05-25 19:27:58.552 E  WindowServer[619:112f] [com.apple.SkyLight:default] _CGXPackagesSetWindowConstraints: Invalid window
2026-05-25 19:27:59.544 E  WindowServer[619:112f] [com.apple.SkyLight:default] _CGXPackagesSetWindowConstraints: Invalid window
2026-05-25 19:27:59.544 E  WindowServer[619:112f] [com.apple.SkyLight:default] _CGXPackagesSetWindowConstraints: Invalid window
2026-05-25 19:27:59.551 E  WindowServer[619:112f] [com.apple.SkyLight:default] _CGXPackagesSetWindowConstraints: Invalid window
2026-05-25 19:28:00.538 E  WindowServer[619:112f] [com.apple.SkyLight:default] _CGXPackagesSetWindowConstraints: Invalid window
2026-05-25 19:28:00.538 E  WindowServer[619:112f] [com.apple.SkyLight:default] _CGXPackagesSetWindowConstraints: Invalid window
2026-05-25 19:28:00.552 E  WindowServer[619:112f] [com.apple.SkyLight:default] _CGXPackagesSetWindowConstraints: Invalid window
2026-05-25 19:28:00.886 I  WindowServer[619:112f] [com.apple.SkyLight:packages] 0[outside of RPC]: location status 0
2026-05-25 19:28:00.981 A  WindowServer[619:6900d9] (RunningBoardServices) observedProcessStatesDidChange
2026-05-25 19:28:00.982 Df WindowServer[619:6900d9] [com.apple.runningboard:monitor] Received state update for 1695 (xpcservice<com.apple.WebKit.WebContent([app<application.com.apple.Safari.1110010.1110894(501)>:1412])(501)>{vt hash: 0}[uuid:F6E9D070-11FB-4B9F-A227-631755511F31]{definition:com.apple.WebKit.WebContent[standard][client]}:1695, running-active-NotVisible
2026-05-25 19:28:01.088 A  WindowServer[619:6900d1] (RunningBoardServices) observedProcessStatesDidChange
2026-05-25 19:28:01.088 Df WindowServer[619:6900d1] [com.apple.runningboard:monitor] Received state update for 1695 (xpcservice<com.apple.WebKit.WebContent([app<application.com.apple.Safari.1110010.1110894(501)>:1412])(501)>{vt hash: 0}[uuid:F6E9D070-11FB-4B9F-A227-631755511F31]{definition:com.apple.WebKit.WebContent[standard][client]}:1695, running-active-NotVisible
2026-05-25 19:28:01.538 E  WindowServer[619:112f] [com.apple.SkyLight:default] _CGXPackagesSetWindowConstraints: Invalid window
2026-05-25 19:28:01.538 E  WindowServer[619:112f] [com.apple.SkyLight:default] _CGXPackagesSetWindowConstraints: Invalid window
2026-05-25 19:28:01.550 E  WindowServer[619:112f] [com.apple.SkyLight:default] _CGXPackagesSetWindowConstraints: Invalid window
2026-05-25 19:28:02.088 A  WindowServer[619:6900d9] (RunningBoardServices) observedProcessStatesDidChange
2026-05-25 19:28:02.088 Df WindowServer[619:6900d9] [com.apple.runningboard:monitor] Received state update for 1695 (xpcservice<com.apple.WebKit.WebContent([app<application.com.apple.Safari.1110010.1110894(501)>:1412])(501)>{vt hash: 0}[uuid:F6E9D070-11FB-4B9F-A227-631755511F31]{definition:com.apple.WebKit.WebContent[standard][client]}:1695, running-suspended-NotVisible
2026-05-25 19:28:02.199 A  WindowServer[619:6906f3] (RunningBoardServices) observedProcessStatesDidChange
2026-05-25 19:28:02.199 Df WindowServer[619:6906f3] [com.apple.runningboard:monitor] Received state update for 4163 (xpcservice<com.apple.lighthouse.IFTelemetrySELFIngestor([xpcservice<com.apple.lighthouse.SAExtensionOrchestrator([osservice<com.apple.assistantd(501)>:1900])(501)>{vt hash: 0}{definition:com.apple.lighthouse.SAExtensionOrchestrator[standard][client]}:4158:4158])(501)>{vt hash: 236615878}{definition:com.apple.lighthouse.IFTelemetrySELFIngestor[extension][client]}, none-NotVisible
2026-05-25 19:28:02.200 A  WindowServer[619:6900d9] (RunningBoardServices) observedProcessStatesDidChange
2026-05-25 19:28:02.200 Df WindowServer[619:6900d9] [com.apple.runningboard:monitor] Received state update for 4162 (xpcservice<com.apple.lighthouse.BiomeSELFIngestor([xpcservice<com.apple.lighthouse.SAExtensionOrchestrator([osservice<com.apple.assistantd(501)>:1900])(501)>{vt hash: 0}{definition:com.apple.lighthouse.SAExtensionOrchestrator[standard][client]}:4158:4158])(501)>{vt hash: 236615833}{definition:com.apple.lighthouse.BiomeSELFIngestor[extension][client]}, none-NotVisible
2026-05-25 19:28:02.200 A  WindowServer[619:6906f3] (RunningBoardServices) observedProcessStatesDidChange
2026-05-25 19:28:02.200 Df WindowServer[619:6906f3] [com.apple.runningboard:monitor] Received state update for 4160 (xpcservice<com.apple.siri.GMSSELFIngestor([xpcservice<com.apple.lighthouse.SAExtensionOrchestrator([osservice<com.apple.assistantd(501)>:1900])(501)>{vt hash: 0}{definition:com.apple.lighthouse.SAExtensionOrchestrator[standard][client]}:4158:4158])(501)>{vt hash: 111280681}{definition:com.apple.siri.GMSSELFIngestor[extension][client]}, none-NotVisible
2026-05-25 19:28:02.201 A  WindowServer[619:6900d9] (RunningBoardServices) observedProcessStatesDidChange
2026-05-25 19:28:02.201 Df WindowServer[619:6900d9] [com.apple.runningboard:monitor] Received state update for 4161 (xpcservice<com.apple.lighthouse.IFTranscriptSELFIngestor([xpcservice<com.apple.lighthouse.SAExtensionOrchestrator([osservice<com.apple.assistantd(501)>:1900])(501)>{vt hash: 0}{definition:com.apple.lighthouse.SAExtensionOrchestrator[standard][client]}:4158:4158])(501)>{vt hash: 236615878}{definition:com.apple.lighthouse.IFTranscriptSELFIngestor[extension][client]}, none-NotVisible
2026-05-25 19:28:02.540 E  WindowServer[619:112f] [com.apple.SkyLight:default] _CGXPackagesSetWindowConstraints: Invalid window
2026-05-25 19:28:02.540 E  WindowServer[619:112f] [com.apple.SkyLight:default] _CGXPackagesSetWindowConstraints: Invalid window
2026-05-25 19:28:02.552 E  WindowServer[619:112f] [com.apple.SkyLight:default] _CGXPackagesSetWindowConstraints: Invalid window
2026-05-25 19:28:02.856 A  WindowServer[619:6906f3] (RunningBoardServices) observedProcessStatesDidChange
2026-05-25 19:28:02.856 Df WindowServer[619:6906f3] [com.apple.runningboard:monitor] Received state update for 1695 (xpcservice<com.apple.WebKit.WebContent([app<application.com.apple.Safari.1110010.1110894(501)>:1412])(501)>{vt hash: 0}[uuid:F6E9D070-11FB-4B9F-A227-631755511F31]{definition:com.apple.WebKit.WebContent[standard][client]}:1695, running-active-NotVisible
2026-05-25 19:28:03.538 E  WindowServer[619:112f] [com.apple.SkyLight:default] _CGXPackagesSetWindowConstraints: Invalid window
2026-05-25 19:28:03.538 E  WindowServer[619:112f] [com.apple.SkyLight:default] _CGXPackagesSetWindowConstraints: Invalid window
2026-05-25 19:28:03.551 E  WindowServer[619:112f] [com.apple.SkyLight:default] _CGXPackagesSetWindowConstraints: Invalid window
2026-05-25 19:28:04.539 E  WindowServer[619:112f] [com.apple.SkyLight:default] _CGXPackagesSetWindowConstraints: Invalid window
2026-05-25 19:28:04.539 E  WindowServer[619:112f] [com.apple.SkyLight:default] _CGXPackagesSetWindowConstraints: Invalid window
2026-05-25 19:28:04.552 E  WindowServer[619:112f] [com.apple.SkyLight:default] _CGXPackagesSetWindowConstraints: Invalid window
2026-05-25 19:28:05.540 E  WindowServer[619:112f] [com.apple.SkyLight:default] _CGXPackagesSetWindowConstraints: Invalid window
2026-05-25 19:28:05.540 E  WindowServer[619:112f] [com.apple.SkyLight:default] _CGXPackagesSetWindowConstraints: Invalid window
2026-05-25 19:28:05.554 E  WindowServer[619:112f] [com.apple.SkyLight:default] _CGXPackagesSetWindowConstraints: Invalid window
2026-05-25 19:28:06.064 A  WindowServer[619:6900d9] (RunningBoardServices) observedProcessStatesDidChange
2026-05-25 19:28:06.064 Df WindowServer[619:6900d9] [com.apple.runningboard:monitor] Received state update for 1695 (xpcservice<com.apple.WebKit.WebContent([app<application.com.apple.Safari.1110010.1110894(501)>:1412])(501)>{vt hash: 0}[uuid:F6E9D070-11FB-4B9F-A227-631755511F31]{definition:com.apple.WebKit.WebContent[standard][client]}:1695, running-active-NotVisible
2026-05-25 19:28:06.171 A  WindowServer[619:6906f3] (RunningBoardServices) observedProcessStatesDidChange
2026-05-25 19:28:06.171 Df WindowServer[619:6906f3] [com.apple.runningboard:monitor] Received state update for 1695 (xpcservice<com.apple.WebKit.WebContent([app<application.com.apple.Safari.1110010.1110894(501)>:1412])(501)>{vt hash: 0}[uuid:F6E9D070-11FB-4B9F-A227-631755511F31]{definition:com.apple.WebKit.WebContent[standard][client]}:1695, running-active-NotVisible
2026-05-25 19:28:06.539 E  WindowServer[619:112f] [com.apple.SkyLight:default] _CGXPackagesSetWindowConstraints: Invalid window
2026-05-25 19:28:06.539 E  WindowServer[619:112f] [com.apple.SkyLight:default] _CGXPackagesSetWindowConstraints: Invalid window
2026-05-25 19:28:07.171 A  WindowServer[619:6906f3] (RunningBoardServices) observedProcessStatesDidChange
2026-05-25 19:28:07.171 Df WindowServer[619:6906f3] [com.apple.runningboard:monitor] Received state update for 1695 (xpcservice<com.apple.WebKit.WebContent([app<application.com.apple.Safari.1110010.1110894(501)>:1412])(501)>{vt hash: 0}[uuid:F6E9D070-11FB-4B9F-A227-631755511F31]{definition:com.apple.WebKit.WebContent[standard][client]}:1695, running-suspended-NotVisible
2026-05-25 19:28:07.540 E  WindowServer[619:112f] [com.apple.SkyLight:default] _CGXPackagesSetWindowConstraints: Invalid window
2026-05-25 19:28:07.540 E  WindowServer[619:112f] [com.apple.SkyLight:default] _CGXPackagesSetWindowConstraints: Invalid window
2026-05-25 19:28:07.557 E  WindowServer[619:112f] [com.apple.SkyLight:default] _CGXPackagesSetWindowConstraints: Invalid window
2026-05-25 19:28:07.963 A  WindowServer[619:6900d9] (RunningBoardServices) observedProcessStatesDidChange
2026-05-25 19:28:07.963 Df WindowServer[619:6900d9] [com.apple.runningboard:monitor] Received state update for 1695 (xpcservice<com.apple.WebKit.WebContent([app<application.com.apple.Safari.1110010.1110894(501)>:1412])(501)>{vt hash: 0}[uuid:F6E9D070-11FB-4B9F-A227-631755511F31]{definition:com.apple.WebKit.WebContent[standard][client]}:1695, running-active-NotVisible
2026-05-25 19:28:08.542 E  WindowServer[619:112f] [com.apple.SkyLight:default] _CGXPackagesSetWindowConstraints: Invalid window
2026-05-25 19:28:08.542 E  WindowServer[619:112f] [com.apple.SkyLight:default] _CGXPackagesSetWindowConstraints: Invalid window
2026-05-25 19:28:08.549 E  WindowServer[619:112f] [com.apple.SkyLight:default] _CGXPackagesSetWindowConstraints: Invalid window
2026-05-25 19:28:09.544 E  WindowServer[619:112f] [com.apple.SkyLight:default] _CGXPackagesSetWindowConstraints: Invalid window
2026-05-25 19:28:09.544 E  WindowServer[619:112f] [com.apple.SkyLight:default] _CGXPackagesSetWindowConstraints: Invalid window
2026-05-25 19:28:10.545 E  WindowServer[619:112f] [com.apple.SkyLight:default] _CGXPackagesSetWindowConstraints: Invalid window
2026-05-25 19:28:10.545 E  WindowServer[619:112f] [com.apple.SkyLight:default] _CGXPackagesSetWindowConstraints: Invalid window
2026-05-25 19:28:11.206 A  WindowServer[619:6900d1] (RunningBoardServices) observedProcessStatesDidChange
2026-05-25 19:28:11.206 Df WindowServer[619:6900d1] [com.apple.runningboard:monitor] Received state update for 1695 (xpcservice<com.apple.WebKit.WebContent([app<application.com.apple.Safari.1110010.1110894(501)>:1412])(501)>{vt hash: 0}[uuid:F6E9D070-11FB-4B9F-A227-631755511F31]{definition:com.apple.WebKit.WebContent[standard][client]}:1695, running-active-NotVisible
2026-05-25 19:28:11.312 A  WindowServer[619:6900d9] (RunningBoardServices) observedProcessStatesDidChange
2026-05-25 19:28:11.312 Df WindowServer[619:6900d9] [com.apple.runningboard:monitor] Received state update for 1695 (xpcservice<com.apple.WebKit.WebContent([app<application.com.apple.Safari.1110010.1110894(501)>:1412])(501)>{vt hash: 0}[uuid:F6E9D070-11FB-4B9F-A227-631755511F31]{definition:com.apple.WebKit.WebContent[standard][client]}:1695, running-active-NotVisible
2026-05-25 19:28:11.538 E  WindowServer[619:112f] [com.apple.SkyLight:default] _CGXPackagesSetWindowConstraints: Invalid window
2026-05-25 19:28:11.538 E  WindowServer[619:112f] [com.apple.SkyLight:default] _CGXPackagesSetWindowConstraints: Invalid window
2026-05-25 19:28:11.549 E  WindowServer[619:112f] [com.apple.SkyLight:default] _CGXPackagesSetWindowConstraints: Invalid window
2026-05-25 19:28:12.313 A  WindowServer[619:6900d9] (RunningBoardServices) observedProcessStatesDidChange
2026-05-25 19:28:12.313 Df WindowServer[619:6900d9] [com.apple.runningboard:monitor] Received state update for 1695 (xpcservice<com.apple.WebKit.WebContent([app<application.com.apple.Safari.1110010.1110894(501)>:1412])(501)>{vt hash: 0}[uuid:F6E9D070-11FB-4B9F-A227-631755511F31]{definition:com.apple.WebKit.WebContent[standard][client]}:1695, running-suspended-NotVisible
2026-05-25 19:28:12.538 E  WindowServer[619:112f] [com.apple.SkyLight:default] _CGXPackagesSetWindowConstraints: Invalid window
2026-05-25 19:28:12.538 E  WindowServer[619:112f] [com.apple.SkyLight:default] _CGXPackagesSetWindowConstraints: Invalid window
2026-05-25 19:28:12.551 E  WindowServer[619:112f] [com.apple.SkyLight:default] _CGXPackagesSetWindowConstraints: Invalid window
2026-05-25 19:28:12.873 I  WindowServer[619:112f] [com.apple.SkyLight:packages] 0[outside of RPC]: location status 1
2026-05-25 19:28:13.071 A  WindowServer[619:6900d9] (RunningBoardServices) observedProcessStatesDidChange
2026-05-25 19:28:13.072 Df WindowServer[619:6900d9] [com.apple.runningboard:monitor] Received state update for 1695 (xpcservice<com.apple.WebKit.WebContent([app<application.com.apple.Safari.1110010.1110894(501)>:1412])(501)>{vt hash: 0}[uuid:F6E9D070-11FB-4B9F-A227-631755511F31]{definition:com.apple.WebKit.WebContent[standard][client]}:1695, running-active-NotVisible
2026-05-25 19:28:13.538 E  WindowServer[619:112f] [com.apple.SkyLight:default] _CGXPackagesSetWindowConstraints: Invalid window
2026-05-25 19:28:13.538 E  WindowServer[619:112f] [com.apple.SkyLight:default] _CGXPackagesSetWindowConstraints: Invalid window
2026-05-25 19:28:13.550 E  WindowServer[619:112f] [com.apple.SkyLight:default] _CGXPackagesSetWindowConstraints: Invalid window
2026-05-25 19:28:14.537 E  WindowServer[619:112f] [com.apple.SkyLight:default] _CGXPackagesSetWindowConstraints: Invalid window
2026-05-25 19:28:14.537 E  WindowServer[619:112f] [com.apple.SkyLight:default] _CGXPackagesSetWindowConstraints: Invalid window
2026-05-25 19:28:14.551 E  WindowServer[619:112f] [com.apple.SkyLight:default] _CGXPackagesSetWindowConstraints: Invalid window
2026-05-25 19:28:15.539 E  WindowServer[619:112f] [com.apple.SkyLight:default] _CGXPackagesSetWindowConstraints: Invalid window
2026-05-25 19:28:15.539 E  WindowServer[619:112f] [com.apple.SkyLight:default] _CGXPackagesSetWindowConstraints: Invalid window
2026-05-25 19:28:16.264 A  WindowServer[619:6900d1] (RunningBoardServices) observedProcessStatesDidChange
2026-05-25 19:28:16.264 Df WindowServer[619:6900d1] [com.apple.runningboard:monitor] Received state update for 1695 (xpcservice<com.apple.WebKit.WebContent([app<application.com.apple.Safari.1110010.1110894(501)>:1412])(501)>{vt hash: 0}[uuid:F6E9D070-11FB-4B9F-A227-631755511F31]{definition:com.apple.WebKit.WebContent[standard][client]}:1695, running-active-NotVisible
2026-05-25 19:28:16.370 A  WindowServer[619:6900d9] (RunningBoardServices) observedProcessStatesDidChange
2026-05-25 19:28:16.370 Df WindowServer[619:6900d9] [com.apple.runningboard:monitor] Received state update for 1695 (xpcservice<com.apple.WebKit.WebContent([app<application.com.apple.Safari.1110010.1110894(501)>:1412])(501)>{vt hash: 0}[uuid:F6E9D070-11FB-4B9F-A227-631755511F31]{definition:com.apple.WebKit.WebContent[standard][client]}:1695, running-active-NotVisible
2026-05-25 19:28:16.540 E  WindowServer[619:112f] [com.apple.SkyLight:default] _CGXPackagesSetWindowConstraints: Invalid window
2026-05-25 19:28:16.540 E  WindowServer[619:112f] [com.apple.SkyLight:default] _CGXPackagesSetWindowConstraints: Invalid window
2026-05-25 19:28:17.197 A  WindowServer[619:6900d9] (RunningBoardServices) observedProcessStatesDidChange
2026-05-25 19:28:17.197 Df WindowServer[619:6900d9] [com.apple.runningboard:monitor] Received state update for 12123 (xpcservice<com.apple.WebKit.WebContent([app<application.com.apple.Safari.1110010.1110894(501)>:1412])(501)>{vt hash: 0}[uuid:F8F42681-E62D-4634-A0DB-9390992EF50A]{definition:com.apple.WebKit.WebContent[standard][client]}:12123, running-active-NotVisible
2026-05-25 19:28:17.203 A  WindowServer[619:6900d1] (RunningBoardServices) observedProcessStatesDidChange
2026-05-25 19:28:17.203 Df WindowServer[619:6900d1] [com.apple.runningboard:monitor] Received state update for 12123 (xpcservice<com.apple.WebKit.WebContent([app<application.com.apple.Safari.1110010.1110894(501)>:1412])(501)>{vt hash: 0}[uuid:F8F42681-E62D-4634-A0DB-9390992EF50A]{definition:com.apple.WebKit.WebContent[standard][client]}:12123, none-NotVisible
2026-05-25 19:28:17.203 A  WindowServer[619:6900d1] (RunningBoardServices) observedProcessStatesDidChange
2026-05-25 19:28:17.203 Df WindowServer[619:6900d1] [com.apple.runningboard:monitor] Received state update for 12123 (xpcservice<com.apple.WebKit.WebContent([app<application.com.apple.Safari.1110010.1110894(501)>:1412])(501)>{vt hash: 0}[uuid:F8F42681-E62D-4634-A0DB-9390992EF50A]{definition:com.apple.WebKit.WebContent[standard][client]}:12123, none-NotVisible
2026-05-25 19:28:17.261 Df WindowServer[619:112f] [com.apple.SkyLight:default] [ ConnectionDebug ] Closing conn 0x84d1db, PID 3586 in session 257 on console
2026-05-25 19:28:17.304 A  WindowServer[619:6900d9] (RunningBoardServices) observedProcessStatesDidChange
2026-05-25 19:28:17.304 Df WindowServer[619:6900d9] [com.apple.runningboard:monitor] Received state update for 1695 (xpcservice<com.apple.WebKit.WebContent([app<application.com.apple.Safari.1110010.1110894(501)>:1412])(501)>{vt hash: 0}[uuid:F6E9D070-11FB-4B9F-A227-631755511F31]{definition:com.apple.WebKit.WebContent[standard][client]}:1695, running-suspended-NotVisible
2026-05-25 19:28:17.538 E  WindowServer[619:112f] [com.apple.SkyLight:default] _CGXPackagesSetWindowConstraints: Invalid window
2026-05-25 19:28:17.538 E  WindowServer[619:112f] [com.apple.SkyLight:default] _CGXPackagesSetWindowConstraints: Invalid window
2026-05-25 19:28:18.143 A  WindowServer[619:6900d9] (RunningBoardServices) observedProcessStatesDidChange
2026-05-25 19:28:18.143 Df WindowServer[619:6900d9] [com.apple.runningboard:monitor] Received state update for 1695 (xpcservice<com.apple.WebKit.WebContent([app<application.com.apple.Safari.1110010.1110894(501)>:1412])(501)>{vt hash: 0}[uuid:F6E9D070-11FB-4B9F-A227-631755511F31]{definition:com.apple.WebKit.WebContent[standard][client]}:1695, running-active-NotVisible
2026-05-25 19:28:18.540 E  WindowServer[619:112f] [com.apple.SkyLight:default] _CGXPackagesSetWindowConstraints: Invalid window
2026-05-25 19:28:18.540 E  WindowServer[619:112f] [com.apple.SkyLight:default] _CGXPackagesSetWindowConstraints: Invalid window
2026-05-25 19:28:19.542 E  WindowServer[619:112f] [com.apple.SkyLight:default] _CGXPackagesSetWindowConstraints: Invalid window
2026-05-25 19:28:19.542 E  WindowServer[619:112f] [com.apple.SkyLight:default] _CGXPackagesSetWindowConstraints: Invalid window
2026-05-25 19:28:20.278 Df WindowServer[619:6900d1] [com.apple.iohid:default] Connection removed: IOHIDEventSystemConnection uuid:ABD496E6-8172-4052-A324-FD3A55E0D6F4 pid:8849 process:gamecontrollerd type:Passive entitlements:0x12 caller:GameControllerFoundation: -[GCHIDEventSystemClient initWithQueue:type:attributes:functions:] + 124 attributes:(null) state:0x1 events:0 mask:0x0 dropped:0 dropStatus:0 droppedMask:0x0 lastDroppedTime:NONE
2026-05-25 19:28:20.279 Df WindowServer[619:6900d1] (HIDAnalytics) HIDAnalytics Unregister Send event com.apple.hid.queueUsage
2026-05-25 19:28:20.367 Df WindowServer[619:690841] [com.apple.iohid:default] Connection added: IOHIDEventSystemConnection uuid:29005748-D31D-4F9B-85CD-F981E24BA5EC pid:12186 process:gamecontrollerd type:Passive entitlements:0x12 caller:GameControllerFoundation: -[GCHIDEventSystemClient initWithQueue:type:attributes:functions:] + 124 attributes:(null) state:0x0 events:0 mask:0x0 dropped:0 dropStatus:0 droppedMask:0x0 lastDroppedTime:NONE
2026-05-25 19:28:20.543 E  WindowServer[619:112f] [com.apple.SkyLight:default] _CGXPackagesSetWindowConstraints: Invalid window
2026-05-25 19:28:20.543 E  WindowServer[619:112f] [com.apple.SkyLight:default] _CGXPackagesSetWindowConstraints: Invalid window
2026-05-25 19:28:20.551 E  WindowServer[619:112f] [com.apple.SkyLight:default] _CGXPackagesSetWindowConstraints: Invalid window
2026-05-25 19:28:21.397 A  WindowServer[619:690841] (RunningBoardServices) observedProcessStatesDidChange
2026-05-25 19:28:21.397 Df WindowServer[619:690841] [com.apple.runningboard:monitor] Received state update for 1695 (xpcservice<com.apple.WebKit.WebContent([app<application.com.apple.Safari.1110010.1110894(501)>:1412])(501)>{vt hash: 0}[uuid:F6E9D070-11FB-4B9F-A227-631755511F31]{definition:com.apple.WebKit.WebContent[standard][client]}:1695, running-active-NotVisible
2026-05-25 19:28:21.503 A  WindowServer[619:6900d9] (RunningBoardServices) observedProcessStatesDidChange
2026-05-25 19:28:21.504 Df WindowServer[619:6900d9] [com.apple.runningboard:monitor] Received state update for 1695 (xpcservice<com.apple.WebKit.WebContent([app<application.com.apple.Safari.1110010.1110894(501)>:1412])(501)>{vt hash: 0}[uuid:F6E9D070-11FB-4B9F-A227-631755511F31]{definition:com.apple.WebKit.WebContent[standard][client]}:1695, running-active-NotVisible
2026-05-25 19:28:21.545 E  WindowServer[619:112f] [com.apple.SkyLight:default] _CGXPackagesSetWindowConstraints: Invalid window
2026-05-25 19:28:21.545 E  WindowServer[619:112f] [com.apple.SkyLight:default] _CGXPackagesSetWindowConstraints: Invalid window
2026-05-25 19:28:21.552 E  WindowServer[619:112f] [com.apple.SkyLight:default] _CGXPackagesSetWindowConstraints: Invalid window
2026-05-25 19:28:21.973 A  WindowServer[619:6900d9] (RunningBoardServices) observedProcessStatesDidChange
2026-05-25 19:28:21.973 Df WindowServer[619:6900d9] [com.apple.runningboard:monitor] Received state update for 1503 (app<application.com.apple.MobileSMS.1152921500311888381.1152921500311888451(501)>, running-active-NotVisible
2026-05-25 19:28:22.074 A  WindowServer[619:6900d9] (RunningBoardServices) observedProcessStatesDidChange
2026-05-25 19:28:22.074 Df WindowServer[619:6900d9] [com.apple.runningboard:monitor] Received state update for 1526 (app<Unknown(1526)(501)>, running-active-NotVisible
2026-05-25 19:28:22.074 I  WindowServer[619:6900d9] [com.apple.SkyLight:packages] 0[outside of RPC]: resumed connection 69d5b
2026-05-25 19:28:22.075 A  WindowServer[619:690841] (RunningBoardServices) observedProcessStatesDidChange
2026-05-25 19:28:22.075 Df WindowServer[619:690841] [com.apple.runningboard:monitor] Received state update for 1503 (app<application.com.apple.MobileSMS.1152921500311888381.1152921500311888451(501)>, running-active-NotVisible
2026-05-25 19:28:22.075 I  WindowServer[619:6900d9] [com.apple.SkyLight:packages] 0[outside of RPC]: resumed connection 8cb03
2026-05-25 19:28:22.504 A  WindowServer[619:6900d9] (RunningBoardServices) observedProcessStatesDidChange
2026-05-25 19:28:22.504 Df WindowServer[619:6900d9] [com.apple.runningboard:monitor] Received state update for 1695 (xpcservice<com.apple.WebKit.WebContent([app<application.com.apple.Safari.1110010.1110894(501)>:1412])(501)>{vt hash: 0}[uuid:F6E9D070-11FB-4B9F-A227-631755511F31]{definition:com.apple.WebKit.WebContent[standard][client]}:1695, running-suspended-NotVisible
2026-05-25 19:28:22.537 E  WindowServer[619:112f] [com.apple.SkyLight:default] _CGXPackagesSetWindowConstraints: Invalid window
2026-05-25 19:28:22.537 E  WindowServer[619:112f] [com.apple.SkyLight:default] _CGXPackagesSetWindowConstraints: Invalid window
2026-05-25 19:28:22.546 E  WindowServer[619:112f] [com.apple.SkyLight:default] _CGXPackagesSetWindowConstraints: Invalid window
2026-05-25 19:28:22.965 I  WindowServer[619:112f] [com.apple.SkyLight:packages] 0[outside of RPC]: location status 0
2026-05-25 19:28:23.277 A  WindowServer[619:690841] (RunningBoardServices) observedProcessStatesDidChange
2026-05-25 19:28:23.277 Df WindowServer[619:690841] [com.apple.runningboard:monitor] Received state update for 1695 (xpcservice<com.apple.WebKit.WebContent([app<application.com.apple.Safari.1110010.1110894(501)>:1412])(501)>{vt hash: 0}[uuid:F6E9D070-11FB-4B9F-A227-631755511F31]{definition:com.apple.WebKit.WebContent[standard][client]}:1695, running-active-NotVisible
2026-05-25 19:28:23.537 E  WindowServer[619:112f] [com.apple.SkyLight:default] _CGXPackagesSetWindowConstraints: Invalid window
2026-05-25 19:28:23.537 E  WindowServer[619:112f] [com.apple.SkyLight:default] _CGXPackagesSetWindowConstraints: Invalid window
2026-05-25 19:28:23.564 E  WindowServer[619:112f] [com.apple.SkyLight:default] _CGXPackagesSetWindowConstraints: Invalid window
2026-05-25 19:28:23.908 Df WindowServer[619:112f] [com.apple.SkyLight:packages] 0[outside of RPC]: user_is_idle_for_appearance_switch user is not idle (try again in 1.848209)
2026-05-25 19:28:23.908 Df WindowServer[619:112f] [com.apple.SkyLight:packages] 0[outside of RPC]: PKGReconcileAutomaticAppearanceTheme kicking idle timer
2026-05-25 19:28:24.537 E  WindowServer[619:112f] [com.apple.SkyLight:default] _CGXPackagesSetWindowConstraints: Invalid window
2026-05-25 19:28:24.537 E  WindowServer[619:112f] [com.apple.SkyLight:default] _CGXPackagesSetWindowConstraints: Invalid window
2026-05-25 19:28:24.900 I  WindowServer[619:112f] [com.apple.SkyLight:packages] 0[outside of RPC]: location status 1
2026-05-25 19:28:25.537 E  WindowServer[619:112f] [com.apple.SkyLight:default] _CGXPackagesSetWindowConstraints: Invalid window
2026-05-25 19:28:25.537 E  WindowServer[619:112f] [com.apple.SkyLight:default] _CGXPackagesSetWindowConstraints: Invalid window
2026-05-25 19:28:25.551 E  WindowServer[619:112f] [com.apple.SkyLight:default] _CGXPackagesSetWindowConstraints: Invalid window
2026-05-25 19:28:25.865 A  WindowServer[619:690841] (RunningBoardServices) observedProcessStatesDidChange
2026-05-25 19:28:25.865 Df WindowServer[619:690841] [com.apple.runningboard:monitor] Received state update for 19859 (app<application.com.apple.podcasts.1152921500311897422.1152921500311898026(501)>, running-active-NotVisible
2026-05-25 19:28:26.059 A  WindowServer[619:6900d9] (RunningBoardServices) observedProcessStatesDidChange
2026-05-25 19:28:26.059 Df WindowServer[619:6900d9] [com.apple.runningboard:monitor] Received state update for 19859 (app<application.com.apple.podcasts.1152921500311897422.1152921500311898026(501)>, running-active-NotVisible
2026-05-25 19:28:26.266 A  WindowServer[619:690841] (RunningBoardServices) observedProcessStatesDidChange
2026-05-25 19:28:26.266 Df WindowServer[619:690841] [com.apple.runningboard:monitor] Received state update for 19859 (app<application.com.apple.podcasts.1152921500311897422.1152921500311898026(501)>, running-active-NotVisible
2026-05-25 19:28:26.319 E  WindowServer[619:112f] [com.apple.SkyLight:default] _CGXPackagesSetWindowConstraints: Invalid window
2026-05-25 19:28:26.433 A  WindowServer[619:6900d9] (RunningBoardServices) observedProcessStatesDidChange
2026-05-25 19:28:26.433 Df WindowServer[619:6900d9] [com.apple.runningboard:monitor] Received state update for 19859 (app<application.com.apple.podcasts.1152921500311897422.1152921500311898026(501)>, running-active-NotVisible
2026-05-25 19:28:26.440 A  WindowServer[619:690841] (RunningBoardServices) observedProcessStatesDidChange
2026-05-25 19:28:26.440 Df WindowServer[619:690841] [com.apple.runningboard:monitor] Received state update for 1695 (xpcservice<com.apple.WebKit.WebContent([app<application.com.apple.Safari.1110010.1110894(501)>:1412])(501)>{vt hash: 0}[uuid:F6E9D070-11FB-4B9F-A227-631755511F31]{definition:com.apple.WebKit.WebContent[standard][client]}:1695, running-active-NotVisible
2026-05-25 19:28:26.539 E  WindowServer[619:112f] [com.apple.SkyLight:default] _CGXPackagesSetWindowConstraints: Invalid window
2026-05-25 19:28:26.539 E  WindowServer[619:112f] [com.apple.SkyLight:default] _CGXPackagesSetWindowConstraints: Invalid window
2026-05-25 19:28:26.548 A  WindowServer[619:6900d9] (RunningBoardServices) observedProcessStatesDidChange
2026-05-25 19:28:26.548 Df WindowServer[619:6900d9] [com.apple.runningboard:monitor] Received state update for 1695 (xpcservice<com.apple.WebKit.WebContent([app<application.com.apple.Safari.1110010.1110894(501)>:1412])(501)>{vt hash: 0}[uuid:F6E9D070-11FB-4B9F-A227-631755511F31]{definition:com.apple.WebKit.WebContent[standard][client]}:1695, running-active-NotVisible
2026-05-25 19:28:26.569 E  WindowServer[619:112f] [com.apple.SkyLight:default] _CGXPackagesSetWindowConstraints: Invalid window
2026-05-25 19:28:26.756 Df WindowServer[619:112f] [com.apple.SkyLight:packages] 0[outside of RPC]: user_is_idle_for_appearance_switch user is idle
2026-05-25 19:28:26.757 Df WindowServer[619:112f] [com.apple.SkyLight:packages] 0[outside of RPC]: PKGReconcileAutomaticAppearanceTheme kicking idle timer
2026-05-25 19:28:26.757 Df WindowServer[619:6900d9] [com.apple.xpc:connection] [0x703dfc780] activating connection: mach=true listener=false peer=false name=com.apple.aquaappearancehelper
2026-05-25 19:28:26.760 Df WindowServer[619:6900d9] [com.apple.xpc:connection] [0x703dfc780] invalidated after the last release of the connection object
2026-05-25 19:28:26.760 Df WindowServer[619:112f] [com.apple.SkyLight:packages] 0[outside of RPC]: complete_appearance_transition_on_session on session 101
2026-05-25 19:28:27.540 E  WindowServer[619:112f] [com.apple.SkyLight:default] _CGXPackagesSetWindowConstraints: Invalid window
2026-05-25 19:28:27.540 E  WindowServer[619:112f] [com.apple.SkyLight:default] _CGXPackagesSetWindowConstraints: Invalid window
2026-05-25 19:28:27.545 A  WindowServer[619:6900d9] (RunningBoardServices) observedProcessStatesDidChange
2026-05-25 19:28:27.546 Df WindowServer[619:6900d9] [com.apple.runningboard:monitor] Received state update for 1695 (xpcservice<com.apple.WebKit.WebContent([app<application.com.apple.Safari.1110010.1110894(501)>:1412])(501)>{vt hash: 0}[uuid:F6E9D070-11FB-4B9F-A227-631755511F31]{definition:com.apple.WebKit.WebContent[standard][client]}:1695, running-suspended-NotVisible
2026-05-25 19:28:27.554 E  WindowServer[619:112f] [com.apple.SkyLight:default] _CGXPackagesSetWindowConstraints: Invalid window
2026-05-25 19:28:28.385 A  WindowServer[619:690841] (RunningBoardServices) observedProcessStatesDidChange
2026-05-25 19:28:28.385 Df WindowServer[619:690841] [com.apple.runningboard:monitor] Received state update for 1695 (xpcservice<com.apple.WebKit.WebContent([app<application.com.apple.Safari.1110010.1110894(501)>:1412])(501)>{vt hash: 0}[uuid:F6E9D070-11FB-4B9F-A227-631755511F31]{definition:com.apple.WebKit.WebContent[standard][client]}:1695, running-active-NotVisible
2026-05-25 19:28:28.538 E  WindowServer[619:112f] [com.apple.SkyLight:default] _CGXPackagesSetWindowConstraints: Invalid window
2026-05-25 19:28:28.538 E  WindowServer[619:112f] [com.apple.SkyLight:default] _CGXPackagesSetWindowConstraints: Invalid window
2026-05-25 19:28:28.555 E  WindowServer[619:112f] [com.apple.SkyLight:default] _CGXPackagesSetWindowConstraints: Invalid window
2026-05-25 19:28:29.475 A  WindowServer[619:6900d9] (RunningBoardServices) observedProcessStatesDidChange
2026-05-25 19:28:29.475 Df WindowServer[619:6900d9] [com.apple.runningboard:monitor] Received state update for 1526 (app<Unknown(1526)(501)>, running-active-NotVisible
2026-05-25 19:28:29.475 I  WindowServer[619:690841] [com.apple.SkyLight:packages] 0[outside of RPC]: resumed connection 69d5b
2026-05-25 19:28:29.540 E  WindowServer[619:112f] [com.apple.SkyLight:default] _CGXPackagesSetWindowConstraints: Invalid window
2026-05-25 19:28:29.540 E  WindowServer[619:112f] [com.apple.SkyLight:default] _CGXPackagesSetWindowConstraints: Invalid window
2026-05-25 19:28:29.549 E  WindowServer[619:112f] [com.apple.SkyLight:default] _CGXPackagesSetWindowConstraints: Invalid window
2026-05-25 19:28:29.707 E  WindowServer[619:112f] [com.apple.SkyLight:default] _CGXPackagesSetWindowConstraints: Invalid window
2026-05-25 19:28:30.542 E  WindowServer[619:112f] [com.apple.SkyLight:default] _CGXPackagesSetWindowConstraints: Invalid window
2026-05-25 19:28:30.542 E  WindowServer[619:112f] [com.apple.SkyLight:default] _CGXPackagesSetWindowConstraints: Invalid window
2026-05-25 19:28:30.559 E  WindowServer[619:112f] [com.apple.SkyLight:default] _CGXPackagesSetWindowConstraints: Invalid window
2026-05-25 19:28:31.543 E  WindowServer[619:112f] [com.apple.SkyLight:default] _CGXPackagesSetWindowConstraints: Invalid window
2026-05-25 19:28:31.543 E  WindowServer[619:112f] [com.apple.SkyLight:default] _CGXPackagesSetWindowConstraints: Invalid window
2026-05-25 19:28:31.551 E  WindowServer[619:112f] [com.apple.SkyLight:default] _CGXPackagesSetWindowConstraints: Invalid window
2026-05-25 19:28:31.613 A  WindowServer[619:690841] (RunningBoardServices) observedProcessStatesDidChange
2026-05-25 19:28:31.613 Df WindowServer[619:690841] [com.apple.runningboard:monitor] Received state update for 1695 (xpcservice<com.apple.WebKit.WebContent([app<application.com.apple.Safari.1110010.1110894(501)>:1412])(501)>{vt hash: 0}[uuid:F6E9D070-11FB-4B9F-A227-631755511F31]{definition:com.apple.WebKit.WebContent[standard][client]}:1695, running-active-NotVisible
2026-05-25 19:28:31.720 A  WindowServer[619:6900d9] (RunningBoardServices) observedProcessStatesDidChange
2026-05-25 19:28:31.720 Df WindowServer[619:6900d9] [com.apple.runningboard:monitor] Received state update for 1695 (xpcservice<com.apple.WebKit.WebContent([app<application.com.apple.Safari.1110010.1110894(501)>:1412])(501)>{vt hash: 0}[uuid:F6E9D070-11FB-4B9F-A227-631755511F31]{definition:com.apple.WebKit.WebContent[standard][client]}:1695, running-active-NotVisible
2026-05-25 19:28:32.545 E  WindowServer[619:112f] [com.apple.SkyLight:default] _CGXPackagesSetWindowConstraints: Invalid window
2026-05-25 19:28:32.545 E  WindowServer[619:112f] [com.apple.SkyLight:default] _CGXPackagesSetWindowConstraints: Invalid window
2026-05-25 19:28:32.553 E  WindowServer[619:112f] [com.apple.SkyLight:default] _CGXPackagesSetWindowConstraints: Invalid window
2026-05-25 19:28:32.720 A  WindowServer[619:690841] (RunningBoardServices) observedProcessStatesDidChange
2026-05-25 19:28:32.720 Df WindowServer[619:690841] [com.apple.runningboard:monitor] Received state update for 1695 (xpcservice<com.apple.WebKit.WebContent([app<application.com.apple.Safari.1110010.1110894(501)>:1412])(501)>{vt hash: 0}[uuid:F6E9D070-11FB-4B9F-A227-631755511F31]{definition:com.apple.WebKit.WebContent[standard][client]}:1695, running-suspended-NotVisible
2026-05-25 19:28:33.485 A  WindowServer[619:6900d1] (RunningBoardServices) observedProcessStatesDidChange
2026-05-25 19:28:33.485 Df WindowServer[619:6900d1] [com.apple.runningboard:monitor] Received state update for 1695 (xpcservice<com.apple.WebKit.WebContent([app<application.com.apple.Safari.1110010.1110894(501)>:1412])(501)>{vt hash: 0}[uuid:F6E9D070-11FB-4B9F-A227-631755511F31]{definition:com.apple.WebKit.WebContent[standard][client]}:1695, running-active-NotVisible
2026-05-25 19:28:33.537 E  WindowServer[619:112f] [com.apple.SkyLight:default] _CGXPackagesSetWindowConstraints: Invalid window
2026-05-25 19:28:33.537 E  WindowServer[619:112f] [com.apple.SkyLight:default] _CGXPackagesSetWindowConstraints: Invalid window
2026-05-25 19:28:33.555 E  WindowServer[619:112f] [com.apple.SkyLight:default] _CGXPackagesSetWindowConstraints: Invalid window
2026-05-25 19:28:34.537 E  WindowServer[619:112f] [com.apple.SkyLight:default] _CGXPackagesSetWindowConstraints: Invalid window
2026-05-25 19:28:34.537 E  WindowServer[619:112f] [com.apple.SkyLight:default] _CGXPackagesSetWindowConstraints: Invalid window
2026-05-25 19:28:34.549 E  WindowServer[619:112f] [com.apple.SkyLight:default] _CGXPackagesSetWindowConstraints: Invalid window
2026-05-25 19:28:34.915 I  WindowServer[619:112f] [com.apple.SkyLight:packages] 0[outside of RPC]: location status 0
2026-05-25 19:28:35.536 E  WindowServer[619:112f] [com.apple.SkyLight:default] _CGXPackagesSetWindowConstraints: Invalid window
2026-05-25 19:28:35.537 E  WindowServer[619:112f] [com.apple.SkyLight:default] _CGXPackagesSetWindowConstraints: Invalid window
2026-05-25 19:28:35.549 E  WindowServer[619:112f] [com.apple.SkyLight:default] _CGXPackagesSetWindowConstraints: Invalid window
2026-05-25 19:28:36.537 E  WindowServer[619:112f] [com.apple.SkyLight:default] _CGXPackagesSetWindowConstraints: Invalid window
2026-05-25 19:28:36.537 E  WindowServer[619:112f] [com.apple.SkyLight:default] _CGXPackagesSetWindowConstraints: Invalid window
2026-05-25 19:28:36.688 A  WindowServer[619:690841] (RunningBoardServices) observedProcessStatesDidChange
2026-05-25 19:28:36.688 Df WindowServer[619:690841] [com.apple.runningboard:monitor] Received state update for 1695 (xpcservice<com.apple.WebKit.WebContent([app<application.com.apple.Safari.1110010.1110894(501)>:1412])(501)>{vt hash: 0}[uuid:F6E9D070-11FB-4B9F-A227-631755511F31]{definition:com.apple.WebKit.WebContent[standard][client]}:1695, running-active-NotVisible
2026-05-25 19:28:36.794 A  WindowServer[619:6900d1] (RunningBoardServices) observedProcessStatesDidChange
2026-05-25 19:28:36.795 Df WindowServer[619:6900d1] [com.apple.runningboard:monitor] Received state update for 1695 (xpcservice<com.apple.WebKit.WebContent([app<application.com.apple.Safari.1110010.1110894(501)>:1412])(501)>{vt hash: 0}[uuid:F6E9D070-11FB-4B9F-A227-631755511F31]{definition:com.apple.WebKit.WebContent[standard][client]}:1695, running-active-NotVisible
2026-05-25 19:28:37.538 E  WindowServer[619:112f] [com.apple.SkyLight:default] _CGXPackagesSetWindowConstraints: Invalid window
2026-05-25 19:28:37.538 E  WindowServer[619:112f] [com.apple.SkyLight:default] _CGXPackagesSetWindowConstraints: Invalid window
2026-05-25 19:28:37.552 E  WindowServer[619:112f] [com.apple.SkyLight:default] _CGXPackagesSetWindowConstraints: Invalid window
2026-05-25 19:28:37.795 A  WindowServer[619:6900d1] (RunningBoardServices) observedProcessStatesDidChange
2026-05-25 19:28:37.795 Df WindowServer[619:6900d1] [com.apple.runningboard:monitor] Received state update for 1695 (xpcservice<com.apple.WebKit.WebContent([app<application.com.apple.Safari.1110010.1110894(501)>:1412])(501)>{vt hash: 0}[uuid:F6E9D070-11FB-4B9F-A227-631755511F31]{definition:com.apple.WebKit.WebContent[standard][client]}:1695, running-suspended-NotVisible
2026-05-25 19:28:38.540 E  WindowServer[619:112f] [com.apple.SkyLight:default] _CGXPackagesSetWindowConstraints: Invalid window
2026-05-25 19:28:38.543 E  WindowServer[619:112f] [com.apple.SkyLight:default] _CGXPackagesSetWindowConstraints: Invalid window
2026-05-25 19:28:38.557 E  WindowServer[619:112f] [com.apple.SkyLight:default] _CGXPackagesSetWindowConstraints: Invalid window
2026-05-25 19:28:38.588 A  WindowServer[619:6900d9] (RunningBoardServices) observedProcessStatesDidChange
2026-05-25 19:28:38.588 Df WindowServer[619:6900d9] [com.apple.runningboard:monitor] Received state update for 1695 (xpcservice<com.apple.WebKit.WebContent([app<application.com.apple.Safari.1110010.1110894(501)>:1412])(501)>{vt hash: 0}[uuid:F6E9D070-11FB-4B9F-A227-631755511F31]{definition:com.apple.WebKit.WebContent[standard][client]}:1695, running-active-NotVisible
2026-05-25 19:28:39.539 E  WindowServer[619:112f] [com.apple.SkyLight:default] _CGXPackagesSetWindowConstraints: Invalid window
2026-05-25 19:28:39.539 E  WindowServer[619:112f] [com.apple.SkyLight:default] _CGXPackagesSetWindowConstraints: Invalid window
2026-05-25 19:28:39.555 E  WindowServer[619:112f] [com.apple.SkyLight:default] _CGXPackagesSetWindowConstraints: Invalid window
2026-05-25 19:28:40.540 E  WindowServer[619:112f] [com.apple.SkyLight:default] _CGXPackagesSetWindowConstraints: Invalid window
2026-05-25 19:28:40.540 E  WindowServer[619:112f] [com.apple.SkyLight:default] _CGXPackagesSetWindowConstraints: Invalid window
2026-05-25 19:28:40.549 E  WindowServer[619:112f] [com.apple.SkyLight:default] _CGXPackagesSetWindowConstraints: Invalid window
2026-05-25 19:28:40.607 Df WindowServer[619:112f] [com.apple.coreanimation:Brightness] Display 1 commitBrightness sdr: 127.043, headroom: -1, potential headroom: -1, ambient lux: 59.6186, filtered ambient: 59.6186, brightness limit: -1, indicator brightness: -1 low ambient strength: -1, high ambient strength: -1, contrast preservation: -1, contrast enhancer: -1 brightness ctl disabled -1, unlogged brightness transactions:0
2026-05-25 19:28:41.542 E  WindowServer[619:112f] [com.apple.SkyLight:default] _CGXPackagesSetWindowConstraints: Invalid window
2026-05-25 19:28:41.542 E  WindowServer[619:112f] [com.apple.SkyLight:default] _CGXPackagesSetWindowConstraints: Invalid window
2026-05-25 19:28:41.550 E  WindowServer[619:112f] [com.apple.SkyLight:default] _CGXPackagesSetWindowConstraints: Invalid window
2026-05-25 19:28:41.830 A  WindowServer[619:6900d1] (RunningBoardServices) observedProcessStatesDidChange
2026-05-25 19:28:41.830 Df WindowServer[619:6900d1] [com.apple.runningboard:monitor] Received state update for 1695 (xpcservice<com.apple.WebKit.WebContent([app<application.com.apple.Safari.1110010.1110894(501)>:1412])(501)>{vt hash: 0}[uuid:F6E9D070-11FB-4B9F-A227-631755511F31]{definition:com.apple.WebKit.WebContent[standard][client]}:1695, running-active-NotVisible
2026-05-25 19:28:41.937 A  WindowServer[619:6900d1] (RunningBoardServices) observedProcessStatesDidChange
2026-05-25 19:28:41.937 Df WindowServer[619:6900d1] [com.apple.runningboard:monitor] Received state update for 1695 (xpcservice<com.apple.WebKit.WebContent([app<application.com.apple.Safari.1110010.1110894(501)>:1412])(501)>{vt hash: 0}[uuid:F6E9D070-11FB-4B9F-A227-631755511F31]{definition:com.apple.WebKit.WebContent[standard][client]}:1695, running-active-NotVisible
2026-05-25 19:28:42.543 E  WindowServer[619:112f] [com.apple.SkyLight:default] _CGXPackagesSetWindowConstraints: Invalid window
2026-05-25 19:28:42.543 E  WindowServer[619:112f] [com.apple.SkyLight:default] _CGXPackagesSetWindowConstraints: Invalid window
2026-05-25 19:28:42.563 E  WindowServer[619:112f] [com.apple.SkyLight:default] _CGXPackagesSetWindowConstraints: Invalid window
2026-05-25 19:28:42.936 A  WindowServer[619:690841] (RunningBoardServices) observedProcessStatesDidChange
2026-05-25 19:28:42.936 Df WindowServer[619:690841] [com.apple.runningboard:monitor] Received state update for 1695 (xpcservice<com.apple.WebKit.WebContent([app<application.com.apple.Safari.1110010.1110894(501)>:1412])(501)>{vt hash: 0}[uuid:F6E9D070-11FB-4B9F-A227-631755511F31]{definition:com.apple.WebKit.WebContent[standard][client]}:1695, running-suspended-NotVisible
2026-05-25 19:28:43.545 E  WindowServer[619:112f] [com.apple.SkyLight:default] _CGXPackagesSetWindowConstraints: Invalid window
2026-05-25 19:28:43.545 E  WindowServer[619:112f] [com.apple.SkyLight:default] _CGXPackagesSetWindowConstraints: Invalid window
2026-05-25 19:28:43.692 A  WindowServer[619:6900d9] (RunningBoardServices) observedProcessStatesDidChange
2026-05-25 19:28:43.692 Df WindowServer[619:6900d9] [com.apple.runningboard:monitor] Received state update for 1695 (xpcservice<com.apple.WebKit.WebContent([app<application.com.apple.Safari.1110010.1110894(501)>:1412])(501)>{vt hash: 0}[uuid:F6E9D070-11FB-4B9F-A227-631755511F31]{definition:com.apple.WebKit.WebContent[standard][client]}:1695, running-active-NotVisible
2026-05-25 19:28:44.536 E  WindowServer[619:112f] [com.apple.SkyLight:default] _CGXPackagesSetWindowConstraints: Invalid window
2026-05-25 19:28:44.536 E  WindowServer[619:112f] [com.apple.SkyLight:default] _CGXPackagesSetWindowConstraints: Invalid window
2026-05-25 19:28:45.548 E  WindowServer[619:112f] [com.apple.SkyLight:default] _CGXPackagesSetWindowConstraints: Invalid window
2026-05-25 19:28:45.548 E  WindowServer[619:112f] [com.apple.SkyLight:default] _CGXPackagesSetWindowConstraints: Invalid window
2026-05-25 19:28:45.564 E  WindowServer[619:112f] [com.apple.SkyLight:default] _CGXPackagesSetWindowConstraints: Invalid window
2026-05-25 19:28:46.535 E  WindowServer[619:112f] [com.apple.SkyLight:default] _CGXPackagesSetWindowConstraints: Invalid window
2026-05-25 19:28:46.536 E  WindowServer[619:112f] [com.apple.SkyLight:default] _CGXPackagesSetWindowConstraints: Invalid window
2026-05-25 19:28:46.549 E  WindowServer[619:112f] [com.apple.SkyLight:default] _CGXPackagesSetWindowConstraints: Invalid window
2026-05-25 19:28:46.887 A  WindowServer[619:6900d9] (RunningBoardServices) observedProcessStatesDidChange
2026-05-25 19:28:46.887 Df WindowServer[619:6900d9] [com.apple.runningboard:monitor] Received state update for 1695 (xpcservice<com.apple.WebKit.WebContent([app<application.com.apple.Safari.1110010.1110894(501)>:1412])(501)>{vt hash: 0}[uuid:F6E9D070-11FB-4B9F-A227-631755511F31]{definition:com.apple.WebKit.WebContent[standard][client]}:1695, running-active-NotVisible
2026-05-25 19:28:46.994 A  WindowServer[619:690841] (RunningBoardServices) observedProcessStatesDidChange
2026-05-25 19:28:46.995 Df WindowServer[619:690841] [com.apple.runningboard:monitor] Received state update for 1695 (xpcservice<com.apple.WebKit.WebContent([app<application.com.apple.Safari.1110010.1110894(501)>:1412])(501)>{vt hash: 0}[uuid:F6E9D070-11FB-4B9F-A227-631755511F31]{definition:com.apple.WebKit.WebContent[standard][client]}:1695, running-active-NotVisible
2026-05-25 19:28:47.204 A  WindowServer[619:690841] (RunningBoardServices) observedProcessStatesDidChange
2026-05-25 19:28:47.204 Df WindowServer[619:690841] [com.apple.runningboard:monitor] Received state update for 1503 (app<application.com.apple.MobileSMS.1152921500311888381.1152921500311888451(501)>, running-active-NotVisible
2026-05-25 19:28:47.204 A  WindowServer[619:690841] (RunningBoardServices) observedProcessStatesDidChange
2026-05-25 19:28:47.205 Df WindowServer[619:690841] [com.apple.runningboard:monitor] Received state update for 17038 (xpcservice<com.apple.PaperKit.extension.ui([app<application.com.apple.Notes.1152921500311894402.1152921500311894407(501)>:1411])(501)>{vt hash: 215804005}{definition:com.apple.PaperKit.extension.ui[extension][client]}, running-active-NotVisible
2026-05-25 19:28:47.205 A  WindowServer[619:690841] (RunningBoardServices) observedProcessStatesDidChange
2026-05-25 19:28:47.205 Df WindowServer[619:690841] [com.apple.runningboard:monitor] Received state update for 19859 (app<application.com.apple.podcasts.1152921500311897422.1152921500311898026(501)>, running-active-NotVisible
2026-05-25 19:28:47.208 A  WindowServer[619:6900d9] (RunningBoardServices) observedProcessStatesDidChange
2026-05-25 19:28:47.209 Df WindowServer[619:6900d9] [com.apple.runningboard:monitor] Received state update for 1526 (app<Unknown(1526)(501)>, running-active-NotVisible
2026-05-25 19:28:47.296 A  WindowServer[619:690841] (RunningBoardServices) observedProcessStatesDidChange
2026-05-25 19:28:47.296 Df WindowServer[619:690841] [com.apple.runningboard:process] Hit the server for a process handle 1aea839a00002fb6 that resolved to: [xpcservice<com.apple.WebKit.WebContent([app<application.com.apple.Safari.1110010.1110894(501)>:1412])(501)>{vt hash: 0}[uuid:3D3D982D-53E1-46AC-B9F2-39892998C6CF]{definition:com.apple.WebKit.WebContent[standard][client]}:12214:12214]
2026-05-25 19:28:47.296 Df WindowServer[619:690841] [com.apple.runningboard:monitor] Received state update for 12214 (xpcservice<com.apple.WebKit.WebContent([app<application.com.apple.Safari.1110010.1110894(501)>:1412])(501)>{vt hash: 0}[uuid:3D3D982D-53E1-46AC-B9F2-39892998C6CF]{definition:com.apple.WebKit.WebContent[standard][client]}:12214, running-suspended-NotVisible
2026-05-25 19:28:47.299 A  WindowServer[619:6900d9] (RunningBoardServices) observedProcessStatesDidChange
2026-05-25 19:28:47.299 Df WindowServer[619:6900d9] [com.apple.runningboard:monitor] Received state update for 12214 (xpcservice<com.apple.WebKit.WebContent([app<application.com.apple.Safari.1110010.1110894(501)>:1412])(501)>{vt hash: 0}[uuid:3D3D982D-53E1-46AC-B9F2-39892998C6CF]{definition:com.apple.WebKit.WebContent[standard][client]}:12214, running-active-NotVisible
2026-05-25 19:28:47.312 A  WindowServer[619:690841] (RunningBoardServices) observedProcessStatesDidChange
2026-05-25 19:28:47.312 Df WindowServer[619:690841] [com.apple.runningboard:monitor] Received state update for 1503 (app<application.com.apple.MobileSMS.1152921500311888381.1152921500311888451(501)>, running-active-NotVisible
2026-05-25 19:28:47.312 A  WindowServer[619:6900d9] (RunningBoardServices) observedProcessStatesDidChange
2026-05-25 19:28:47.312 Df WindowServer[619:6900d9] [com.apple.runningboard:monitor] Received state update for 17038 (xpcservice<com.apple.PaperKit.extension.ui([app<application.com.apple.Notes.1152921500311894402.1152921500311894407(501)>:1411])(501)>{vt hash: 215804005}{definition:com.apple.PaperKit.extension.ui[extension][client]}, running-active-NotVisible
2026-05-25 19:28:47.312 Df WindowServer[619:6900d9] [com.apple.runningboard:monitor] Received state update for 19859 (app<application.com.apple.podcasts.1152921500311897422.1152921500311898026(501)>, running-active-NotVisible
2026-05-25 19:28:47.540 E  WindowServer[619:112f] [com.apple.SkyLight:default] _CGXPackagesSetWindowConstraints: Invalid window
2026-05-25 19:28:47.540 E  WindowServer[619:112f] [com.apple.SkyLight:default] _CGXPackagesSetWindowConstraints: Invalid window
2026-05-25 19:28:47.556 E  WindowServer[619:112f] [com.apple.SkyLight:default] _CGXPackagesSetWindowConstraints: Invalid window
2026-05-25 19:28:47.995 A  WindowServer[619:690841] (RunningBoardServices) observedProcessStatesDidChange
2026-05-25 19:28:47.995 Df WindowServer[619:690841] [com.apple.runningboard:monitor] Received state update for 1695 (xpcservice<com.apple.WebKit.WebContent([app<application.com.apple.Safari.1110010.1110894(501)>:1412])(501)>{vt hash: 0}[uuid:F6E9D070-11FB-4B9F-A227-631755511F31]{definition:com.apple.WebKit.WebContent[standard][client]}:1695, running-suspended-NotVisible
2026-05-25 19:28:48.373 A  WindowServer[619:112f] (TCC) TCCAccessRequest() IPC
2026-05-25 19:28:48.373 Df WindowServer[619:112f] [com.apple.xpc:connection] [0x703dfc780] activating connection: mach=true listener=false peer=false name=com.apple.tccd.system
2026-05-25 19:28:48.389 Df WindowServer[619:112f] [com.apple.xpc:connection] [0x703dfc780] invalidated after the last release of the connection object
2026-05-25 19:28:48.404 I  WindowServer[619:112f] [com.apple.SkyLight:packages] 0[NewConnectionPort]: resumed connection 29cce3
2026-05-25 19:28:48.404 Df WindowServer[619:112f] [com.apple.SkyLight:default] [ ConnectionDebug ] New conn 0x29cce3, PID 12184 in session 257 on console
2026-05-25 19:28:48.407 A  WindowServer[619:112f] (TCC) TCCAccessRequest() IPC
2026-05-25 19:28:48.407 Df WindowServer[619:112f] [com.apple.xpc:connection] [0x703dfc780] activating connection: mach=true listener=false peer=false name=com.apple.tccd.system
2026-05-25 19:28:48.422 Df WindowServer[619:112f] [com.apple.xpc:connection] [0x703dfc780] invalidated after the last release of the connection object
2026-05-25 19:28:48.538 E  WindowServer[619:112f] [com.apple.SkyLight:default] _CGXPackagesSetWindowConstraints: Invalid window
2026-05-25 19:28:48.538 E  WindowServer[619:112f] [com.apple.SkyLight:default] _CGXPackagesSetWindowConstraints: Invalid window
2026-05-25 19:28:48.552 E  WindowServer[619:112f] [com.apple.SkyLight:default] _CGXPackagesSetWindowConstraints: Invalid window
2026-05-25 19:28:48.791 A  WindowServer[619:690a0a] (RunningBoardServices) observedProcessStatesDidChange
2026-05-25 19:28:48.791 Df WindowServer[619:690a0a] [com.apple.runningboard:monitor] Received state update for 1695 (xpcservice<com.apple.WebKit.WebContent([app<application.com.apple.Safari.1110010.1110894(501)>:1412])(501)>{vt hash: 0}[uuid:F6E9D070-11FB-4B9F-A227-631755511F31]{definition:com.apple.WebKit.WebContent[standard][client]}:1695, running-active-NotVisible
2026-05-25 19:28:49.541 E  WindowServer[619:112f] [com.apple.SkyLight:default] _CGXPackagesSetWindowConstraints: Invalid window
2026-05-25 19:28:49.541 E  WindowServer[619:112f] [com.apple.SkyLight:default] _CGXPackagesSetWindowConstraints: Invalid window
2026-05-25 19:28:49.554 E  WindowServer[619:112f] [com.apple.SkyLight:default] _CGXPackagesSetWindowConstraints: Invalid window
2026-05-25 19:28:50.539 E  WindowServer[619:112f] [com.apple.SkyLight:default] _CGXPackagesSetWindowConstraints: Invalid window
2026-05-25 19:28:50.539 E  WindowServer[619:112f] [com.apple.SkyLight:default] _CGXPackagesSetWindowConstraints: Invalid window
2026-05-25 19:28:50.690 Df WindowServer[619:112f] [com.apple.coreanimation:Brightness] Display 1 commitBrightness sdr: 127.043, headroom: -1, potential headroom: -1, ambient lux: 63.5343, filtered ambient: 63.5343, brightness limit: -1, indicator brightness: -1 low ambient strength: -1, high ambient strength: -1, contrast preservation: -1, contrast enhancer: -1 brightness ctl disabled -1, unlogged brightness transactions:0
2026-05-25 19:28:51.433 Df WindowServer[619:690841] [com.apple.iohid:default] Connection removed: IOHIDEventSystemConnection uuid:B88D0D89-085D-4FBA-A997-7E4F1A93DE47 pid:12054 process:com.apple.hiservices-xpcservice type:Monitor entitlements:0x2 caller:com.apple.hiservices-xpcservice: com.apple.hiservices-xpcservice + 8876 attributes:(null) state:0x1 events:0 mask:0x0 dropped:0 dropStatus:0 droppedMask:0x0 lastDroppedTime:NONE
2026-05-25 19:28:51.433 Df WindowServer[619:690841] (HIDAnalytics) HIDAnalytics Unregister Send event com.apple.hid.queueUsage
2026-05-25 19:28:51.540 E  WindowServer[619:112f] [com.apple.SkyLight:default] _CGXPackagesSetWindowConstraints: Invalid window
2026-05-25 19:28:51.540 E  WindowServer[619:112f] [com.apple.SkyLight:default] _CGXPackagesSetWindowConstraints: Invalid window
2026-05-25 19:28:51.550 E  WindowServer[619:112f] [com.apple.SkyLight:default] _CGXPackagesSetWindowConstraints: Invalid window
2026-05-25 19:28:52.053 A  WindowServer[619:690841] (RunningBoardServices) observedProcessStatesDidChange
2026-05-25 19:28:52.054 Df WindowServer[619:690841] [com.apple.runningboard:monitor] Received state update for 1695 (xpcservice<com.apple.WebKit.WebContent([app<application.com.apple.Safari.1110010.1110894(501)>:1412])(501)>{vt hash: 0}[uuid:F6E9D070-11FB-4B9F-A227-631755511F31]{definition:com.apple.WebKit.WebContent[standard][client]}:1695, running-active-NotVisible
2026-05-25 19:28:52.160 A  WindowServer[619:6900d9] (RunningBoardServices) observedProcessStatesDidChange
2026-05-25 19:28:52.160 Df WindowServer[619:6900d9] [com.apple.runningboard:monitor] Received state update for 1695 (xpcservice<com.apple.WebKit.WebContent([app<application.com.apple.Safari.1110010.1110894(501)>:1412])(501)>{vt hash: 0}[uuid:F6E9D070-11FB-4B9F-A227-631755511F31]{definition:com.apple.WebKit.WebContent[standard][client]}:1695, running-active-NotVisible
2026-05-25 19:28:52.542 E  WindowServer[619:112f] [com.apple.SkyLight:default] _CGXPackagesSetWindowConstraints: Invalid window
2026-05-25 19:28:52.542 E  WindowServer[619:112f] [com.apple.SkyLight:default] _CGXPackagesSetWindowConstraints: Invalid window
2026-05-25 19:28:52.550 E  WindowServer[619:112f] [com.apple.SkyLight:default] _CGXPackagesSetWindowConstraints: Invalid window
2026-05-25 19:28:52.762 A  WindowServer[619:6900d9] (RunningBoardServices) observedProcessStatesDidChange
2026-05-25 19:28:52.762 Df WindowServer[619:6900d9] [com.apple.runningboard:monitor] Received state update for 1526 (app<Unknown(1526)(501)>, running-active-NotVisible
2026-05-25 19:28:53.161 A  WindowServer[619:690841] (RunningBoardServices) observedProcessStatesDidChange
2026-05-25 19:28:53.161 Df WindowServer[619:690841] [com.apple.runningboard:monitor] Received state update for 1695 (xpcservice<com.apple.WebKit.WebContent([app<application.com.apple.Safari.1110010.1110894(501)>:1412])(501)>{vt hash: 0}[uuid:F6E9D070-11FB-4B9F-A227-631755511F31]{definition:com.apple.WebKit.WebContent[standard][client]}:1695, running-suspended-NotVisible
2026-05-25 19:28:53.543 E  WindowServer[619:112f] [com.apple.SkyLight:default] _CGXPackagesSetWindowConstraints: Invalid window
2026-05-25 19:28:53.543 E  WindowServer[619:112f] [com.apple.SkyLight:default] _CGXPackagesSetWindowConstraints: Invalid window
2026-05-25 19:28:53.551 E  WindowServer[619:112f] [com.apple.SkyLight:default] _CGXPackagesSetWindowConstraints: Invalid window
2026-05-25 19:28:53.840 A  WindowServer[619:6900d9] (RunningBoardServices) observedProcessStatesDidChange
2026-05-25 19:28:53.840 Df WindowServer[619:6900d9] [com.apple.runningboard:monitor] Received state update for 1695 (xpcservice<com.apple.WebKit.WebContent([app<application.com.apple.Safari.1110010.1110894(501)>:1412])(501)>{vt hash: 0}[uuid:F6E9D070-11FB-4B9F-A227-631755511F31]{definition:com.apple.WebKit.WebContent[standard][client]}:1695, running-active-NotVisible
2026-05-25 19:28:54.545 E  WindowServer[619:112f] [com.apple.SkyLight:default] _CGXPackagesSetWindowConstraints: Invalid window
2026-05-25 19:28:54.545 E  WindowServer[619:112f] [com.apple.SkyLight:default] _CGXPackagesSetWindowConstraints: Invalid window
2026-05-25 19:28:54.552 E  WindowServer[619:112f] [com.apple.SkyLight:default] _CGXPackagesSetWindowConstraints: Invalid window
2026-05-25 19:28:55.536 E  WindowServer[619:112f] [com.apple.SkyLight:default] _CGXPackagesSetWindowConstraints: Invalid window
2026-05-25 19:28:55.536 E  WindowServer[619:112f] [com.apple.SkyLight:default] _CGXPackagesSetWindowConstraints: Invalid window
2026-05-25 19:28:55.549 E  WindowServer[619:112f] [com.apple.SkyLight:default] _CGXPackagesSetWindowConstraints: Invalid window
2026-05-25 19:28:56.536 E  WindowServer[619:112f] [com.apple.SkyLight:default] _CGXPackagesSetWindowConstraints: Invalid window
2026-05-25 19:28:56.536 E  WindowServer[619:112f] [com.apple.SkyLight:default] _CGXPackagesSetWindowConstraints: Invalid window
2026-05-25 19:28:57.078 A  WindowServer[619:690841] (RunningBoardServices) observedProcessStatesDidChange
2026-05-25 19:28:57.078 Df WindowServer[619:690841] [com.apple.runningboard:monitor] Received state update for 1695 (xpcservice<com.apple.WebKit.WebContent([app<application.com.apple.Safari.1110010.1110894(501)>:1412])(501)>{vt hash: 0}[uuid:F6E9D070-11FB-4B9F-A227-631755511F31]{definition:com.apple.WebKit.WebContent[standard][client]}:1695, running-active-NotVisible
2026-05-25 19:28:57.185 A  WindowServer[619:6900d9] (RunningBoardServices) observedProcessStatesDidChange
2026-05-25 19:28:57.185 Df WindowServer[619:6900d9] [com.apple.runningboard:monitor] Received state update for 1695 (xpcservice<com.apple.WebKit.WebContent([app<application.com.apple.Safari.1110010.1110894(501)>:1412])(501)>{vt hash: 0}[uuid:F6E9D070-11FB-4B9F-A227-631755511F31]{definition:com.apple.WebKit.WebContent[standard][client]}:1695, running-active-NotVisible
2026-05-25 19:28:57.536 E  WindowServer[619:112f] [com.apple.SkyLight:default] _CGXPackagesSetWindowConstraints: Invalid window
2026-05-25 19:28:57.536 E  WindowServer[619:112f] [com.apple.SkyLight:default] _CGXPackagesSetWindowConstraints: Invalid window
2026-05-25 19:28:58.186 A  WindowServer[619:690841] (RunningBoardServices) observedProcessStatesDidChange
2026-05-25 19:28:58.186 Df WindowServer[619:690841] [com.apple.runningboard:monitor] Received state update for 1695 (xpcservice<com.apple.WebKit.WebContent([app<application.com.apple.Safari.1110010.1110894(501)>:1412])(501)>{vt hash: 0}[uuid:F6E9D070-11FB-4B9F-A227-631755511F31]{definition:com.apple.WebKit.WebContent[standard][client]}:1695, running-suspended-NotVisible
2026-05-25 19:28:58.537 E  WindowServer[619:112f] [com.apple.SkyLight:default] _CGXPackagesSetWindowConstraints: Invalid window
2026-05-25 19:28:58.537 E  WindowServer[619:112f] [com.apple.SkyLight:default] _CGXPackagesSetWindowConstraints: Invalid window
2026-05-25 19:28:58.939 A  WindowServer[619:690a0a] (RunningBoardServices) observedProcessStatesDidChange
2026-05-25 19:28:58.939 Df WindowServer[619:690a0a] [com.apple.runningboard:monitor] Received state update for 1695 (xpcservice<com.apple.WebKit.WebContent([app<application.com.apple.Safari.1110010.1110894(501)>:1412])(501)>{vt hash: 0}[uuid:F6E9D070-11FB-4B9F-A227-631755511F31]{definition:com.apple.WebKit.WebContent[standard][client]}:1695, running-active-NotVisible
2026-05-25 19:28:59.538 E  WindowServer[619:112f] [com.apple.SkyLight:default] _CGXPackagesSetWindowConstraints: Invalid window
2026-05-25 19:28:59.538 E  WindowServer[619:112f] [com.apple.SkyLight:default] _CGXPackagesSetWindowConstraints: Invalid window
2026-05-25 19:28:59.552 E  WindowServer[619:112f] [com.apple.SkyLight:default] _CGXPackagesSetWindowConstraints: Invalid window
2026-05-25 19:29:00.540 E  WindowServer[619:112f] [com.apple.SkyLight:default] _CGXPackagesSetWindowConstraints: Invalid window
2026-05-25 19:29:00.540 E  WindowServer[619:112f] [com.apple.SkyLight:default] _CGXPackagesSetWindowConstraints: Invalid window
2026-05-25 19:29:00.557 E  WindowServer[619:112f] [com.apple.SkyLight:default] _CGXPackagesSetWindowConstraints: Invalid window
2026-05-25 19:29:01.539 E  WindowServer[619:112f] [com.apple.SkyLight:default] _CGXPackagesSetWindowConstraints: Invalid window
2026-05-25 19:29:01.539 E  WindowServer[619:112f] [com.apple.SkyLight:default] _CGXPackagesSetWindowConstraints: Invalid window
2026-05-25 19:29:02.178 A  WindowServer[619:690841] (RunningBoardServices) observedProcessStatesDidChange
2026-05-25 19:29:02.178 Df WindowServer[619:690841] [com.apple.runningboard:monitor] Received state update for 1695 (xpcservice<com.apple.WebKit.WebContent([app<application.com.apple.Safari.1110010.1110894(501)>:1412])(501)>{vt hash: 0}[uuid:F6E9D070-11FB-4B9F-A227-631755511F31]{definition:com.apple.WebKit.WebContent[standard][client]}:1695, running-active-NotVisible
2026-05-25 19:29:02.285 A  WindowServer[619:690a0a] (RunningBoardServices) observedProcessStatesDidChange
2026-05-25 19:29:02.285 Df WindowServer[619:690a0a] [com.apple.runningboard:monitor] Received state update for 1695 (xpcservice<com.apple.WebKit.WebContent([app<application.com.apple.Safari.1110010.1110894(501)>:1412])(501)>{vt hash: 0}[uuid:F6E9D070-11FB-4B9F-A227-631755511F31]{definition:com.apple.WebKit.WebContent[standard][client]}:1695, running-active-NotVisible
2026-05-25 19:29:02.540 E  WindowServer[619:112f] [com.apple.SkyLight:default] _CGXPackagesSetWindowConstraints: Invalid window
2026-05-25 19:29:02.540 E  WindowServer[619:112f] [com.apple.SkyLight:default] _CGXPackagesSetWindowConstraints: Invalid window
2026-05-25 19:29:02.557 E  WindowServer[619:112f] [com.apple.SkyLight:default] _CGXPackagesSetWindowConstraints: Invalid window
2026-05-25 19:29:02.997 I  WindowServer[619:112f] [com.apple.SkyLight:packages] 0[outside of RPC]: location status 1
2026-05-25 19:29:03.286 A  WindowServer[619:690841] (RunningBoardServices) observedProcessStatesDidChange
2026-05-25 19:29:03.286 Df WindowServer[619:690841] [com.apple.runningboard:monitor] Received state update for 1695 (xpcservice<com.apple.WebKit.WebContent([app<application.com.apple.Safari.1110010.1110894(501)>:1412])(501)>{vt hash: 0}[uuid:F6E9D070-11FB-4B9F-A227-631755511F31]{definition:com.apple.WebKit.WebContent[standard][client]}:1695, running-suspended-NotVisible
2026-05-25 19:29:03.542 E  WindowServer[619:112f] [com.apple.SkyLight:default] _CGXPackagesSetWindowConstraints: Invalid window
2026-05-25 19:29:03.542 E  WindowServer[619:112f] [com.apple.SkyLight:default] _CGXPackagesSetWindowConstraints: Invalid window
2026-05-25 19:29:03.548 E  WindowServer[619:112f] [com.apple.SkyLight:default] _CGXPackagesSetWindowConstraints: Invalid window
2026-05-25 19:29:04.046 A  WindowServer[619:690a0a] (RunningBoardServices) observedProcessStatesDidChange
2026-05-25 19:29:04.046 Df WindowServer[619:690a0a] [com.apple.runningboard:monitor] Received state update for 1695 (xpcservice<com.apple.WebKit.WebContent([app<application.com.apple.Safari.1110010.1110894(501)>:1412])(501)>{vt hash: 0}[uuid:F6E9D070-11FB-4B9F-A227-631755511F31]{definition:com.apple.WebKit.WebContent[standard][client]}:1695, running-active-NotVisible
2026-05-25 19:29:04.543 E  WindowServer[619:112f] [com.apple.SkyLight:default] _CGXPackagesSetWindowConstraints: Invalid window
2026-05-25 19:29:04.543 E  WindowServer[619:112f] [com.apple.SkyLight:default] _CGXPackagesSetWindowConstraints: Invalid window
2026-05-25 19:29:04.551 E  WindowServer[619:112f] [com.apple.SkyLight:default] _CGXPackagesSetWindowConstraints: Invalid window
2026-05-25 19:29:05.545 E  WindowServer[619:112f] [com.apple.SkyLight:default] _CGXPackagesSetWindowConstraints: Invalid window
2026-05-25 19:29:05.545 E  WindowServer[619:112f] [com.apple.SkyLight:default] _CGXPackagesSetWindowConstraints: Invalid window
2026-05-25 19:29:05.551 E  WindowServer[619:112f] [com.apple.SkyLight:default] _CGXPackagesSetWindowConstraints: Invalid window
2026-05-25 19:29:06.536 E  WindowServer[619:112f] [com.apple.SkyLight:default] _CGXPackagesSetWindowConstraints: Invalid window
2026-05-25 19:29:06.536 E  WindowServer[619:112f] [com.apple.SkyLight:default] _CGXPackagesSetWindowConstraints: Invalid window
2026-05-25 19:29:07.245 A  WindowServer[619:690841] (RunningBoardServices) observedProcessStatesDidChange
2026-05-25 19:29:07.245 Df WindowServer[619:690841] [com.apple.runningboard:monitor] Received state update for 1695 (xpcservice<com.apple.WebKit.WebContent([app<application.com.apple.Safari.1110010.1110894(501)>:1412])(501)>{vt hash: 0}[uuid:F6E9D070-11FB-4B9F-A227-631755511F31]{definition:com.apple.WebKit.WebContent[standard][client]}:1695, running-active-NotVisible
2026-05-25 19:29:07.352 A  WindowServer[619:690a0a] (RunningBoardServices) observedProcessStatesDidChange
2026-05-25 19:29:07.352 Df WindowServer[619:690a0a] [com.apple.runningboard:monitor] Received state update for 1695 (xpcservice<com.apple.WebKit.WebContent([app<application.com.apple.Safari.1110010.1110894(501)>:1412])(501)>{vt hash: 0}[uuid:F6E9D070-11FB-4B9F-A227-631755511F31]{definition:com.apple.WebKit.WebContent[standard][client]}:1695, running-active-NotVisible
2026-05-25 19:29:07.540 E  WindowServer[619:112f] [com.apple.SkyLight:default] _CGXPackagesSetWindowConstraints: Invalid window
2026-05-25 19:29:07.540 E  WindowServer[619:112f] [com.apple.SkyLight:default] _CGXPackagesSetWindowConstraints: Invalid window
2026-05-25 19:29:08.347 A  WindowServer[619:690a0a] (RunningBoardServices) observedProcessStatesDidChange
2026-05-25 19:29:08.347 Df WindowServer[619:690a0a] [com.apple.runningboard:monitor] Received state update for 1695 (xpcservice<com.apple.WebKit.WebContent([app<application.com.apple.Safari.1110010.1110894(501)>:1412])(501)>{vt hash: 0}[uuid:F6E9D070-11FB-4B9F-A227-631755511F31]{definition:com.apple.WebKit.WebContent[standard][client]}:1695, running-suspended-NotVisible
2026-05-25 19:29:08.538 E  WindowServer[619:112f] [com.apple.SkyLight:default] _CGXPackagesSetWindowConstraints: Invalid window
2026-05-25 19:29:08.538 E  WindowServer[619:112f] [com.apple.SkyLight:default] _CGXPackagesSetWindowConstraints: Invalid window
2026-05-25 19:29:08.550 E  WindowServer[619:112f] [com.apple.SkyLight:default] _CGXPackagesSetWindowConstraints: Invalid window
2026-05-25 19:29:09.147 A  WindowServer[619:6900d9] (RunningBoardServices) observedProcessStatesDidChange
2026-05-25 19:29:09.147 Df WindowServer[619:6900d9] [com.apple.runningboard:monitor] Received state update for 1695 (xpcservice<com.apple.WebKit.WebContent([app<application.com.apple.Safari.1110010.1110894(501)>:1412])(501)>{vt hash: 0}[uuid:F6E9D070-11FB-4B9F-A227-631755511F31]{definition:com.apple.WebKit.WebContent[standard][client]}:1695, running-active-NotVisible
2026-05-25 19:29:09.537 E  WindowServer[619:112f] [com.apple.SkyLight:default] _CGXPackagesSetWindowConstraints: Invalid window
2026-05-25 19:29:09.537 E  WindowServer[619:112f] [com.apple.SkyLight:default] _CGXPackagesSetWindowConstraints: Invalid window
2026-05-25 19:29:09.553 E  WindowServer[619:112f] [com.apple.SkyLight:default] _CGXPackagesSetWindowConstraints: Invalid window
2026-05-25 19:29:10.538 E  WindowServer[619:112f] [com.apple.SkyLight:default] _CGXPackagesSetWindowConstraints: Invalid window
2026-05-25 19:29:10.538 E  WindowServer[619:112f] [com.apple.SkyLight:default] _CGXPackagesSetWindowConstraints: Invalid window
2026-05-25 19:29:10.552 E  WindowServer[619:112f] [com.apple.SkyLight:default] _CGXPackagesSetWindowConstraints: Invalid window
2026-05-25 19:29:11.540 E  WindowServer[619:112f] [com.apple.SkyLight:default] _CGXPackagesSetWindowConstraints: Invalid window
2026-05-25 19:29:11.540 E  WindowServer[619:112f] [com.apple.SkyLight:default] _CGXPackagesSetWindowConstraints: Invalid window
2026-05-25 19:29:12.386 A  WindowServer[619:6900d9] (RunningBoardServices) observedProcessStatesDidChange
2026-05-25 19:29:12.386 Df WindowServer[619:6900d9] [com.apple.runningboard:monitor] Received state update for 1695 (xpcservice<com.apple.WebKit.WebContent([app<application.com.apple.Safari.1110010.1110894(501)>:1412])(501)>{vt hash: 0}[uuid:F6E9D070-11FB-4B9F-A227-631755511F31]{definition:com.apple.WebKit.WebContent[standard][client]}:1695, running-active-NotVisible
2026-05-25 19:29:12.493 A  WindowServer[619:690841] (RunningBoardServices) observedProcessStatesDidChange
2026-05-25 19:29:12.493 Df WindowServer[619:690841] [com.apple.runningboard:monitor] Received state update for 1695 (xpcservice<com.apple.WebKit.WebContent([app<application.com.apple.Safari.1110010.1110894(501)>:1412])(501)>{vt hash: 0}[uuid:F6E9D070-11FB-4B9F-A227-631755511F31]{definition:com.apple.WebKit.WebContent[standard][client]}:1695, running-active-NotVisible
2026-05-25 19:29:12.539 E  WindowServer[619:112f] [com.apple.SkyLight:default] _CGXPackagesSetWindowConstraints: Invalid window
2026-05-25 19:29:12.539 E  WindowServer[619:112f] [com.apple.SkyLight:default] _CGXPackagesSetWindowConstraints: Invalid window
2026-05-25 19:29:13.097 I  WindowServer[619:112f] [com.apple.SkyLight:packages] 0[outside of RPC]: location status 0
2026-05-25 19:29:13.494 A  WindowServer[619:6900d9] (RunningBoardServices) observedProcessStatesDidChange
2026-05-25 19:29:13.494 Df WindowServer[619:6900d9] [com.apple.runningboard:monitor] Received state update for 1695 (xpcservice<com.apple.WebKit.WebContent([app<application.com.apple.Safari.1110010.1110894(501)>:1412])(501)>{vt hash: 0}[uuid:F6E9D070-11FB-4B9F-A227-631755511F31]{definition:com.apple.WebKit.WebContent[standard][client]}:1695, running-suspended-NotVisible
2026-05-25 19:29:13.540 E  WindowServer[619:112f] [com.apple.SkyLight:default] _CGXPackagesSetWindowConstraints: Invalid window
2026-05-25 19:29:13.540 E  WindowServer[619:112f] [com.apple.SkyLight:default] _CGXPackagesSetWindowConstraints: Invalid window
2026-05-25 19:29:14.245 A  WindowServer[619:6900d9] (RunningBoardServices) observedProcessStatesDidChange
2026-05-25 19:29:14.245 Df WindowServer[619:6900d9] [com.apple.runningboard:monitor] Received state update for 1695 (xpcservice<com.apple.WebKit.WebContent([app<application.com.apple.Safari.1110010.1110894(501)>:1412])(501)>{vt hash: 0}[uuid:F6E9D070-11FB-4B9F-A227-631755511F31]{definition:com.apple.WebKit.WebContent[standard][client]}:1695, running-active-NotVisible
2026-05-25 19:29:14.541 E  WindowServer[619:112f] [com.apple.SkyLight:default] _CGXPackagesSetWindowConstraints: Invalid window
2026-05-25 19:29:14.541 E  WindowServer[619:112f] [com.apple.SkyLight:default] _CGXPackagesSetWindowConstraints: Invalid window
2026-05-25 19:29:14.562 E  WindowServer[619:112f] [com.apple.SkyLight:default] _CGXPackagesSetWindowConstraints: Invalid window
2026-05-25 19:29:15.543 E  WindowServer[619:112f] [com.apple.SkyLight:default] _CGXPackagesSetWindowConstraints: Invalid window
2026-05-25 19:29:15.543 E  WindowServer[619:112f] [com.apple.SkyLight:default] _CGXPackagesSetWindowConstraints: Invalid window
2026-05-25 19:29:15.552 E  WindowServer[619:112f] [com.apple.SkyLight:default] _CGXPackagesSetWindowConstraints: Invalid window
2026-05-25 19:29:15.887 Df WindowServer[619:6900d9] [com.apple.BackBoard:EventDelivery] new deferring rules for pid:1360: [
    [1360-15DE]; <keyboardFocus; vbi_10673501_34266_55474006_4542_1700021000406043700000>; () -> <token: 45179; pid: 1548>; reason: associated,
    [1360-15DD]; <keyboardFocus>; () -> <token: viewbridge-key-window; pid: 1360>; reason: …RemoteView deferKeyboardEventsToParticularWindow:forReason:]
]
2026-05-25 19:29:15.887 Df WindowServer[619:6900d9] [com.apple.BackBoard:EventDelivery] [keyboardFocus 0x72acc2170] setRules:forPID(1360): [
    [1360-15DE]; <keyboardFocus; vbi_10673501_34266_55474006_4542_1700021000406043700000>; () -> <token: 45179; pid: 1548>; reason: associated,
    [1360-15DD]; <keyboardFocus>; () -> <token: viewbridge-key-window; pid: 1360>; reason: -[NSRemoteView deferKeyboardEventsToParticularWindow:forReason:]
]
2026-05-25 19:29:16.391 E  WindowServer[619:1252] [com.apple.coreanimation:Render] timed out fence 2658585188647
2026-05-25 19:29:16.391 E  WindowServer[619:1252] [com.apple.coreanimation:Render] timed out fence 2658585188646
2026-05-25 19:29:16.395 I  WindowServer[619:112f] [com.apple.SkyLight:packages] 1c9a0f[OrderWindowGroup]: window 185 joined space 1
2026-05-25 19:29:16.395 Df WindowServer[619:112f] [com.apple.SkyLight:default] pid 94398 failed to act on a ping it dequeued before timing out.
2026-05-25 19:29:16.396 Df WindowServer[619:112f] [com.apple.SkyLight:default] pid 1188 failed to act on a ping it dequeued before timing out.
2026-05-25 19:29:16.396 Df WindowServer[619:112f] [com.apple.SkyLight:default] pid 1222 failed to act on a ping it dequeued before timing out.
2026-05-25 19:29:16.396 Df WindowServer[619:112f] [com.apple.SkyLight:default] pid 930 failed to act on a ping it dequeued before timing out.
2026-05-25 19:29:16.396 I  WindowServer[619:112f] [com.apple.SkyLight:packages] 1c9a0f[OrderWindowGroup]: order window: 185 op: 1 relative: 17e
2026-05-25 19:29:16.397 I  WindowServer[619:112f] [com.apple.SkyLight:packages] 1c9a0f[OrderWindowGroup]: order window: 17e op: -1 relative: 185
2026-05-25 19:29:16.430 Df WindowServer[619:112f] [com.apple.FuseBoard:SkyBridge] <private> updated window 389 from "none" to "occluded".
2026-05-25 19:29:16.544 E  WindowServer[619:112f] [com.apple.SkyLight:default] _CGXPackagesSetWindowConstraints: Invalid window
2026-05-25 19:29:16.544 E  WindowServer[619:112f] [com.apple.SkyLight:default] _CGXPackagesSetWindowConstraints: Invalid window
2026-05-25 19:29:16.552 E  WindowServer[619:112f] [com.apple.SkyLight:default] _CGXPackagesSetWindowConstraints: Invalid window
2026-05-25 19:29:17.353 A  WindowServer[619:6900d9] (RunningBoardServices) observedProcessStatesDidChange
2026-05-25 19:29:17.353 Df WindowServer[619:6900d9] [com.apple.runningboard:monitor] Received state update for 12171 (xpcservice<com.apple.WebKit.WebContent([app<application.com.apple.Safari.1110010.1110894(501)>:1412])(501)>{vt hash: 0}[uuid:E30AE4AB-0846-4F91-BD72-BA399D603BE2]{definition:com.apple.WebKit.WebContent[standard][client]}:12171, running-active-NotVisible
2026-05-25 19:29:17.358 A  WindowServer[619:690841] (RunningBoardServices) observedProcessStatesDidChange
2026-05-25 19:29:17.358 Df WindowServer[619:690841] [com.apple.runningboard:monitor] Received state update for 12171 (xpcservice<com.apple.WebKit.WebContent([app<application.com.apple.Safari.1110010.1110894(501)>:1412])(501)>{vt hash: 0}[uuid:E30AE4AB-0846-4F91-BD72-BA399D603BE2]{definition:com.apple.WebKit.WebContent[standard][client]}:12171, none-NotVisible
2026-05-25 19:29:17.358 A  WindowServer[619:6900d9] (RunningBoardServices) observedProcessStatesDidChange
2026-05-25 19:29:17.358 Df WindowServer[619:6900d9] [com.apple.runningboard:monitor] Received state update for 12171 (xpcservice<com.apple.WebKit.WebContent([app<application.com.apple.Safari.1110010.1110894(501)>:1412])(501)>{vt hash: 0}[uuid:E30AE4AB-0846-4F91-BD72-BA399D603BE2]{definition:com.apple.WebKit.WebContent[standard][client]}:12171, none-NotVisible
2026-05-25 19:29:17.453 A  WindowServer[619:690841] (RunningBoardServices) observedProcessStatesDidChange
2026-05-25 19:29:17.453 Df WindowServer[619:690841] [com.apple.runningboard:monitor] Received state update for 1695 (xpcservice<com.apple.WebKit.WebContent([app<application.com.apple.Safari.1110010.1110894(501)>:1412])(501)>{vt hash: 0}[uuid:F6E9D070-11FB-4B9F-A227-631755511F31]{definition:com.apple.WebKit.WebContent[standard][client]}:1695, running-active-NotVisible
2026-05-25 19:29:17.458 A  WindowServer[619:6900d9] (RunningBoardServices) observedProcessStatesDidChange
2026-05-25 19:29:17.459 Df WindowServer[619:6900d9] [com.apple.runningboard:monitor] Received state update for 1695 (xpcservice<com.apple.WebKit.WebContent([app<application.com.apple.Safari.1110010.1110894(501)>:1412])(501)>{vt hash: 0}[uuid:F6E9D070-11FB-4B9F-A227-631755511F31]{definition:com.apple.WebKit.WebContent[standard][client]}:1695, running-active-NotVisible
2026-05-25 19:29:17.538 E  WindowServer[619:112f] [com.apple.SkyLight:default] _CGXPackagesSetWindowConstraints: Invalid window
2026-05-25 19:29:17.538 E  WindowServer[619:112f] [com.apple.SkyLight:default] _CGXPackagesSetWindowConstraints: Invalid window
2026-05-25 19:29:17.549 E  WindowServer[619:112f] [com.apple.SkyLight:default] _CGXPackagesSetWindowConstraints: Invalid window
2026-05-25 19:29:18.536 E  WindowServer[619:112f] [com.apple.SkyLight:default] _CGXPackagesSetWindowConstraints: Invalid window
2026-05-25 19:29:18.536 E  WindowServer[619:112f] [com.apple.SkyLight:default] _CGXPackagesSetWindowConstraints: Invalid window
2026-05-25 19:29:18.560 A  WindowServer[619:6900d9] (RunningBoardServices) observedProcessStatesDidChange
2026-05-25 19:29:18.560 Df WindowServer[619:6900d9] [com.apple.runningboard:monitor] Received state update for 1695 (xpcservice<com.apple.WebKit.WebContent([app<application.com.apple.Safari.1110010.1110894(501)>:1412])(501)>{vt hash: 0}[uuid:F6E9D070-11FB-4B9F-A227-631755511F31]{definition:com.apple.WebKit.WebContent[standard][client]}:1695, running-suspended-NotVisible
2026-05-25 19:29:19.345 A  WindowServer[619:690841] (RunningBoardServices) observedProcessStatesDidChange
2026-05-25 19:29:19.345 Df WindowServer[619:690841] [com.apple.runningboard:monitor] Received state update for 1695 (xpcservice<com.apple.WebKit.WebContent([app<application.com.apple.Safari.1110010.1110894(501)>:1412])(501)>{vt hash: 0}[uuid:F6E9D070-11FB-4B9F-A227-631755511F31]{definition:com.apple.WebKit.WebContent[standard][client]}:1695, running-active-NotVisible
2026-05-25 19:29:19.536 E  WindowServer[619:112f] [com.apple.SkyLight:default] _CGXPackagesSetWindowConstraints: Invalid window
2026-05-25 19:29:19.536 E  WindowServer[619:112f] [com.apple.SkyLight:default] _CGXPackagesSetWindowConstraints: Invalid window
2026-05-25 19:29:20.537 E  WindowServer[619:112f] [com.apple.SkyLight:default] _CGXPackagesSetWindowConstraints: Invalid window
2026-05-25 19:29:20.537 E  WindowServer[619:112f] [com.apple.SkyLight:default] _CGXPackagesSetWindowConstraints: Invalid window
2026-05-25 19:29:21.538 E  WindowServer[619:112f] [com.apple.SkyLight:default] _CGXPackagesSetWindowConstraints: Invalid window
2026-05-25 19:29:21.538 E  WindowServer[619:112f] [com.apple.SkyLight:default] _CGXPackagesSetWindowConstraints: Invalid window
2026-05-25 19:29:21.825 Df WindowServer[619:6900d9] [com.apple.SkyLight:display] [ Display:Power      ] X-I: -1, P: 3:1, C: 0:0, T: 0.00:0, p: 2300000021f, U: 543
2026-05-25 19:29:21.826 Df WindowServer[619:112f] [com.apple.SkyLight:display] [ Display:Power      ] S-I: ffffffff, P: 3:2, C: 0, T: 10.00, p: 2300000021f, U: 543
2026-05-25 19:29:21.826 Df WindowServer[619:112f] [com.apple.SkyLight:display] [ Display:CBPolicy   ] Policy reset
2026-05-25 19:29:21.826 Df WindowServer[619:112f] [com.apple.SkyLight:display] [ Display:Power      ] Broadcast: Will Dim
2026-05-25 19:29:21.826 I  WindowServer[619:6900d9] [com.apple.iohid:default] displayNotificationCallback : displayState change 0x2 -> 0x1
2026-05-25 19:29:21.828 Df WindowServer[619:112f] [com.apple.SkyLight:display] [ Display:Config     ] Detected match in persistent store.
2026-05-25 19:29:21.828 Df WindowServer[619:112f] [com.apple.SkyLight:default] Found match = true, preGlowC = false
2026-05-25 19:29:21.828 Df WindowServer[619:112f] [com.apple.SkyLight:display] [ Display:Config     ] Desired config set is valid.
2026-05-25 19:29:21.828 Df WindowServer[619:112f] [com.apple.SkyLight:display] [ Display:Config     ] No change between prior and requested configuration.
2026-05-25 19:29:21.828 Df WindowServer[619:112f] [com.apple.SkyLight:display] [ Display:Persist    ] Saving configuration: session, permanent store.
2026-05-25 19:29:21.829 Df WindowServer[619:112f] [com.apple.SkyLight:display] [ Display:Power      ]   Work (D/C/W/S/P/R): 0/0/0/0/0/1
2026-05-25 19:29:21.829 E  WindowServer[619:112f] [com.apple.SkyLight:default] Invalid notification transition from "PowerStateNotificationTypeNone".  Expected: "PowerStateNotificationTypeNone" but received: "PowerStateNotificationTypeDidDim"
2026-05-25 19:29:21.829 Df WindowServer[619:112f] [com.apple.SkyLight:display] [ Display:Power      ] Broadcast: Did Dim
2026-05-25 19:29:21.842 Df WindowServer[619:112f] [com.apple.coreanimation:Brightness] Display 1 commitBrightness sdr: 99.3509, headroom: 1, potential headroom: 2, ambient lux: 63.5343, filtered ambient: 63.5343, brightness limit: 525, indicator brightness: nan low ambient strength: -1, high ambient strength: -1, contrast preservation: 0, contrast enhancer: -1 brightness ctl disabled -1, unlogged brightness transactions:0
2026-05-25 19:29:21.859 Df WindowServer[619:112f] [com.apple.coreanimation:Brightness] Display 1 commitBrightness sdr: 76.843, headroom: 1, potential headroom: 2, ambient lux: 63.5343, filtered ambient: 63.5343, brightness limit: 525, indicator brightness: nan low ambient strength: -1, high ambient strength: -1, contrast preservation: 0, contrast enhancer: -1 brightness ctl disabled -1, unlogged brightness transactions:0
2026-05-25 19:29:21.875 Df WindowServer[619:112f] [com.apple.coreanimation:Brightness] Display 1 commitBrightness sdr: 59.4344, headroom: 1, potential headroom: 2, ambient lux: 63.5343, filtered ambient: 63.5343, brightness limit: 525, indicator brightness: nan low ambient strength: -1, high ambient strength: -1, contrast preservation: 0, contrast enhancer: -1 brightness ctl disabled -1, unlogged brightness transactions:0
2026-05-25 19:29:21.892 Df WindowServer[619:112f] [com.apple.coreanimation:Brightness] Display 1 commitBrightness sdr: 45.9696, headroom: 1, potential headroom: 2, ambient lux: 63.5343, filtered ambient: 63.5343, brightness limit: 525, indicator brightness: nan low ambient strength: -1, high ambient strength: -1, contrast preservation: 0, contrast enhancer: -1 brightness ctl disabled -1, unlogged brightness transactions:0
2026-05-25 19:29:21.909 Df WindowServer[619:112f] [com.apple.coreanimation:Brightness] Display 1 commitBrightness sdr: 35.5552, headroom: 1, potential headroom: 2, ambient lux: 63.5343, filtered ambient: 63.5343, brightness limit: 525, indicator brightness: nan low ambient strength: -1, high ambient strength: -1, contrast preservation: 0, contrast enhancer: -1 brightness ctl disabled -1, unlogged brightness transactions:0
2026-05-25 19:29:21.925 Df WindowServer[619:112f] [com.apple.coreanimation:Brightness] Display 1 commitBrightness sdr: 27.5002, headroom: 1, potential headroom: 2, ambient lux: 63.5343, filtered ambient: 63.5343, brightness limit: 525, indicator brightness: nan low ambient strength: -1, high ambient strength: -1, contrast preservation: 0, contrast enhancer: -1 brightness ctl disabled -1, unlogged brightness transactions:0
2026-05-25 19:29:21.942 Df WindowServer[619:112f] [com.apple.coreanimation:Brightness] Display 1 commitBrightness sdr: 21.2701, headroom: 1, potential headroom: 2, ambient lux: 63.5343, filtered ambient: 63.5343, brightness limit: 525, indicator brightness: nan low ambient strength: -1, high ambient strength: -1, contrast preservation: 0, contrast enhancer: -1 brightness ctl disabled -1, unlogged brightness transactions:0
2026-05-25 19:29:21.959 Df WindowServer[619:112f] [com.apple.coreanimation:Brightness] Display 1 commitBrightness sdr: 16.4514, headroom: 1, potential headroom: 2, ambient lux: 63.5343, filtered ambient: 63.5343, brightness limit: 525, indicator brightness: nan low ambient strength: -1, high ambient strength: -1, contrast preservation: 0, contrast enhancer: -1 brightness ctl disabled -1, unlogged brightness transactions:0
2026-05-25 19:29:21.975 Df WindowServer[619:112f] [com.apple.coreanimation:Brightness] Display 1 commitBrightness sdr: 12.7243, headroom: 1, potential headroom: 2, ambient lux: 63.5343, filtered ambient: 63.5343, brightness limit: 525, indicator brightness: nan low ambient strength: -1, high ambient strength: -1, contrast preservation: 0, contrast enhancer: -1 brightness ctl disabled -1, unlogged brightness transactions:0
2026-05-25 19:29:21.992 Df WindowServer[619:112f] [com.apple.coreanimation:Brightness] Display 1 commitBrightness sdr: 9.84166, headroom: 1, potential headroom: 2, ambient lux: 63.5343, filtered ambient: 63.5343, brightness limit: 525, indicator brightness: nan low ambient strength: -1, high ambient strength: -1, contrast preservation: 0, contrast enhancer: -1 brightness ctl disabled -1, unlogged brightness transactions:0
2026-05-25 19:29:22.009 Df WindowServer[619:112f] [com.apple.coreanimation:Brightness] Display 1 commitBrightness sdr: 7.61205, headroom: 1, potential headroom: 2, ambient lux: 63.5343, filtered ambient: 63.5343, brightness limit: 525, indicator brightness: nan low ambient strength: -1, high ambient strength: -1, contrast preservation: 0, contrast enhancer: -1 brightness ctl disabled -1, unlogged brightness transactions:0
2026-05-25 19:29:22.025 Df WindowServer[619:112f] [com.apple.coreanimation:Brightness] Display 1 commitBrightness sdr: 5.88755, headroom: 1, potential headroom: 2, ambient lux: 63.5343, filtered ambient: 63.5343, brightness limit: 525, indicator brightness: nan low ambient strength: -1, high ambient strength: -1, contrast preservation: 0, contrast enhancer: -1 brightness ctl disabled -1, unlogged brightness transactions:0
2026-05-25 19:29:22.042 Df WindowServer[619:112f] [com.apple.coreanimation:Brightness] Display 1 commitBrightness sdr: 4.55373, headroom: 1, potential headroom: 2, ambient lux: 63.5343, filtered ambient: 63.5343, brightness limit: 525, indicator brightness: nan low ambient strength: -1, high ambient strength: -1, contrast preservation: 0, contrast enhancer: -1 brightness ctl disabled -1, unlogged brightness transactions:0
2026-05-25 19:29:22.059 Df WindowServer[619:112f] [com.apple.coreanimation:Brightness] Display 1 commitBrightness sdr: 3.52209, headroom: 1, potential headroom: 2, ambient lux: 63.5343, filtered ambient: 63.5343, brightness limit: 525, indicator brightness: nan low ambient strength: -1, high ambient strength: -1, contrast preservation: 0, contrast enhancer: -1 brightness ctl disabled -1, unlogged brightness transactions:0
2026-05-25 19:29:22.075 Df WindowServer[619:112f] [com.apple.coreanimation:Brightness] Display 1 commitBrightness sdr: 2.72416, headroom: 1, potential headroom: 2, ambient lux: 63.5343, filtered ambient: 63.5343, brightness limit: 525, indicator brightness: nan low ambient strength: -1, high ambient strength: -1, contrast preservation: 0, contrast enhancer: -1 brightness ctl disabled -1, unlogged brightness transactions:0
2026-05-25 19:29:22.081 A  WindowServer[619:690841] (RunningBoardServices) observedProcessStatesDidChange
2026-05-25 19:29:22.081 Df WindowServer[619:690841] [com.apple.runningboard:monitor] Received state update for 1526 (app<Unknown(1526)(501)>, running-active-NotVisible
2026-05-25 19:29:22.081 I  WindowServer[619:6900d9] [com.apple.SkyLight:packages] 0[outside of RPC]: resumed connection 69d5b
2026-05-25 19:29:22.092 Df WindowServer[619:112f] [com.apple.coreanimation:Brightness] Display 1 commitBrightness sdr: 2.10701, headroom: 1, potential headroom: 2, ambient lux: 63.5343, filtered ambient: 63.5343, brightness limit: 525, indicator brightness: nan low ambient strength: -1, high ambient strength: -1, contrast preservation: 0, contrast enhancer: -1 brightness ctl disabled -1, unlogged brightness transactions:0
2026-05-25 19:29:22.109 Df WindowServer[619:112f] [com.apple.coreanimation:Brightness] Display 1 commitBrightness sdr: 2.08345, headroom: 1, potential headroom: 2, ambient lux: 63.5343, filtered ambient: 63.5343, brightness limit: 525, indicator brightness: nan low ambient strength: -1, high ambient strength: -1, contrast preservation: 0, contrast enhancer: -1 brightness ctl disabled -1, unlogged brightness transactions:0
2026-05-25 19:29:22.109 Df WindowServer[619:112f] [com.apple.SkyLight:display] [ Display:CBPolicy   ] I: 1, signaled
2026-05-25 19:29:22.540 E  WindowServer[619:112f] [com.apple.SkyLight:default] _CGXPackagesSetWindowConstraints: Invalid window
2026-05-25 19:29:22.540 E  WindowServer[619:112f] [com.apple.SkyLight:default] _CGXPackagesSetWindowConstraints: Invalid window
2026-05-25 19:29:22.554 E  WindowServer[619:112f] [com.apple.SkyLight:default] _CGXPackagesSetWindowConstraints: Invalid window
2026-05-25 19:29:22.586 A  WindowServer[619:6900d9] (RunningBoardServices) observedProcessStatesDidChange
2026-05-25 19:29:22.586 Df WindowServer[619:6900d9] [com.apple.runningboard:monitor] Received state update for 1695 (xpcservice<com.apple.WebKit.WebContent([app<application.com.apple.Safari.1110010.1110894(501)>:1412])(501)>{vt hash: 0}[uuid:F6E9D070-11FB-4B9F-A227-631755511F31]{definition:com.apple.WebKit.WebContent[standard][client]}:1695, running-active-NotVisible
2026-05-25 19:29:22.623 Df WindowServer[619:112f] [com.apple.SkyLight.processes:Lifecycle] 0[outside of RPC]: Process death: 0x0-0x2badbab (nsattributedstringagent) connectionID: 7A000B pid: 4114 in session 0x101
2026-05-25 19:29:22.623 Df WindowServer[619:112f] [com.apple.SkyLight.processes:Focus] <BSCompoundAssertion:0x72ac15600> ([FocusManager:257]-deferringPolicyEvaluationSuppression) acquire for reason:process death - 0x0-0x2badbab (nsattributedstringagent) acq:0x6fdf4dbc0 count:1
2026-05-25 19:29:22.624 Df WindowServer[619:112f] [com.apple.SkyLight.processes:Focus] 0[outside of RPC]: [DataSource] removeFromPermittedFront 0x0-0x2badbab (<private>) in session 0x186b0 - current list is (  )
2026-05-25 19:29:22.624 Df WindowServer[619:112f] [com.apple.SkyLight.processes:Focus] 0[outside of RPC]: [FocusManager:257] update to deferring policy requested for reason: permitted list updated - 0x0-0x2badbab removed - but we are suppressing evaluation for reasons: {(
    "process death - 0x0-0x2badbab (nsattributedstringagent)"
)}
2026-05-25 19:29:22.624 Df WindowServer[619:112f] [com.apple.SkyLight.processes:Focus] 0[outside of RPC]: [DataSource] removeFromPermittedFront 0x1-0x1012 (<private>) in session 0x186b0 - current list is (  )
2026-05-25 19:29:22.624 Df WindowServer[619:112f] [com.apple.SkyLight.processes:Focus] 0[outside of RPC]: [FocusManager:257] update to deferring policy requested for reason: permitted list updated - 0x1-0x1012 removed - but we are suppressing evaluation for reasons: {(
    "process death - 0x0-0x2badbab (nsattributedstringagent)"
)}
2026-05-25 19:29:22.624 Df WindowServer[619:112f] [com.apple.SkyLight.processes:Focus] <BSCompoundAssertion:0x72ac15600> ([FocusManager:257]-deferringPolicyEvaluationSuppression) invalidate acq:0x6fdf4dbc0 count:1
2026-05-25 19:29:22.624 Df WindowServer[619:112f] [com.apple.SkyLight.processes:Focus] 0[outside of RPC]: [FocusManager:257] finished suppressing deferring policy evaluation, time to re-evaluate
2026-05-25 19:29:22.624 Df WindowServer[619:112f] [com.apple.SkyLight.processes:Focus] 0[outside of RPC]: [DeferringManager] Updating policy {
    advicePolicy: .frontmost;
    frontmostProcess: 0x0-0x27027 (iTerm) mainConnectionID: 1C9A0F;
} for reason: deferringPolicyEvaluationSuppression
2026-05-25 19:29:22.624 Df WindowServer[619:112f] [com.apple.BackBoard:EventDelivery] <BSCompoundAssertion:0x72ac154c0> (com.apple.backboard.hid.delivery.localDelivery.preventFlushing) acquire for reason:deferringPolicyEvaluationSuppression <8691> acq:0x6fdf4f280 count:1
2026-05-25 19:29:22.624 Df WindowServer[619:112f] [com.apple.SkyLight.processes:Focus] 0[outside of RPC]: [DeferringManager] Deferring events from frontmost process PSN 0x0-0x27027 (iTerm) -> <pid: 1360>
2026-05-25 19:29:22.624 Df WindowServer[619:112f] [com.apple.BackBoard:EventDelivery] <BSCompoundAssertion:0x72ac154c0> (com.apple.backboard.hid.delivery.localDelivery.preventFlushing) invalidate acq:0x6fdf4f280 count:1
2026-05-25 19:29:22.624 Df WindowServer[619:112f] [com.apple.BackBoard:EventDelivery] flushing changes: {
    contentsMask: 0x2; deferringRules: [[619-657F], [619-6580], [619-6581]];
}
2026-05-25 19:29:22.624 Df WindowServer[619:112f] [com.apple.BackBoard:EventDelivery] new deferring rules for pid:619: [
    [619-6581]; <keyboardFocus; iTerm:0x0-0x27027>; () -> <pid: 1360>; reason: frontmost PSN --> outbound target,
    [619-6580]; <keyboardFocus; <frontmost>>; () -> <token: iTerm:0x0-0x27027; pid: 619>; reason: frontmost PSN,
    [619-657F]; <keyboardFocus>; () -> <token: <frontmost>; pid: 619>; reason: Deferring to <frontmost>
]
2026-05-25 19:29:22.624 Df WindowServer[619:112f] [com.apple.BackBoard:EventDelivery] [keyboardFocus 0x72acc2170] setRules:forPID(619): [
    [619-6581]; <keyboardFocus; iTerm:0x0-0x27027>; () -> <pid: 1360>; reason: frontmost PSN --> outbound target,
    [619-6580]; <keyboardFocus; <frontmost>>; () -> <token: iTerm:0x0-0x27027; pid: 619>; reason: frontmost PSN,
    [619-657F]; <keyboardFocus>; () -> <token: <frontmost>; pid: 619>; reason: Deferring to <frontmost>
]
2026-05-25 19:29:22.624 Df WindowServer[619:112f] [com.apple.BackBoard:EventDelivery] chain did update (setDeferringRules) <keyboardFocus; display: null> containsEndOfChain: YES; [
    <token: <frontmost>; pid: 619>,
    <token: iTerm:0x0-0x27027; pid: 619>,
    <pid: 1360>,
    <token: viewbridge-key-window; pid: 1360>
]
2026-05-25 19:29:22.624 Df WindowServer[619:112f] [com.apple.SkyLight:default] [ ConnectionDebug ] Closing conn 0x7a000b, PID 4114 in session 257 on console
2026-05-25 19:29:22.693 A  WindowServer[619:690841] (RunningBoardServices) observedProcessStatesDidChange
2026-05-25 19:29:22.693 Df WindowServer[619:690841] [com.apple.runningboard:monitor] Received state update for 1695 (xpcservice<com.apple.WebKit.WebContent([app<application.com.apple.Safari.1110010.1110894(501)>:1412])(501)>{vt hash: 0}[uuid:F6E9D070-11FB-4B9F-A227-631755511F31]{definition:com.apple.WebKit.WebContent[standard][client]}:1695, running-active-NotVisible
2026-05-25 19:29:23.072 I  WindowServer[619:112f] [com.apple.SkyLight:packages] 0[outside of RPC]: location status 1
2026-05-25 19:29:23.539 E  WindowServer[619:112f] [com.apple.SkyLight:default] _CGXPackagesSetWindowConstraints: Invalid window
2026-05-25 19:29:23.539 E  WindowServer[619:112f] [com.apple.SkyLight:default] _CGXPackagesSetWindowConstraints: Invalid window
2026-05-25 19:29:23.548 E  WindowServer[619:112f] [com.apple.SkyLight:default] _CGXPackagesSetWindowConstraints: Invalid window
2026-05-25 19:29:23.672 A  WindowServer[619:6900d9] (RunningBoardServices) observedProcessStatesDidChange
2026-05-25 19:29:23.672 Df WindowServer[619:6900d9] [com.apple.runningboard:monitor] Received state update for 1503 (app<application.com.apple.MobileSMS.1152921500311888381.1152921500311888451(501)>, running-active-NotVisible
2026-05-25 19:29:23.693 A  WindowServer[619:690841] (RunningBoardServices) observedProcessStatesDidChange
2026-05-25 19:29:23.693 Df WindowServer[619:690841] [com.apple.runningboard:monitor] Received state update for 1695 (xpcservice<com.apple.WebKit.WebContent([app<application.com.apple.Safari.1110010.1110894(501)>:1412])(501)>{vt hash: 0}[uuid:F6E9D070-11FB-4B9F-A227-631755511F31]{definition:com.apple.WebKit.WebContent[standard][client]}:1695, running-suspended-NotVisible
2026-05-25 19:29:23.694 A  WindowServer[619:6900d9] (RunningBoardServices) observedProcessStatesDidChange
2026-05-25 19:29:23.694 Df WindowServer[619:6900d9] [com.apple.runningboard:monitor] Received state update for 1503 (app<application.com.apple.MobileSMS.1152921500311888381.1152921500311888451(501)>, running-active-NotVisible
2026-05-25 19:29:23.846 Df WindowServer[619:112f] [com.apple.xpc:connection] [0x703dfc780] activating connection: mach=true listener=false peer=false name=com.apple.storagekitd.dm
2026-05-25 19:29:23.861 Df WindowServer[619:112f] [com.apple.xpc:connection] [0x703dfc780] invalidated because the current process cancelled the connection by calling xpc_connection_cancel()
2026-05-25 19:29:24.453 A  WindowServer[619:690841] (RunningBoardServices) observedProcessStatesDidChange
2026-05-25 19:29:24.453 Df WindowServer[619:690841] [com.apple.runningboard:monitor] Received state update for 1695 (xpcservice<com.apple.WebKit.WebContent([app<application.com.apple.Safari.1110010.1110894(501)>:1412])(501)>{vt hash: 0}[uuid:F6E9D070-11FB-4B9F-A227-631755511F31]{definition:com.apple.WebKit.WebContent[standard][client]}:1695, running-active-NotVisible
2026-05-25 19:29:24.540 E  WindowServer[619:112f] [com.apple.SkyLight:default] _CGXPackagesSetWindowConstraints: Invalid window
2026-05-25 19:29:24.540 E  WindowServer[619:112f] [com.apple.SkyLight:default] _CGXPackagesSetWindowConstraints: Invalid window
2026-05-25 19:29:24.544 E  WindowServer[619:112f] [com.apple.SkyLight:default] _CGXPackagesSetWindowConstraints: Invalid window
2026-05-25 19:29:25.541 E  WindowServer[619:112f] [com.apple.SkyLight:default] _CGXPackagesSetWindowConstraints: Invalid window
2026-05-25 19:29:25.541 E  WindowServer[619:112f] [com.apple.SkyLight:default] _CGXPackagesSetWindowConstraints: Invalid window
2026-05-25 19:29:25.548 E  WindowServer[619:112f] [com.apple.SkyLight:default] _CGXPackagesSetWindowConstraints: Invalid window
2026-05-25 19:29:26.312 E  WindowServer[619:112f] [com.apple.SkyLight:default] _CGXPackagesSetWindowConstraints: Invalid window
2026-05-25 19:29:26.543 E  WindowServer[619:112f] [com.apple.SkyLight:default] _CGXPackagesSetWindowConstraints: Invalid window
2026-05-25 19:29:26.543 E  WindowServer[619:112f] [com.apple.SkyLight:default] _CGXPackagesSetWindowConstraints: Invalid window
2026-05-25 19:29:26.550 E  WindowServer[619:112f] [com.apple.SkyLight:default] _CGXPackagesSetWindowConstraints: Invalid window
2026-05-25 19:29:26.673 A  WindowServer[619:690841] (RunningBoardServices) observedProcessStatesDidChange
2026-05-25 19:29:26.673 Df WindowServer[619:690841] [com.apple.runningboard:monitor] Received state update for 12214 (xpcservice<com.apple.WebKit.WebContent([app<application.com.apple.Safari.1110010.1110894(501)>:1412])(501)>{vt hash: 0}[uuid:3D3D982D-53E1-46AC-B9F2-39892998C6CF]{definition:com.apple.WebKit.WebContent[standard][client]}:12214, running-active-NotVisible
2026-05-25 19:29:26.681 A  WindowServer[619:6900d9] (RunningBoardServices) observedProcessStatesDidChange
2026-05-25 19:29:26.681 Df WindowServer[619:6900d9] [com.apple.runningboard:monitor] Received state update for 12214 (xpcservice<com.apple.WebKit.WebContent([app<application.com.apple.Safari.1110010.1110894(501)>:1412])(501)>{vt hash: 0}[uuid:3D3D982D-53E1-46AC-B9F2-39892998C6CF]{definition:com.apple.WebKit.WebContent[standard][client]}:12214, none-NotVisible
2026-05-25 19:29:26.682 A  WindowServer[619:690841] (RunningBoardServices) observedProcessStatesDidChange
2026-05-25 19:29:26.682 Df WindowServer[619:690841] [com.apple.runningboard:monitor] Received state update for 12214 (xpcservice<com.apple.WebKit.WebContent([app<application.com.apple.Safari.1110010.1110894(501)>:1412])(501)>{vt hash: 0}[uuid:3D3D982D-53E1-46AC-B9F2-39892998C6CF]{definition:com.apple.WebKit.WebContent[standard][client]}:12214, none-NotVisible
2026-05-25 19:29:27.545 E  WindowServer[619:112f] [com.apple.SkyLight:default] _CGXPackagesSetWindowConstraints: Invalid window
2026-05-25 19:29:27.545 E  WindowServer[619:112f] [com.apple.SkyLight:default] _CGXPackagesSetWindowConstraints: Invalid window
2026-05-25 19:29:27.553 E  WindowServer[619:112f] [com.apple.SkyLight:default] _CGXPackagesSetWindowConstraints: Invalid window
2026-05-25 19:29:27.762 Df WindowServer[619:112f] [com.apple.SkyLight:packages] 0[outside of RPC]: user_is_idle_for_appearance_switch user is idle
2026-05-25 19:29:27.762 Df WindowServer[619:112f] [com.apple.SkyLight:packages] 0[outside of RPC]: PKGReconcileAutomaticAppearanceTheme kicking idle timer
2026-05-25 19:29:27.762 Df WindowServer[619:6900d9] [com.apple.xpc:connection] [0x703dfc780] activating connection: mach=true listener=false peer=false name=com.apple.aquaappearancehelper
2026-05-25 19:29:27.765 Df WindowServer[619:6900d9] [com.apple.xpc:connection] [0x703dfc780] invalidated after the last release of the connection object
2026-05-25 19:29:27.765 Df WindowServer[619:112f] [com.apple.SkyLight:packages] 0[outside of RPC]: complete_appearance_transition_on_session on session 101
2026-05-25 19:29:28.036 A  WindowServer[619:690841] (RunningBoardServices) observedProcessStatesDidChange
2026-05-25 19:29:28.036 Df WindowServer[619:690841] [com.apple.runningboard:monitor] Received state update for 1695 (xpcservice<com.apple.WebKit.WebContent([app<application.com.apple.Safari.1110010.1110894(501)>:1412])(501)>{vt hash: 0}[uuid:F6E9D070-11FB-4B9F-A227-631755511F31]{definition:com.apple.WebKit.WebContent[standard][client]}:1695, running-active-NotVisible
2026-05-25 19:29:28.142 A  WindowServer[619:690841] (RunningBoardServices) observedProcessStatesDidChange
2026-05-25 19:29:28.142 Df WindowServer[619:690841] [com.apple.runningboard:monitor] Received state update for 1695 (xpcservice<com.apple.WebKit.WebContent([app<application.com.apple.Safari.1110010.1110894(501)>:1412])(501)>{vt hash: 0}[uuid:F6E9D070-11FB-4B9F-A227-631755511F31]{definition:com.apple.WebKit.WebContent[standard][client]}:1695, running-active-NotVisible
2026-05-25 19:29:28.534 E  WindowServer[619:112f] [com.apple.SkyLight:default] _CGXPackagesSetWindowConstraints: Invalid window
2026-05-25 19:29:28.535 E  WindowServer[619:112f] [com.apple.SkyLight:default] _CGXPackagesSetWindowConstraints: Invalid window
2026-05-25 19:29:28.546 E  WindowServer[619:112f] [com.apple.SkyLight:default] _CGXPackagesSetWindowConstraints: Invalid window
2026-05-25 19:29:29.143 A  WindowServer[619:690841] (RunningBoardServices) observedProcessStatesDidChange
2026-05-25 19:29:29.143 Df WindowServer[619:690841] [com.apple.runningboard:monitor] Received state update for 1695 (xpcservice<com.apple.WebKit.WebContent([app<application.com.apple.Safari.1110010.1110894(501)>:1412])(501)>{vt hash: 0}[uuid:F6E9D070-11FB-4B9F-A227-631755511F31]{definition:com.apple.WebKit.WebContent[standard][client]}:1695, running-suspended-NotVisible
2026-05-25 19:29:29.466 A  WindowServer[619:690b1d] (RunningBoardServices) observedProcessStatesDidChange
2026-05-25 19:29:29.466 Df WindowServer[619:690b1d] [com.apple.runningboard:monitor] Received state update for 1526 (app<Unknown(1526)(501)>, running-active-NotVisible
2026-05-25 19:29:29.466 I  WindowServer[619:690841] [com.apple.SkyLight:packages] 0[outside of RPC]: resumed connection 69d5b
2026-05-25 19:29:29.534 E  WindowServer[619:112f] [com.apple.SkyLight:default] _CGXPackagesSetWindowConstraints: Invalid window
2026-05-25 19:29:29.534 E  WindowServer[619:112f] [com.apple.SkyLight:default] _CGXPackagesSetWindowConstraints: Invalid window
2026-05-25 19:29:29.549 E  WindowServer[619:112f] [com.apple.SkyLight:default] _CGXPackagesSetWindowConstraints: Invalid window
2026-05-25 19:29:29.552 A  WindowServer[619:690841] (RunningBoardServices) observedProcessStatesDidChange
2026-05-25 19:29:29.552 Df WindowServer[619:690841] [com.apple.runningboard:monitor] Received state update for 1695 (xpcservice<com.apple.WebKit.WebContent([app<application.com.apple.Safari.1110010.1110894(501)>:1412])(501)>{vt hash: 0}[uuid:F6E9D070-11FB-4B9F-A227-631755511F31]{definition:com.apple.WebKit.WebContent[standard][client]}:1695, running-active-NotVisible
2026-05-25 19:29:29.699 E  WindowServer[619:112f] [com.apple.SkyLight:default] _CGXPackagesSetWindowConstraints: Invalid window
2026-05-25 19:29:30.535 E  WindowServer[619:112f] [com.apple.SkyLight:default] _CGXPackagesSetWindowConstraints: Invalid window
2026-05-25 19:29:30.535 E  WindowServer[619:112f] [com.apple.SkyLight:default] _CGXPackagesSetWindowConstraints: Invalid window
2026-05-25 19:29:30.566 E  WindowServer[619:112f] [com.apple.SkyLight:default] _CGXPackagesSetWindowConstraints: Invalid window
2026-05-25 19:29:31.537 E  WindowServer[619:112f] [com.apple.SkyLight:default] _CGXPackagesSetWindowConstraints: Invalid window
2026-05-25 19:29:31.537 E  WindowServer[619:112f] [com.apple.SkyLight:default] _CGXPackagesSetWindowConstraints: Invalid window
2026-05-25 19:29:31.551 E  WindowServer[619:112f] [com.apple.SkyLight:default] _CGXPackagesSetWindowConstraints: Invalid window
2026-05-25 19:29:32.537 E  WindowServer[619:112f] [com.apple.SkyLight:default] _CGXPackagesSetWindowConstraints: Invalid window
2026-05-25 19:29:32.538 E  WindowServer[619:112f] [com.apple.SkyLight:default] _CGXPackagesSetWindowConstraints: Invalid window
2026-05-25 19:29:32.552 E  WindowServer[619:112f] [com.apple.SkyLight:default] _CGXPackagesSetWindowConstraints: Invalid window
2026-05-25 19:29:32.785 A  WindowServer[619:690b1d] (RunningBoardServices) observedProcessStatesDidChange
2026-05-25 19:29:32.785 Df WindowServer[619:690b1d] [com.apple.runningboard:monitor] Received state update for 1695 (xpcservice<com.apple.WebKit.WebContent([app<application.com.apple.Safari.1110010.1110894(501)>:1412])(501)>{vt hash: 0}[uuid:F6E9D070-11FB-4B9F-A227-631755511F31]{definition:com.apple.WebKit.WebContent[standard][client]}:1695, running-active-NotVisible
2026-05-25 19:29:32.824 Df WindowServer[619:112f] [com.apple.SkyLight:display] [ Display:CBPolicy   ] Policy reset
2026-05-25 19:29:32.824 Df WindowServer[619:112f] [com.apple.SkyLight:display] [ Display:Power      ] Broadcast: Will Sleep
2026-05-25 19:29:32.824 Df WindowServer[619:690b1d] [com.apple.CoreRCPlugin:default] CoreRCDisplayPowerNotification in SLS callback
2026-05-25 19:29:32.824 Df WindowServer[619:690b1d] [com.apple.CoreRCPlugin:default] System going to sleep
2026-05-25 19:29:32.824 I  WindowServer[619:690841] [com.apple.iohid:default] displayNotificationCallback : displayState change 0x1 -> 0x0
2026-05-25 19:29:32.825 Df WindowServer[619:112f] [com.apple.SkyLight:default] pid 1188 failed to act on a ping it dequeued before timing out.
2026-05-25 19:29:32.825 Df WindowServer[619:112f] [com.apple.SkyLight:default] pid 1222 failed to act on a ping it dequeued before timing out.
2026-05-25 19:29:32.826 Df WindowServer[619:112f] [com.apple.SkyLight:default] pid 930 failed to act on a ping it dequeued before timing out.
2026-05-25 19:29:32.827 E  WindowServer[619:112f] [com.apple.SkyLight:default] Clearing datagram buffer for cid 0x3cd913. Client state: Data count: 16732 connectionIsUnresponsive: 0 clientMayIgnoreEvents: 1 clientIsSuspended: 0
2026-05-25 19:29:32.827 E  WindowServer[619:112f] [com.apple.SkyLight:default] Clearing datagram buffer for cid 0x8fa03. Client state: Data count: 16732 connectionIsUnresponsive: 0 clientMayIgnoreEvents: 1 clientIsSuspended: 0
2026-05-25 19:29:32.827 E  WindowServer[619:112f] [com.apple.SkyLight:default] Clearing datagram buffer for cid 0x8a903. Client state: Data count: 16732 connectionIsUnresponsive: 0 clientMayIgnoreEvents: 1 clientIsSuspended: 0
2026-05-25 19:29:32.828 Df WindowServer[619:112f] [com.apple.coreanimation:DisplayState] Display 2 setEnabled:0
2026-05-25 19:29:32.828 Df WindowServer[619:112f] [com.apple.coreanimation:DisplayState] Server::set_display_state display_id=2 seed=0 current_state=on target_state=on new_target_state=off
2026-05-25 19:29:32.828 Df WindowServer[619:112f] [com.apple.coreanimation:DisplayState] IOMFBDisplay::set_display_state display_id=2 current_state=on target_state=off
2026-05-25 19:29:32.828 Df WindowServer[619:112f] [com.apple.coreanimation:DisplayState] Server::set_display_state display_id=2 seed=0 current_state=on target_state=off result=queued
2026-05-25 19:29:32.863 Df WindowServer[619:112f] [com.apple.coreanimation:DisplayState] IOMFBDisplay::update_power_state display_id=2 current_power_state=0 target_power_state=1 new_target_power_state=0 sync=0 raw_power_state=0 power_assertions=0
2026-05-25 19:29:32.863 Df WindowServer[619:112f] [com.apple.coreanimation:WindowServer] Display 2 set power state 0
2026-05-25 19:29:32.863 Df WindowServer[619:112f] (IOMobileFramebuffer)  kern_CopyProperty key : Time not found
2026-05-25 19:29:32.864 Df WindowServer[619:112f] [com.apple.coreanimation:DisplayState] IOMFBDisplay::complete_display_state_transition display_id=2, current_state=off
2026-05-25 19:29:32.865 Df WindowServer[619:112f] [com.apple.SkyLight:display] [ Display:Presets:Shim ] <private>
2026-05-25 19:29:32.865 Df WindowServer[619:112f] [com.apple.ProDisplayLibrary:ProDisplay] <private>
2026-05-25 19:29:32.865 Df WindowServer[619:112f] [com.apple.SkyLight:display] [ Display:Presets:Shim ] <private>
2026-05-25 19:29:32.865 Df WindowServer[619:112f] [com.apple.SkyLight:display] [ Display:Mode       ] Virtual display 0 set to mode 0
2026-05-25 19:29:32.866 Df WindowServer[619:112f] [com.apple.coreanimation:DisplayState] Display 102 setEnabled:1
2026-05-25 19:29:32.866 Df WindowServer[619:112f] [com.apple.coreanimation:DisplayState] Server::set_display_state display_id=102 seed=0 current_state=off target_state=off new_target_state=on
2026-05-25 19:29:32.866 Df WindowServer[619:112f] [com.apple.coreanimation:DisplayState] VirtualDisplay::set_display_state display_id=102 current_state=off target_state=on
2026-05-25 19:29:32.866 Df WindowServer[619:112f] [com.apple.coreanimation:DisplayState] Server::set_display_state display_id=102 seed=0 current_state=off target_state=on result=queued
2026-05-25 19:29:32.866 Df WindowServer[619:112f] [com.apple.coreanimation:DisplayState] VirtualDisplay::complete_display_state_transition display_id=102, current_state=on
2026-05-25 19:29:32.868 Df WindowServer[619:112f] [com.apple.SkyLight:display] [ Display:Config     ] Detected match in persistent store.
2026-05-25 19:29:32.868 Df WindowServer[619:112f] [com.apple.SkyLight:default] Found match = true, preGlowC = false
2026-05-25 19:29:32.868 Df WindowServer[619:112f] [com.apple.SkyLight:display] [ Display:Config     ] Desired config set is valid.
2026-05-25 19:29:32.868 Df WindowServer[619:112f] [com.apple.SkyLight:display] [ Display:Config     ] Applying configuration changes (<private>)
2026-05-25 19:29:32.868 Df WindowServer[619:112f] [com.apple.SkyLight:display] [ Display:Config     ]   display 0x66
2026-05-25 19:29:32.868 Df WindowServer[619:112f] [com.apple.SkyLight:display] [ Display:Config     ]     added
2026-05-25 19:29:32.868 Df WindowServer[619:112f] [com.apple.SkyLight:display] [ Display:Config     ]     setting unmirror mode 0
2026-05-25 19:29:32.868 Df WindowServer[619:112f] [com.apple.SkyLight:display] [ Display:Config     ]   display 0x2 removed
2026-05-25 19:29:32.870 Df WindowServer[619:690841] [com.apple.xpc:connection] [0x703dfc780] activating connection: mach=true listener=false peer=false name=com.apple.iokit.powerdxpc
2026-05-25 19:29:32.870 Df WindowServer[619:690841] [com.apple.xpc:connection] [0x703dfc780] invalidated after the last release of the connection object
2026-05-25 19:29:32.872 Df WindowServer[619:690b5d] [com.apple.Multitouch:Plugin] [HID] [MT] <private><private><private> Momentum scroll dispatch rate set - requested value 59.908791 -> set value 60.000000
2026-05-25 19:29:32.882 Df WindowServer[619:112f] [com.apple.coreanimation:Brightness] Display 1 commitBrightness sdr: 0, headroom: 1, potential headroom: 2, ambient lux: 63.5343, filtered ambient: 63.5343, brightness limit: 525, indicator brightness: nan low ambient strength: -1, high ambient strength: -1, contrast preservation: 0, contrast enhancer: -1 brightness ctl disabled -1, unlogged brightness transactions:0
2026-05-25 19:29:32.882 Df WindowServer[619:112f] [com.apple.SkyLight:display] [ Display:CBPolicy   ] I: 1, signaled
2026-05-25 19:29:32.903 Df WindowServer[619:112f] [com.apple.FuseBoard:SkyBridge] <private> adding window 45181 with state "none"; now 8 window(s) exist.
2026-05-25 19:29:32.903 Df WindowServer[619:112f] [com.apple.FuseBoard:SkyBridge] <private> updated window 45181 from "none" to "hidden".
2026-05-25 19:29:32.907 Df WindowServer[619:112f] [com.apple.FuseBoard:SkyBridge] <private> adding window 45182 with state "none"; now 9 window(s) exist.
2026-05-25 19:29:32.907 Df WindowServer[619:112f] [com.apple.FuseBoard:SkyBridge] <private> updated window 45182 from "none" to "hidden".
2026-05-25 19:29:32.909 Df WindowServer[619:112f] [com.apple.FuseBoard:SkyBridge] <private> adding window 45183 with state "none"; now 10 window(s) exist.
2026-05-25 19:29:32.909 Df WindowServer[619:112f] [com.apple.FuseBoard:SkyBridge] <private> updated window 45183 from "none" to "hidden".
2026-05-25 19:29:32.912 Df WindowServer[619:112f] [com.apple.FuseBoard:SkyBridge] <private> adding window 45184 with state "none"; now 11 window(s) exist.
2026-05-25 19:29:32.912 Df WindowServer[619:112f] [com.apple.FuseBoard:SkyBridge] <private> updated window 45184 from "none" to "hidden".
2026-05-25 19:29:32.931 A  WindowServer[619:690b1d] (RunningBoardServices) observedProcessStatesDidChange
2026-05-25 19:29:32.932 Df WindowServer[619:690b1d] [com.apple.runningboard:monitor] Received state update for 1695 (xpcservice<com.apple.WebKit.WebContent([app<application.com.apple.Safari.1110010.1110894(501)>:1412])(501)>{vt hash: 0}[uuid:F6E9D070-11FB-4B9F-A227-631755511F31]{definition:com.apple.WebKit.WebContent[standard][client]}:1695, running-active-NotVisible
2026-05-25 19:29:32.967 I  WindowServer[619:112f] [com.apple.SkyLight:packages] 4020f[OrderWindow]: order window: b028 op: 0 relative: 0
2026-05-25 19:29:32.968 I  WindowServer[619:112f] [com.apple.SkyLight:packages] 4020f[TerminateWindow]: window b028 parted space 1
2026-05-25 19:29:32.968 I  WindowServer[619:112f] [com.apple.SkyLight:packages] 4020f[TerminateWindow]: window b028 parted space 3
2026-05-25 19:29:32.969 I  WindowServer[619:112f] [com.apple.SkyLight:packages] 4020f[TerminateWindow]: window b028 parted space 4
2026-05-25 19:29:33.033 I  WindowServer[619:112f] [com.apple.SkyLight:packages] 88903[OrderWindowGroup]: order window: 53 op: 1 relative: 0
2026-05-25 19:29:33.033 I  WindowServer[619:112f] [com.apple.SkyLight:packages] 88903[OrderWindowGroup]: order window: 53 op: 1 relative: 0
2026-05-25 19:29:33.041 I  WindowServer[619:112f] [com.apple.SkyLight:packages] 88903[OrderWindowGroup]: order window: 53 op: 1 relative: 0
2026-05-25 19:29:33.041 I  WindowServer[619:112f] [com.apple.SkyLight:packages] 88903[OrderWindowGroup]: order window: 53 op: 1 relative: 0
2026-05-25 19:29:33.089 I  WindowServer[619:112f] [com.apple.SkyLight:packages] 1c9a0f[OrderWindow]: order window: b058 op: 0 relative: 0
2026-05-25 19:29:33.089 I  WindowServer[619:112f] [com.apple.SkyLight:packages] 1c9a0f[OrderWindow]: order window: b055 op: 0 relative: 0
2026-05-25 19:29:33.089 I  WindowServer[619:112f] [com.apple.SkyLight:packages] 1c9a0f[OrderWindow]: order window: b054 op: 0 relative: 0
2026-05-25 19:29:33.089 I  WindowServer[619:112f] [com.apple.SkyLight:packages] 1c9a0f[OrderWindow]: order window: b051 op: 0 relative: 0
2026-05-25 19:29:33.095 Df WindowServer[619:112f] [com.apple.FuseBoard:SkyBridge] <private> removing window 45144; now 10 window(s) remain.
2026-05-25 19:29:33.098 Df WindowServer[619:112f] [com.apple.FuseBoard:SkyBridge] <private> removing window 45137; now 9 window(s) remain.
2026-05-25 19:29:33.101 Df WindowServer[619:112f] [com.apple.FuseBoard:SkyBridge] <private> adding window 45185 with state "none"; now 9 window(s) exist.
2026-05-25 19:29:33.101 Df WindowServer[619:112f] [com.apple.FuseBoard:SkyBridge] <private> updated window 45185 from "none" to "hidden".
2026-05-25 19:29:33.102 Df WindowServer[619:112f] [com.apple.FuseBoard:SkyBridge] <private> removing window 45141; now 8 window(s) remain.
2026-05-25 19:29:33.103 Df WindowServer[619:112f] [com.apple.FuseBoard:SkyBridge] <private> removing window 45140; now 7 window(s) remain.
2026-05-25 19:29:33.108 Df WindowServer[619:112f] [com.apple.FuseBoard:SkyBridge] <private> adding window 45186 with state "none"; now 9 window(s) exist.
2026-05-25 19:29:33.108 Df WindowServer[619:112f] [com.apple.FuseBoard:SkyBridge] <private> updated window 45186 from "none" to "hidden".
2026-05-25 19:29:33.124 Df WindowServer[619:112f] [com.apple.FuseBoard:SkyBridge] <private> adding window 45187 with state "none"; now 10 window(s) exist.
2026-05-25 19:29:33.124 Df WindowServer[619:112f] [com.apple.FuseBoard:SkyBridge] <private> updated window 45187 from "none" to "hidden".
2026-05-25 19:29:33.126 Df WindowServer[619:112f] [com.apple.FuseBoard:SkyBridge] <private> adding window 45188 with state "none"; now 10 window(s) exist.
2026-05-25 19:29:33.126 Df WindowServer[619:112f] [com.apple.FuseBoard:SkyBridge] <private> updated window 45188 from "none" to "hidden".
2026-05-25 19:29:33.126 Df WindowServer[619:112f] [com.apple.FuseBoard:SkyBridge] <private> adding window 45189 with state "none"; now 11 window(s) exist.
2026-05-25 19:29:33.126 Df WindowServer[619:112f] [com.apple.FuseBoard:SkyBridge] <private> updated window 45189 from "none" to "hidden".
2026-05-25 19:29:33.134 Df WindowServer[619:112f] [com.apple.SkyLight:default] Timed out 0.250 second wait for reply from "<private>" for synchronous notification type 115 (kCGSDisplayDidReconfigure2) (CID 0x7882db, PID 12052)
2026-05-25 19:29:33.134 Df WindowServer[619:112f] [com.apple.SkyLight:default] Timed out 0.250 second wait for reply from "<private>" for synchronous notification type 115 (kCGSDisplayDidReconfigure2) (CID 0x7a7c3f, PID 11983)
2026-05-25 19:29:33.134 Df WindowServer[619:112f] [com.apple.SkyLight:default] Timed out 0.250 second wait for reply from "<private>" for synchronous notification type 115 (kCGSDisplayDidReconfigure2) (CID 0x82c553, PID 8660)
2026-05-25 19:29:33.134 Df WindowServer[619:112f] [com.apple.SkyLight:default] Timed out 0.250 second wait for reply from "<private>" for synchronous notification type 115 (kCGSDisplayDidReconfigure2) (CID 0x2431db, PID 8124)
2026-05-25 19:29:33.134 Df WindowServer[619:112f] [com.apple.SkyLight:default] Timed out 0.250 second wait for reply from "<private>" for synchronous notification type 115 (kCGSDisplayDidReconfigure2) (CID 0x7f4c3b, PID 4316)
2026-05-25 19:29:33.134 Df WindowServer[619:112f] [com.apple.SkyLight:default] Timed out 0.250 second wait for reply from "<private>" for synchronous notification type 115 (kCGSDisplayDidReconfigure2) (CID 0x75f6cb, PID 4312)
2026-05-25 19:29:33.134 Df WindowServer[619:112f] [com.apple.SkyLight:default] Timed out 0.250 second wait for reply from "<private>" for synchronous notification type 115 (kCGSDisplayDidReconfigure2) (CID 0x784fdb, PID 97824)
2026-05-25 19:29:33.134 Df WindowServer[619:112f] [com.apple.SkyLight:default] Timed out 0.250 second wait for reply from "<private>" for synchronous notification type 115 (kCGSDisplayDidReconfigure2) (CID 0x2d091f, PID 96735)
2026-05-25 19:29:33.134 Df WindowServer[619:112f] [com.apple.SkyLight:default] Timed out 0.250 second wait for reply from "<private>" for synchronous notification type 115 (kCGSDisplayDidReconfigure2) (CID 0x8c57f, PID 82022)
2026-05-25 19:29:33.134 Df WindowServer[619:112f] [com.apple.SkyLight:default] Timed out 0.250 second wait for reply from "<private>" for synchronous notification type 115 (kCGSDisplayDidReconfigure2) (CID 0x11bc23, PID 26983)
2026-05-25 19:29:33.134 Df WindowServer[619:112f] [com.apple.SkyLight:default] Timed out 0.250 second wait for reply from "<private>" for synchronous notification type 115 (kCGSDisplayDidReconfigure2) (CID 0x19b81b, PID 7479)
2026-05-25 19:29:33.134 Df WindowServer[619:112f] [com.apple.SkyLight:default] Timed out 0.250 second wait for reply from "<private>" for synchronous notification type 115 (kCGSDisplayDidReconfigure2) (CID 0x26d6c3, PID 6514)
2026-05-25 19:29:33.134 Df WindowServer[619:112f] [com.apple.SkyLight:default] Timed out 0.250 second wait for reply from "<private>" for synchronous notification type 115 (kCGSDisplayDidReconfigure2) (CID 0x62623, PID 6490)
2026-05-25 19:29:33.134 Df WindowServer[619:112f] [com.apple.SkyLight:default] Timed out 0.250 second wait for reply from "<private>" for synchronous notification type 115 (kCGSDisplayDidReconfigure2) (CID 0x26e433, PID 6395)
2026-05-25 19:29:33.134 Df WindowServer[619:112f] [com.apple.SkyLight:default] Timed out 0.250 second wait for reply from "<private>" for synchronous notification type 115 (kCGSDisplayDidReconfigure2) (CID 0x115317, PID 1520)
2026-05-25 19:29:33.134 Df WindowServer[619:112f] [com.apple.SkyLight:default] Timed out 0.250 second wait for reply from "<private>" for synchronous notification type 115 (kCGSDisplayDidReconfigure2) (CID 0xa7f3b, PID 1665)
2026-05-25 19:29:33.134 Df WindowServer[619:112f] [com.apple.SkyLight:default] Timed out 0.250 second wait for reply from "<private>" for synchronous notification type 115 (kCGSDisplayDidReconfigure2) (CID 0x50207, PID 1358)
2026-05-25 19:29:33.134 Df WindowServer[619:112f] [com.apple.SkyLight:default] Timed out 0.250 second wait for reply from "<private>" for synchronous notification type 115 (kCGSDisplayDidReconfigure2) (CID 0xa7a13, PID 1412)
2026-05-25 19:29:33.134 Df WindowServer[619:112f] [com.apple.SkyLight:default] Timed out 0.250 second wait for reply from "<private>" for synchronous notification type 115 (kCGSDisplayDidReconfigure2) (CID 0x69d5b, PID 1526)
2026-05-25 19:29:33.134 Df WindowServer[619:112f] [com.apple.SkyLight:default] Timed out 0.250 second wait for reply from "<private>" for synchronous notification type 115 (kCGSDisplayDidReconfigure2) (CID 0x6a7cb, PID 1510)
2026-05-25 19:29:33.134 Df WindowServer[619:112f] [com.apple.SkyLight:default] Timed out 0.250 second wait for reply from "<private>" for synchronous notification type 115 (kCGSDisplayDidReconfigure2) (CID 0x6be03, PID 1506)
2026-05-25 19:29:33.134 Df WindowServer[619:112f] [com.apple.SkyLight:default] Timed out 0.250 second wait for reply from "<private>" for synchronous notification type 115 (kCGSDisplayDidReconfigure2) (CID 0x7c303, PID 1245)
2026-05-25 19:29:33.134 Df WindowServer[619:112f] [com.apple.SkyLight:default] Timed out 0.250 second wait for reply from "<private>" for synchronous notification type 115 (kCGSDisplayDidReconfigure2) (CID 0x56003, PID 1128)
2026-05-25 19:29:33.134 Df WindowServer[619:112f] [com.apple.SkyLight:default] Timed out 0.250 second wait for reply from "<private>" for synchronous notification type 115 (kCGSDisplayDidReconfigure2) (CID 0x4cbb3, PID 1101)
2026-05-25 19:29:33.134 Df WindowServer[619:112f] [com.apple.SkyLight:default] Timed out 0.250 second wait for reply from "<private>" for synchronous notification type 115 (kCGSDisplayDidReconfigure2) (CID 0x49603, PID 956)
2026-05-25 19:29:33.136 E  WindowServer[619:112f] [com.apple.SkyLight:default] Clearing datagram buffer for cid 0x7efe5b. Client state: Data count: 16444 connectionIsUnresponsive: 0 clientMayIgnoreEvents: 1 clientIsSuspended: 0
2026-05-25 19:29:33.136 E  WindowServer[619:112f] [com.apple.SkyLight:default] Clearing datagram buffer for cid 0x1aa023. Client state: Data count: 16488 connectionIsUnresponsive: 0 clientMayIgnoreEvents: 1 clientIsSuspended: 0
2026-05-25 19:29:33.136 E  WindowServer[619:112f] [com.apple.SkyLight:default] Clearing datagram buffer for cid 0x451bc3. Client state: Data count: 16604 connectionIsUnresponsive: 0 clientMayIgnoreEvents: 1 clientIsSuspended: 0
2026-05-25 19:29:33.136 E  WindowServer[619:112f] [com.apple.SkyLight:default] Clearing datagram buffer for cid 0x6fedb. Client state: Data count: 16488 connectionIsUnresponsive: 0 clientMayIgnoreEvents: 1 clientIsSuspended: 1
2026-05-25 19:29:33.136 E  WindowServer[619:112f] [com.apple.SkyLight:default] Clearing datagram buffer for cid 0xda603. Client state: Data count: 16604 connectionIsUnresponsive: 0 clientMayIgnoreEvents: 1 clientIsSuspended: 0
2026-05-25 19:29:33.137 Df WindowServer[619:112f] [com.apple.SkyLight:display] [ Display:Config     ] Detected match in persistent store.
2026-05-25 19:29:33.137 Df WindowServer[619:112f] [com.apple.SkyLight:default] process_presentation_displays: no_config = false, default_config = true, default_policy = 0
2026-05-25 19:29:33.141 A  WindowServer[619:690b1d] (RunningBoardServices) observedProcessStatesDidChange
2026-05-25 19:29:33.141 Df WindowServer[619:690b1d] [com.apple.runningboard:monitor] Received state update for 1503 (app<application.com.apple.MobileSMS.1152921500311888381.1152921500311888451(501)>, running-active-NotVisible
2026-05-25 19:29:33.141 I  WindowServer[619:690b1d] [com.apple.SkyLight:packages] 0[outside of RPC]: resumed connection 8cb03
2026-05-25 19:29:33.189 I  WindowServer[619:112f] [com.apple.SkyLight:packages] 0[outside of RPC]: order window: 5 op: 1 relative: 0
2026-05-25 19:29:33.189 Df WindowServer[619:112f] [com.apple.SkyLight:display] [ Display:Persist    ] Saving configuration: session, permanent store.
2026-05-25 19:29:33.190 Df WindowServer[619:112f] [com.apple.SkyLight:display] [ Display:Power      ]   Work (D/C/W/S/P/R): 0/0/0/1/0/1
2026-05-25 19:29:33.190 Df WindowServer[619:112f] [com.apple.SkyLight:display] [ Display:Power      ] CH-S: 0, U: 543
2026-05-25 19:29:33.190 E  WindowServer[619:112f] [com.apple.SkyLight:default] Invalid notification transition from "PowerStateNotificationTypeNone".  Expected: "PowerStateNotificationTypeNone" but received: "PowerStateNotificationTypeDidSleep"
2026-05-25 19:29:33.190 Df WindowServer[619:112f] [com.apple.SkyLight:display] [ Display:Power      ] Broadcast: Did Sleep
2026-05-25 19:29:33.191 Df WindowServer[619:112f] [com.apple.FuseBoard:SkyBridge] <private> adding window 45191 with state "none"; now 11 window(s) exist.
2026-05-25 19:29:33.191 Df WindowServer[619:112f] [com.apple.FuseBoard:SkyBridge] <private> updated window 45191 from "none" to "hidden".
2026-05-25 19:29:33.241 E  WindowServer[619:112f] [com.apple.SkyLight:default] _CGXPackagesSetWindowConstraints: Invalid window
2026-05-25 19:29:33.241 E  WindowServer[619:112f] [com.apple.SkyLight:default] _CGXPackagesSetWindowConstraints: Invalid window
2026-05-25 19:29:33.241 E  WindowServer[619:112f] [com.apple.SkyLight:default] _CGXPackagesSetWindowConstraints: Invalid window
2026-05-25 19:29:33.241 Df WindowServer[619:112f] [com.apple.FuseBoard:SkyBridge] <private> adding window 45192 with state "none"; now 12 window(s) exist.
2026-05-25 19:29:33.241 Df WindowServer[619:112f] [com.apple.FuseBoard:SkyBridge] <private> updated window 45192 from "none" to "hidden".
2026-05-25 19:29:33.241 Df WindowServer[619:112f] [com.apple.FuseBoard:SkyBridge] <private> adding window 45193 with state "none"; now 9 window(s) exist.
2026-05-25 19:29:33.241 Df WindowServer[619:112f] [com.apple.FuseBoard:SkyBridge] <private> updated window 45193 from "none" to "hidden".
2026-05-25 19:29:33.242 Df WindowServer[619:112f] [com.apple.FuseBoard:SkyBridge] <private> adding window 45194 with state "none"; now 11 window(s) exist.
2026-05-25 19:29:33.242 Df WindowServer[619:112f] [com.apple.FuseBoard:SkyBridge] <private> updated window 45194 from "none" to "hidden".
2026-05-25 19:29:33.250 Df WindowServer[619:112f] [com.apple.FuseBoard:SkyBridge] <private> adding window 45196 with state "none"; now 10 window(s) exist.
2026-05-25 19:29:33.250 Df WindowServer[619:112f] [com.apple.FuseBoard:SkyBridge] <private> updated window 45196 from "none" to "hidden".
2026-05-25 19:29:33.261 A  WindowServer[619:690bf4] (RunningBoardServices) observedProcessStatesDidChange
2026-05-25 19:29:33.261 Df WindowServer[619:690bf4] [com.apple.runningboard:monitor] Received state update for 1503 (app<application.com.apple.MobileSMS.1152921500311888381.1152921500311888451(501)>, running-active-NotVisible
2026-05-25 19:29:33.263 Df WindowServer[619:112f] [com.apple.FuseBoard:SkyBridge] <private> adding window 45197 with state "none"; now 10 window(s) exist.
2026-05-25 19:29:33.263 Df WindowServer[619:112f] [com.apple.FuseBoard:SkyBridge] <private> updated window 45197 from "none" to "hidden".
2026-05-25 19:29:33.263 A  WindowServer[619:6900d9] (RunningBoardServices) observedProcessStatesDidChange
2026-05-25 19:29:33.264 Df WindowServer[619:6900d9] [com.apple.runningboard:monitor] Received state update for 19859 (app<application.com.apple.podcasts.1152921500311897422.1152921500311898026(501)>, running-active-NotVisible
2026-05-25 19:29:33.264 Df WindowServer[619:112f] [com.apple.FuseBoard:SkyBridge] <private> adding window 45198 with state "none"; now 12 window(s) exist.
2026-05-25 19:29:33.264 Df WindowServer[619:112f] [com.apple.FuseBoard:SkyBridge] <private> updated window 45198 from "none" to "hidden".
2026-05-25 19:29:33.297 E  WindowServer[619:112f] [com.apple.SkyLight:default] _CGXPackagesSetWindowConstraints: Invalid window
2026-05-25 19:29:33.297 E  WindowServer[619:112f] [com.apple.SkyLight:default] _CGXPackagesSetWindowConstraints: Invalid window
2026-05-25 19:29:33.297 E  WindowServer[619:112f] [com.apple.SkyLight:default] _CGXPackagesSetWindowConstraints: Invalid window
2026-05-25 19:29:33.300 Df WindowServer[619:690b1d] [com.apple.CoreRCPlugin:default] CoreRCDisplayPowerNotification in IOPM callback
2026-05-25 19:29:33.304 I  WindowServer[619:112f] [com.apple.SkyLight:packages] 66503[OrderWindow]: window b08f joined space 1
2026-05-25 19:29:33.304 I  WindowServer[619:112f] [com.apple.SkyLight:packages] 66503[OrderWindow]: order window: b08f op: 1 relative: 0
2026-05-25 19:29:33.304 Df WindowServer[619:112f] [com.apple.FuseBoard:SkyBridge] <private> adding window 45201 with state "none"; now 12 window(s) exist.
2026-05-25 19:29:33.304 Df WindowServer[619:112f] [com.apple.FuseBoard:SkyBridge] <private> updated window 45201 from "none" to "hidden".
2026-05-25 19:29:33.304 E  WindowServer[619:112f] [com.apple.SkyLight:default] _CGXPackagesSetWindowConstraints: Invalid window
2026-05-25 19:29:33.323 E  WindowServer[619:112f] [com.apple.SkyLight:default] _CGXPackagesSetWindowConstraints: Invalid window
2026-05-25 19:29:33.325 I  WindowServer[619:112f] [com.apple.SkyLight:packages] 66503[TerminateWindow]: order window: b063 op: 0 relative: 0
2026-05-25 19:29:33.325 I  WindowServer[619:112f] [com.apple.SkyLight:packages] 66503[TerminateWindow]: window b063 parted space 1
2026-05-25 19:29:33.327 I  WindowServer[619:112f] [com.apple.SkyLight:packages] 4020f[AddWindowsToSpaces]: window b07c joined space 14
2026-05-25 19:29:33.329 Df WindowServer[619:112f] [com.apple.FuseBoard:SkyBridge] <private> adding window 45205 with state "none"; now 11 window(s) exist.
2026-05-25 19:29:33.329 Df WindowServer[619:112f] [com.apple.FuseBoard:SkyBridge] <private> updated window 45205 from "none" to "hidden".
2026-05-25 19:29:33.329 Df WindowServer[619:112f] [com.apple.FuseBoard:SkyBridge] <private> adding window 45206 with state "none"; now 13 window(s) exist.
2026-05-25 19:29:33.329 Df WindowServer[619:112f] [com.apple.FuseBoard:SkyBridge] <private> updated window 45206 from "none" to "hidden".
2026-05-25 19:29:33.329 Df WindowServer[619:112f] [com.apple.FuseBoard:SkyBridge] <private> adding window 45207 with state "none"; now 11 window(s) exist.
2026-05-25 19:29:33.329 Df WindowServer[619:112f] [com.apple.FuseBoard:SkyBridge] <private> updated window 45207 from "none" to "hidden".
2026-05-25 19:29:33.330 I  WindowServer[619:112f] [com.apple.SkyLight:packages] 4020f[OrderWindow]: order window: b07c op: 1 relative: 0
2026-05-25 19:29:33.350 A  WindowServer[619:690b1d] (RunningBoardServices) observedProcessStatesDidChange
2026-05-25 19:29:33.350 Df WindowServer[619:690b1d] [com.apple.runningboard:monitor] Received state update for 1503 (app<application.com.apple.MobileSMS.1152921500311888381.1152921500311888451(501)>, running-active-NotVisible
2026-05-25 19:29:33.350 I  WindowServer[619:6900d9] [com.apple.SkyLight:packages] 0[outside of RPC]: resumed connection 8cb03
2026-05-25 19:29:33.368 Df WindowServer[619:112f] [com.apple.FuseBoard:SkyBridge] <private> adding window 45213 with state "none"; now 12 window(s) exist.
2026-05-25 19:29:33.368 Df WindowServer[619:112f] [com.apple.FuseBoard:SkyBridge] <private> updated window 45213 from "none" to "hidden".
2026-05-25 19:29:33.369 Df WindowServer[619:112f] [com.apple.FuseBoard:SkyBridge] <private> adding window 45214 with state "none"; now 14 window(s) exist.
2026-05-25 19:29:33.369 Df WindowServer[619:112f] [com.apple.FuseBoard:SkyBridge] <private> updated window 45214 from "none" to "hidden".
2026-05-25 19:29:33.369 E  WindowServer[619:112f] [com.apple.SkyLight:default] _CGXPackagesSetWindowConstraints: Invalid window
2026-05-25 19:29:33.372 Df WindowServer[619:112f] [com.apple.FuseBoard:SkyBridge] <private> adding window 45215 with state "none"; now 12 window(s) exist.
2026-05-25 19:29:33.372 Df WindowServer[619:112f] [com.apple.FuseBoard:SkyBridge] <private> updated window 45215 from "none" to "hidden".
2026-05-25 19:29:33.380 Df WindowServer[619:6900d9] [com.apple.iohid:service] 0x1000007a3: set report interval:0 client:A44E1B63-C961-42FD-9271-0178D89A3DA6
2026-05-25 19:29:33.380 I  WindowServer[619:112f] [com.apple.SkyLight:packages] 8cb03[OrderWindow]: order window: af5d op: 0 relative: 0
2026-05-25 19:29:33.381 I  WindowServer[619:112f] [com.apple.SkyLight:packages] 8cb03[OrderWindow]: order window: af5b op: 0 relative: 0
2026-05-25 19:29:33.381 I  WindowServer[619:112f] [com.apple.SkyLight:packages] 8cb03[OrderWindow]: order window: af5a op: 0 relative: 0
2026-05-25 19:29:33.381 I  WindowServer[619:112f] [com.apple.SkyLight:packages] 8cb03[OrderWindow]: order window: af58 op: 0 relative: 0
2026-05-25 19:29:33.381 I  WindowServer[619:6900d9] [com.apple.iohid:service] 0x1000007a3: Set report interval current:200000 new:0 result:1 events:{
    AmbientLightSensor = 1262741;
}
2026-05-25 19:29:33.397 Df WindowServer[619:112f] [com.apple.FuseBoard:SkyBridge] <private> adding window 45220 with state "none"; now 13 window(s) exist.
2026-05-25 19:29:33.397 Df WindowServer[619:112f] [com.apple.FuseBoard:SkyBridge] <private> updated window 45220 from "none" to "hidden".
2026-05-25 19:29:33.455 E  WindowServer[619:112f] [com.apple.SkyLight:default] _CGXPackagesSetWindowConstraints: Invalid window
2026-05-25 19:29:33.470 Df WindowServer[619:112f] [com.apple.FuseBoard:SkyBridge] <private> removing window 44888; now 11 window(s) remain.
2026-05-25 19:29:33.471 A  WindowServer[619:690bf4] (RunningBoardServices) observedProcessStatesDidChange
2026-05-25 19:29:33.471 Df WindowServer[619:690bf4] [com.apple.runningboard:monitor] Received state update for 1503 (app<application.com.apple.MobileSMS.1152921500311888381.1152921500311888451(501)>, running-active-NotVisible
2026-05-25 19:29:33.472 I  WindowServer[619:112f] [com.apple.SkyLight:packages] 6e3333[OrderWindow]: order window: b060 op: 0 relative: 0
2026-05-25 19:29:33.472 I  WindowServer[619:112f] [com.apple.SkyLight:packages] 6e3333[OrderWindow]: order window: b05e op: 0 relative: 0
2026-05-25 19:29:33.472 I  WindowServer[619:112f] [com.apple.SkyLight:packages] 6e3333[OrderWindow]: order window: b05c op: 0 relative: 0
2026-05-25 19:29:33.472 I  WindowServer[619:112f] [com.apple.SkyLight:packages] 6e3333[OrderWindow]: order window: b05a op: 0 relative: 0
2026-05-25 19:29:33.474 Df WindowServer[619:112f] [com.apple.FuseBoard:SkyBridge] <private> removing window 44891; now 10 window(s) remain.
2026-05-25 19:29:33.477 Df WindowServer[619:112f] [com.apple.FuseBoard:SkyBridge] <private> removing window 44890; now 9 window(s) remain.
2026-05-25 19:29:33.478 I  WindowServer[619:112f] [com.apple.SkyLight:packages] 4020f[OrderWindow]: window b0a9 joined space 1
2026-05-25 19:29:33.478 I  WindowServer[619:112f] [com.apple.SkyLight:packages] 4020f[OrderWindow]: order window: b0a9 op: -1 relative: 0
2026-05-25 19:29:33.478 Df WindowServer[619:112f] [com.apple.FuseBoard:SkyBridge] <private> removing window 44893; now 8 window(s) remain.
2026-05-25 19:29:33.482 I  WindowServer[619:112f] [com.apple.SkyLight:packages] 4020f[OrderWindow]: order window: b07c op: 1 relative: 0
2026-05-25 19:29:33.495 Df WindowServer[619:112f] [com.apple.FuseBoard:SkyBridge] <private> removing window 45146; now 11 window(s) remain.
2026-05-25 19:29:33.497 I  WindowServer[619:112f] [com.apple.SkyLight:packages] 7fa03[OrderWindowGroup]: order window: b op: 0 relative: 0
2026-05-25 19:29:33.497 I  WindowServer[619:112f] [com.apple.SkyLight:packages] 4020f[TerminateWindow]: order window: b0a9 op: 0 relative: 0
2026-05-25 19:29:33.498 I  WindowServer[619:112f] [com.apple.SkyLight:packages] 4020f[TerminateWindow]: window b0a9 parted space 1
2026-05-25 19:29:33.500 Df WindowServer[619:112f] [com.apple.FuseBoard:SkyBridge] <private> removing window 45152; now 10 window(s) remain.
2026-05-25 19:29:33.514 Df WindowServer[619:112f] [com.apple.FuseBoard:SkyBridge] <private> removing window 45148; now 9 window(s) remain.
2026-05-25 19:29:33.517 I  WindowServer[619:112f] [com.apple.SkyLight:packages] 15b7fb[OrderWindow]: order window: b077 op: 0 relative: 0
2026-05-25 19:29:33.517 I  WindowServer[619:112f] [com.apple.SkyLight:packages] 15b7fb[OrderWindow]: order window: b075 op: 0 relative: 0
2026-05-25 19:29:33.517 I  WindowServer[619:112f] [com.apple.SkyLight:packages] 15b7fb[OrderWindow]: order window: b06f op: 0 relative: 0
2026-05-25 19:29:33.517 I  WindowServer[619:112f] [com.apple.SkyLight:packages] 15b7fb[OrderWindow]: order window: b06a op: 0 relative: 0
2026-05-25 19:29:33.518 I  WindowServer[619:112f] [com.apple.SkyLight:packages] 784fdb[OrderWindow]: order window: b072 op: 0 relative: 0
2026-05-25 19:29:33.518 I  WindowServer[619:112f] [com.apple.SkyLight:packages] 784fdb[OrderWindow]: order window: b06c op: 0 relative: 0
2026-05-25 19:29:33.518 I  WindowServer[619:112f] [com.apple.SkyLight:packages] 784fdb[OrderWindow]: order window: b067 op: 0 relative: 0
2026-05-25 19:29:33.518 I  WindowServer[619:112f] [com.apple.SkyLight:packages] 784fdb[OrderWindow]: order window: b064 op: 0 relative: 0
2026-05-25 19:29:33.529 A  WindowServer[619:6900d9] (RunningBoardServices) observedProcessStatesDidChange
2026-05-25 19:29:33.534 Df WindowServer[619:112f] [com.apple.FuseBoard:SkyBridge] <private> removing window 45150; now 8 window(s) remain.
2026-05-25 19:29:33.535 I  WindowServer[619:112f] [com.apple.SkyLight:packages] 62623[OrderWindow]: order window: b073 op: 0 relative: 0
2026-05-25 19:29:33.535 I  WindowServer[619:112f] [com.apple.SkyLight:packages] 62623[OrderWindow]: order window: b06d op: 0 relative: 0
2026-05-25 19:29:33.536 I  WindowServer[619:112f] [com.apple.SkyLight:packages] 62623[OrderWindow]: order window: b068 op: 0 relative: 0
2026-05-25 19:29:33.536 I  WindowServer[619:112f] [com.apple.SkyLight:packages] 62623[OrderWindow]: order window: b065 op: 0 relative: 0
2026-05-25 19:29:33.536 I  WindowServer[619:112f] [com.apple.SkyLight:packages] 26e433[OrderWindow]: order window: b078 op: 0 relative: 0
2026-05-25 19:29:33.536 I  WindowServer[619:112f] [com.apple.SkyLight:packages] 26e433[OrderWindow]: order window: b076 op: 0 relative: 0
2026-05-25 19:29:33.536 I  WindowServer[619:112f] [com.apple.SkyLight:packages] 26e433[OrderWindow]: order window: b070 op: 0 relative: 0
2026-05-25 19:29:33.536 I  WindowServer[619:112f] [com.apple.SkyLight:packages] 26e433[OrderWindow]: order window: b06b op: 0 relative: 0
2026-05-25 19:29:33.549 E  WindowServer[619:112f] [com.apple.SkyLight:default] _CGXPackagesSetWindowConstraints: Invalid window
2026-05-25 19:29:33.561 Df WindowServer[619:6900d9] [com.apple.runningboard:monitor] Received state update for 1503 (app<application.com.apple.MobileSMS.1152921500311888381.1152921500311888451(501)>, running-active-NotVisible
2026-05-25 19:29:33.568 I  WindowServer[619:112f] [com.apple.SkyLight:packages] 50207[OrderWindow]: order window: af5c op: 0 relative: 0
2026-05-25 19:29:33.568 I  WindowServer[619:112f] [com.apple.SkyLight:packages] 50207[OrderWindow]: order window: af59 op: 0 relative: 0
2026-05-25 19:29:33.568 I  WindowServer[619:112f] [com.apple.SkyLight:packages] 50207[OrderWindow]: order window: af57 op: 0 relative: 0
2026-05-25 19:29:33.568 I  WindowServer[619:112f] [com.apple.SkyLight:packages] 50207[OrderWindow]: order window: af56 op: 0 relative: 0
2026-05-25 19:29:33.587 Df WindowServer[619:112f] [com.apple.FuseBoard:SkyBridge] <private> removing window 44887; now 12 window(s) remain.
2026-05-25 19:29:33.588 I  WindowServer[619:112f] [com.apple.SkyLight:packages] 26d6c3[OrderWindow]: order window: b074 op: 0 relative: 0
2026-05-25 19:29:33.588 I  WindowServer[619:112f] [com.apple.SkyLight:packages] 26d6c3[OrderWindow]: order window: b06e op: 0 relative: 0
2026-05-25 19:29:33.588 I  WindowServer[619:112f] [com.apple.SkyLight:packages] 26d6c3[OrderWindow]: order window: b069 op: 0 relative: 0
2026-05-25 19:29:33.588 I  WindowServer[619:112f] [com.apple.SkyLight:packages] 26d6c3[OrderWindow]: order window: b066 op: 0 relative: 0
2026-05-25 19:29:33.605 Df WindowServer[619:112f] [com.apple.FuseBoard:SkyBridge] <private> removing window 44889; now 11 window(s) remain.
2026-05-25 19:29:33.607 E  WindowServer[619:112f] [com.apple.SkyLight:default] _CGXPackagesSetWindowConstraints: Invalid window
2026-05-25 19:29:33.608 Df WindowServer[619:112f] [com.apple.FuseBoard:SkyBridge] <private> removing window 44892; now 10 window(s) remain.
2026-05-25 19:29:33.610 Df WindowServer[619:112f] [com.apple.FuseBoard:SkyBridge] <private> removing window 44886; now 9 window(s) remain.
2026-05-25 19:29:33.647 A  WindowServer[619:690bf4] (RunningBoardServices) observedProcessStatesDidChange
2026-05-25 19:29:33.647 Df WindowServer[619:690bf4] [com.apple.runningboard:monitor] Received state update for 1503 (app<application.com.apple.MobileSMS.1152921500311888381.1152921500311888451(501)>, running-active-NotVisible
2026-05-25 19:29:33.698 E  WindowServer[619:112f] [com.apple.SkyLight:default] _CGXPackagesSetWindowConstraints: Invalid window
2026-05-25 19:29:33.716 I  WindowServer[619:112f] [com.apple.SkyLight:packages] 4020f[SpaceCreate]: create space 3396 (managed? 0)
2026-05-25 19:29:33.716 I  WindowServer[619:112f] [com.apple.SkyLight:packages] 4020f[AddWindowsToSpaces]: window b0ab joined space 3396
2026-05-25 19:29:33.733 E  WindowServer[619:112f] [com.apple.SkyLight:default] _CGXPackagesSetWindowConstraints: Invalid window
2026-05-25 19:29:33.816 A  WindowServer[619:690b1d] (RunningBoardServices) observedProcessStatesDidChange
2026-05-25 19:29:33.816 Df WindowServer[619:690b1d] [com.apple.runningboard:monitor] Received state update for 1503 (app<application.com.apple.MobileSMS.1152921500311888381.1152921500311888451(501)>, running-active-NotVisible
2026-05-25 19:29:33.845 I  WindowServer[619:112f] [com.apple.SkyLight:packages] 183c4b[OrderWindow]: order window: b04f op: 0 relative: 0
2026-05-25 19:29:33.845 I  WindowServer[619:112f] [com.apple.SkyLight:packages] 183c4b[OrderWindow]: order window: b04e op: 0 relative: 0
2026-05-25 19:29:33.845 I  WindowServer[619:112f] [com.apple.SkyLight:packages] 183c4b[OrderWindow]: order window: b04d op: 0 relative: 0
2026-05-25 19:29:33.845 I  WindowServer[619:112f] [com.apple.SkyLight:packages] 183c4b[OrderWindow]: order window: b04a op: 0 relative: 0
2026-05-25 19:29:33.845 Df WindowServer[619:112f] [com.apple.FuseBoard:SkyBridge] <private> removing window 45133; now 11 window(s) remain.
2026-05-25 19:29:33.848 Df WindowServer[619:112f] [com.apple.FuseBoard:SkyBridge] <private> removing window 45130; now 10 window(s) remain.
2026-05-25 19:29:33.850 Df WindowServer[619:112f] [com.apple.FuseBoard:SkyBridge] <private> removing window 45134; now 9 window(s) remain.
2026-05-25 19:29:33.870 Df WindowServer[619:112f] [com.apple.FuseBoard:SkyBridge] <private> removing window 45135; now 8 window(s) remain.
2026-05-25 19:29:33.873 I  WindowServer[619:112f] [com.apple.SkyLight:packages] 8281b[OrderWindow]: order window: b05f op: 0 relative: 0
2026-05-25 19:29:33.873 I  WindowServer[619:112f] [com.apple.SkyLight:packages] 8281b[OrderWindow]: order window: b05d op: 0 relative: 0
2026-05-25 19:29:33.873 I  WindowServer[619:112f] [com.apple.SkyLight:packages] 8281b[OrderWindow]: order window: b05b op: 0 relative: 0
2026-05-25 19:29:33.873 I  WindowServer[619:112f] [com.apple.SkyLight:packages] 8281b[OrderWindow]: order window: b057 op: 0 relative: 0
2026-05-25 19:29:33.874 Df WindowServer[619:112f] [com.apple.FuseBoard:SkyBridge] <private> removing window 45151; now 13 window(s) remain.
2026-05-25 19:29:33.876 Df WindowServer[619:112f] [com.apple.FuseBoard:SkyBridge] <private> removing window 45149; now 12 window(s) remain.
2026-05-25 19:29:33.878 Df WindowServer[619:112f] [com.apple.FuseBoard:SkyBridge] <private> removing window 45143; now 11 window(s) remain.
2026-05-25 19:29:33.878 Df WindowServer[619:112f] [com.apple.FuseBoard:SkyBridge] <private> removing window 45147; now 10 window(s) remain.
2026-05-25 19:29:33.879 I  WindowServer[619:112f] [com.apple.SkyLight:packages] 4020f[OrderWindow]: window b0ac joined space 1
2026-05-25 19:29:33.879 I  WindowServer[619:112f] [com.apple.SkyLight:packages] 4020f[OrderWindow]: order window: b0ac op: -1 relative: 0
2026-05-25 19:29:33.879 I  WindowServer[619:112f] [com.apple.SkyLight:packages] 4020f[OrderWindow]: window b0ad joined space 1
2026-05-25 19:29:33.879 I  WindowServer[619:112f] [com.apple.SkyLight:packages] 4020f[OrderWindow]: order window: b0ad op: -1 relative: 0
2026-05-25 19:29:33.883 I  WindowServer[619:112f] [com.apple.SkyLight:packages] 4020f[TerminateWindow]: order window: b0ad op: 0 relative: 0
2026-05-25 19:29:33.883 I  WindowServer[619:112f] [com.apple.SkyLight:packages] 4020f[TerminateWindow]: window b0ad parted space 1
2026-05-25 19:29:33.885 I  WindowServer[619:112f] [com.apple.SkyLight:packages] 4020f[TerminateWindow]: order window: b0ac op: 0 relative: 0
2026-05-25 19:29:33.885 I  WindowServer[619:112f] [com.apple.SkyLight:packages] 4020f[TerminateWindow]: window b0ac parted space 1
2026-05-25 19:29:33.904 Df WindowServer[619:112f] [com.apple.SkyLight:processes] 4020f[UpdatePermittedFrontPSNList]: loginwindow updating permitted front add: 0x0-0x1001 (loginwindow)
2026-05-25 19:29:33.909 Df WindowServer[619:112f] [com.apple.SkyLight.processes:Focus] 4020f[UpdatePermittedFrontPSNList]: [DataSource] addToPermittedFront 0x0-0x1001 (<private>) in session 0x186b0 - current list is ( 0x0-0x1001 )
2026-05-25 19:29:33.909 Df WindowServer[619:112f] [com.apple.SkyLight.processes:Focus] 4020f[UpdatePermittedFrontPSNList]: [DeferringPolicySanitizer] frontmost process 0x0-0x27027 (iTerm) is no longer permitted frontmost, deferring policy will use NULL
2026-05-25 19:29:33.909 Df WindowServer[619:112f] [com.apple.SkyLight.processes:Focus] 4020f[UpdatePermittedFrontPSNList]: [DeferringManager] Updating policy {
    advicePolicy: .frontmost;
} for reason: permitted list updated - 0x0-0x1001 added
2026-05-25 19:29:33.909 Df WindowServer[619:112f] [com.apple.BackBoard:EventDelivery] <BSCompoundAssertion:0x72ac154c0> (com.apple.backboard.hid.delivery.localDelivery.preventFlushing) acquire for reason:permitted list updated - 0x0-0x1001 added <8692> acq:0x6fdf4f740 count:1
2026-05-25 19:29:33.909 Df WindowServer[619:112f] [com.apple.SkyLight.processes:Focus] 4020f[UpdatePermittedFrontPSNList]: [DeferringManager] Front process is nil, removing frontmost deferring rules
2026-05-25 19:29:33.909 Df WindowServer[619:112f] [com.apple.BackBoard:EventDelivery] <BSCompoundAssertion:0x72ac154c0> (com.apple.backboard.hid.delivery.localDelivery.preventFlushing) invalidate acq:0x6fdf4f740 count:1
2026-05-25 19:29:33.909 Df WindowServer[619:112f] [com.apple.BackBoard:EventDelivery] flushing changes: {
    contentsMask: 0x2; deferringRules: [[619-6582]];
}
2026-05-25 19:29:33.909 Df WindowServer[619:112f] [com.apple.BackBoard:EventDelivery] new deferring rules for pid:619: [[619-6582]; <keyboardFocus>; () -> <token: <frontmost>; pid: 619>; reason: Deferring to <frontmost>]
2026-05-25 19:29:33.909 Df WindowServer[619:112f] [com.apple.BackBoard:EventDelivery] [keyboardFocus 0x72acc2170] setRules:forPID(619): [[619-6582]; <keyboardFocus>; () -> <token: <frontmost>; pid: 619>; reason: Deferring to <frontmost>]
2026-05-25 19:29:33.909 Df WindowServer[619:112f] [com.apple.BackBoard:EventDelivery] chain did update (setDeferringRules) <keyboardFocus; display: null> containsEndOfChain: YES; [<token: <frontmost>; pid: 619>]
2026-05-25 19:29:33.929 Df WindowServer[619:112f] [com.apple.SkyLight.processes:Focus] 4020f[SetFrontProcess]: [DataSource] Making <private> 0x0-0x1001 the front process in session 0x186b0
2026-05-25 19:29:33.929 Df WindowServer[619:112f] [com.apple.SkyLight.processes:Focus] 4020f[SetFrontProcess]: [DeferringManager] Updating policy {
    advicePolicy: .frontmost;
    frontmostProcess: 0x0-0x1001 (loginwindow) mainConnectionID: 4020F;
} for reason: updated frontmost process
2026-05-25 19:29:33.929 Df WindowServer[619:112f] [com.apple.BackBoard:EventDelivery] <BSCompoundAssertion:0x72ac154c0> (com.apple.backboard.hid.delivery.localDelivery.preventFlushing) acquire for reason:updated frontmost process <8693> acq:0x6fdf4ec60 count:1
2026-05-25 19:29:33.929 Df WindowServer[619:112f] [com.apple.SkyLight.processes:Focus] 4020f[SetFrontProcess]: [DeferringManager] Deferring events from frontmost process PSN 0x0-0x1001 (loginwindow) -> <pid: 621>
2026-05-25 19:29:33.929 Df WindowServer[619:112f] [com.apple.BackBoard:EventDelivery] <BSCompoundAssertion:0x72ac154c0> (com.apple.backboard.hid.delivery.localDelivery.preventFlushing) invalidate acq:0x6fdf4ec60 count:1
2026-05-25 19:29:33.929 Df WindowServer[619:112f] [com.apple.BackBoard:EventDelivery] flushing changes: {
    contentsMask: 0x2; deferringRules: [[619-6583], [619-6584], [619-6585]];
}
2026-05-25 19:29:33.929 Df WindowServer[619:112f] [com.apple.BackBoard:EventDelivery] new deferring rules for pid:619: [
    [619-6585]; <keyboardFocus; loginwindow:0x0-0x1001>; () -> <pid: 621>; reason: frontmost PSN --> outbound target,
    [619-6584]; <keyboardFocus; <frontmost>>; () -> <token: loginwindow:0x0-0x1001; pid: 619>; reason: frontmost PSN,
    [619-6583]; <keyboardFocus>; () -> <token: <frontmost>; pid: 619>; reason: Deferring to <frontmost>
]
2026-05-25 19:29:33.929 Df WindowServer[619:112f] [com.apple.BackBoard:EventDelivery] [keyboardFocus 0x72acc2170] setRules:forPID(619): [
    [619-6585]; <keyboardFocus; loginwindow:0x0-0x1001>; () -> <pid: 621>; reason: frontmost PSN --> outbound target,
    [619-6584]; <keyboardFocus; <frontmost>>; () -> <token: loginwindow:0x0-0x1001; pid: 619>; reason: frontmost PSN,
    [619-6583]; <keyboardFocus>; () -> <token: <frontmost>; pid: 619>; reason: Deferring to <frontmost>
]
2026-05-25 19:29:33.929 Df WindowServer[619:112f] [com.apple.BackBoard:EventDelivery] chain did update (setDeferringRules) <keyboardFocus; display: null> containsEndOfChain: YES; [
    <token: <frontmost>; pid: 619>,
    <token: loginwindow:0x0-0x1001; pid: 619>,
    <pid: 621>,
    <token: viewbridge-key-window; pid: 621>
]
2026-05-25 19:29:33.931 I  WindowServer[619:112f] [com.apple.SkyLight:packages] 4020f[SetFrontProcess]: new foreground connection 4020f com.apple.loginwindow
2026-05-25 19:29:33.944 I  WindowServer[619:112f] [com.apple.SkyLight:packages] 4020f[SetFrontProcessWithInfo]: new foreground connection 4020f com.apple.loginwindow
2026-05-25 19:29:33.974 A  WindowServer[619:690bf4] (RunningBoardServices) observedProcessStatesDidChange
2026-05-25 19:29:33.974 Df WindowServer[619:690bf4] [com.apple.runningboard:monitor] Received state update for 1740 (xpcservice<com.apple.WebKit.WebContent([app<application.com.apple.Safari.1110010.1110894(501)>:1412])(501)>{vt hash: 0}[uuid:40A364D9-67C5-48F1-B4F5-58E9B0A58F9D]{definition:com.apple.WebKit.WebContent[standard][client]}:1740, running-active-NotVisible
2026-05-25 19:29:33.974 A  WindowServer[619:6900d9] (RunningBoardServices) observedProcessStatesDidChange
2026-05-25 19:29:33.974 Df WindowServer[619:6900d9] [com.apple.runningboard:monitor] Received state update for 93095 (xpcservice<com.apple.WebKit.WebContent([app<application.com.apple.Safari.1110010.1110894(501)>:1412])(501)>{vt hash: 0}[uuid:E6E9FAA9-4970-47E2-9E68-E7702351C954]{definition:com.apple.WebKit.WebContent[standard][client]}:93095, running-active-NotVisible
2026-05-25 19:29:33.974 Df WindowServer[619:6900d9] [com.apple.runningboard:monitor] Received state update for 1692 (xpcservice<com.apple.WebKit.WebContent([app<application.com.apple.Safari.1110010.1110894(501)>:1412])(501)>{vt hash: 0}[uuid:13FBE47D-B424-4FA5-989F-0909102E3F96]{definition:com.apple.WebKit.WebContent[standard][client]}:1692, running-active-NotVisible
2026-05-25 19:29:33.974 Df WindowServer[619:6900d9] [com.apple.runningboard:monitor] Received state update for 1677 (xpcservice<com.apple.WebKit.WebContent([app<application.com.apple.Safari.1110010.1110894(501)>:1412])(501)>{vt hash: 0}[uuid:5C2DFB60-B473-4B3C-821A-6CED5680FFDB]{definition:com.apple.WebKit.WebContent[standard][client]}:1677, running-active-NotVisible
2026-05-25 19:29:33.974 Df WindowServer[619:6900d9] [com.apple.runningboard:monitor] Received state update for 1739 (xpcservice<com.apple.WebKit.WebContent([app<application.com.apple.Safari.1110010.1110894(501)>:1412])(501)>{vt hash: 0}[uuid:273BB704-0CB0-4043-8620-56C5AFD01004]{definition:com.apple.WebKit.WebContent[standard][client]}:1739, running-active-NotVisible
2026-05-25 19:29:33.983 A  WindowServer[619:690bf4] (RunningBoardServices) observedProcessStatesDidChange
2026-05-25 19:29:33.983 Df WindowServer[619:690bf4] [com.apple.runningboard:monitor] Received state update for 1661 (xpcservice<com.apple.WebKit.WebContent([app<application.com.apple.Safari.1110010.1110894(501)>:1412])(501)>{vt hash: 0}[uuid:AC318C03-A129-48A5-8E04-D13348737EFD]{definition:com.apple.WebKit.WebContent[standard][client]}:1661, running-active-NotVisible
2026-05-25 19:29:33.983 A  WindowServer[619:690b1d] (RunningBoardServices) observedProcessStatesDidChange
2026-05-25 19:29:33.983 Df WindowServer[619:690b1d] [com.apple.runningboard:monitor] Received state update for 1663 (xpcservice<com.apple.WebKit.WebContent([app<application.com.apple.Safari.1110010.1110894(501)>:1412])(501)>{vt hash: 0}[uuid:13B6C258-58E9-4CC3-BF36-5532081C377B]{definition:com.apple.WebKit.WebContent[standard][client]}:1663, running-active-NotVisible
2026-05-25 19:29:33.984 Df WindowServer[619:6900d9] [com.apple.BackBoard:EventDelivery] new deferring rules for pid:621: [[621-6C1]; <keyboardFocus>; () -> <token: viewbridge-key-window; pid: 621>; reason: …RemoteView deferKeyboardEventsToParticularWindow:forReason:]]
2026-05-25 19:29:33.984 Df WindowServer[619:6900d9] [com.apple.BackBoard:EventDelivery] [keyboardFocus 0x72acc2170] setRules:forPID(621): [[621-6C1]; <keyboardFocus>; () -> <token: viewbridge-key-window; pid: 621>; reason: -[NSRemoteView deferKeyboardEventsToParticularWindow:forReason:]]
2026-05-25 19:29:33.984 Df WindowServer[619:6900d9] [com.apple.BackBoard:EventDelivery] chain did update (setDeferringRules) <keyboardFocus; display: null> containsEndOfChain: YES; [
    <token: <frontmost>; pid: 619>,
    <token: loginwindow:0x0-0x1001; pid: 619>,
    <pid: 621>,
    <token: viewbridge-key-window; pid: 621>
]
2026-05-25 19:29:33.984 A  WindowServer[619:690bf5] (RunningBoardServices) observedProcessStatesDidChange
2026-05-25 19:29:33.984 Df WindowServer[619:690bf5] [com.apple.runningboard:monitor] Received state update for 1664 (xpcservice<com.apple.WebKit.WebContent([app<application.com.apple.Safari.1110010.1110894(501)>:1412])(501)>{vt hash: 0}[uuid:4A24EB36-2519-4CA9-88EB-F04C1FF56095]{definition:com.apple.WebKit.WebContent[standard][client]}:1664, running-active-NotVisible
2026-05-25 19:29:33.985 A  WindowServer[619:6900d9] (RunningBoardServices) observedProcessStatesDidChange
2026-05-25 19:29:33.985 Df WindowServer[619:6900d9] [com.apple.runningboard:monitor] Received state update for 1669 (xpcservice<com.apple.WebKit.WebContent([app<application.com.apple.Safari.1110010.1110894(501)>:1412])(501)>{vt hash: 0}[uuid:90BDD5E8-C3B4-4B0F-BBBC-A8E68B5B477D]{definition:com.apple.WebKit.WebContent[standard][client]}:1669, running-active-NotVisible
2026-05-25 19:29:33.985 A  WindowServer[619:690bf4] (RunningBoardServices) observedProcessStatesDidChange
2026-05-25 19:29:33.985 Df WindowServer[619:690bf4] [com.apple.runningboard:monitor] Received state update for 1671 (xpcservice<com.apple.WebKit.WebContent([app<application.com.apple.Safari.1110010.1110894(501)>:1412])(501)>{vt hash: 0}[uuid:BDBDDFE4-CF81-4A61-82DB-753CFA557978]{definition:com.apple.WebKit.WebContent[standard][client]}:1671, running-active-NotVisible
2026-05-25 19:29:33.986 A  WindowServer[619:6900d9] (RunningBoardServices) observedProcessStatesDidChange
2026-05-25 19:29:33.986 Df WindowServer[619:6900d9] [com.apple.runningboard:monitor] Received state update for 1673 (xpcservice<com.apple.WebKit.WebContent([app<application.com.apple.Safari.1110010.1110894(501)>:1412])(501)>{vt hash: 0}[uuid:59CA6A95-20DC-41E9-8B89-0951984DA56F]{definition:com.apple.WebKit.WebContent[standard][client]}:1673, running-active-NotVisible
2026-05-25 19:29:33.986 Df WindowServer[619:6900d9] [com.apple.BackBoard:EventDelivery] new deferring rules for pid:621: [[621-6C2]; <keyboardFocus>; () -> <token: viewbridge-key-window; pid: 621>; reason: …RemoteView deferKeyboardEventsToParticularWindow:forReason:]]
2026-05-25 19:29:33.986 Df WindowServer[619:6900d9] [com.apple.BackBoard:EventDelivery] [keyboardFocus 0x72acc2170] setRules:forPID(621): [[621-6C2]; <keyboardFocus>; () -> <token: viewbridge-key-window; pid: 621>; reason: -[NSRemoteView deferKeyboardEventsToParticularWindow:forReason:]]
2026-05-25 19:29:33.987 Df WindowServer[619:6900d9] [com.apple.BackBoard:EventDelivery] chain did update (setDeferringRules) <keyboardFocus; display: null> containsEndOfChain: YES; [
    <token: <frontmost>; pid: 619>,
    <token: loginwindow:0x0-0x1001; pid: 619>,
    <pid: 621>,
    <token: viewbridge-key-window; pid: 621>
]
2026-05-25 19:29:33.990 A  WindowServer[619:690bf5] (RunningBoardServices) observedProcessStatesDidChange
2026-05-25 19:29:33.990 Df WindowServer[619:690bf5] [com.apple.runningboard:monitor] Received state update for 1679 (xpcservice<com.apple.WebKit.WebContent([app<application.com.apple.Safari.1110010.1110894(501)>:1412])(501)>{vt hash: 0}[uuid:C6C19F6D-E2E8-4BD8-8D67-B8B26BBA0DF6]{definition:com.apple.WebKit.WebContent[standard][client]}:1679, running-active-NotVisible
2026-05-25 19:29:33.992 A  WindowServer[619:6900d9] (RunningBoardServices) observedProcessStatesDidChange
2026-05-25 19:29:33.992 Df WindowServer[619:6900d9] [com.apple.runningboard:monitor] Received state update for 1680 (xpcservice<com.apple.WebKit.WebContent([app<application.com.apple.Safari.1110010.1110894(501)>:1412])(501)>{vt hash: 0}[uuid:32156920-1821-46F4-AFB9-F3EA9FFD6403]{definition:com.apple.WebKit.WebContent[standard][client]}:1680, running-active-NotVisible
2026-05-25 19:29:33.993 A  WindowServer[619:690bf4] (RunningBoardServices) observedProcessStatesDidChange
2026-05-25 19:29:33.993 Df WindowServer[619:690bf4] [com.apple.runningboard:monitor] Received state update for 1681 (xpcservice<com.apple.WebKit.WebContent([app<application.com.apple.Safari.1110010.1110894(501)>:1412])(501)>{vt hash: 0}[uuid:11F77417-7386-48A4-8D37-2DD953E19D78]{definition:com.apple.WebKit.WebContent[standard][client]}:1681, running-active-NotVisible
2026-05-25 19:29:33.994 A  WindowServer[619:6900d9] (RunningBoardServices) observedProcessStatesDidChange
2026-05-25 19:29:33.994 Df WindowServer[619:6900d9] [com.apple.runningboard:monitor] Received state update for 1690 (xpcservice<com.apple.WebKit.WebContent([app<application.com.apple.Safari.1110010.1110894(501)>:1412])(501)>{vt hash: 0}[uuid:0D1CC921-6C78-461C-8B5B-66A6C2705DCA]{definition:com.apple.WebKit.WebContent[standard][client]}:1690, running-active-NotVisible
2026-05-25 19:29:33.994 I  WindowServer[619:112f] [com.apple.SkyLight:packages] 4020f[SetWindowHasKeyAppearance]: request window b0ab set active key appearance
2026-05-25 19:29:33.994 I  WindowServer[619:112f] [com.apple.SkyLight:packages] 4020f[SetWindowHasMainAppearance]: request window b0ab set active main appearance
2026-05-25 19:29:33.995 I  WindowServer[619:112f] [com.apple.SkyLight:packages] 4020f[OrderWindowGroupFrontConditionally]: order window: b0ab op: 1 relative: 0
2026-05-25 19:29:33.995 A  WindowServer[619:690bf4] (RunningBoardServices) observedProcessStatesDidChange
2026-05-25 19:29:33.995 Df WindowServer[619:690bf4] [com.apple.runningboard:monitor] Received state update for 1691 (xpcservice<com.apple.WebKit.WebContent([app<application.com.apple.Safari.1110010.1110894(501)>:1412])(501)>{vt hash: 0}[uuid:647BABEA-C3B7-4552-BECC-34003371E414]{definition:com.apple.WebKit.WebContent[standard][client]}:1691, running-active-NotVisible
2026-05-25 19:29:33.997 A  WindowServer[619:6900d9] (RunningBoardServices) observedProcessStatesDidChange
2026-05-25 19:29:33.997 Df WindowServer[619:6900d9] [com.apple.runningboard:monitor] Received state update for 1696 (xpcservice<com.apple.WebKit.WebContent([app<application.com.apple.Safari.1110010.1110894(501)>:1412])(501)>{vt hash: 0}[uuid:8888C49E-2BCB-48C0-AF29-E726F8F077AA]{definition:com.apple.WebKit.WebContent[standard][client]}:1696, running-active-NotVisible
2026-05-25 19:29:34.055 I  WindowServer[619:6900d9] [com.apple.iohid:connection] 5B3ADA87-6FBD-4111-BF63-0624821253EA: mach_msg(sendPossiblePort):(ipc/rcv) msg too large
2026-05-25 19:29:34.056 Df WindowServer[619:6900d9] [com.apple.iohid:default] Connection removed: IOHIDEventSystemConnection uuid:5B3ADA87-6FBD-4111-BF63-0624821253EA pid:904 process:coreauthd type:Monitor entitlements:0x2 caller:coreauthd: coreauthd + 40288 attributes:(null) state:0x3 events:0 mask:0x0 dropped:0 dropStatus:0 droppedMask:0x0 lastDroppedTime:NONE
2026-05-25 19:29:34.057 Df WindowServer[619:6900d9] (HIDAnalytics) HIDAnalytics Unregister Send event com.apple.hid.queueUsage
2026-05-25 19:29:34.067 Df WindowServer[619:690bf5] [com.apple.BackBoard:EventDelivery] new deferring rules for pid:621: [[621-6C3]; <keyboardFocus>; () -> <token: viewbridge-key-window; pid: 621>; reason: …RemoteView deferKeyboardEventsToParticularWindow:forReason:]]
2026-05-25 19:29:34.067 Df WindowServer[619:690bf5] [com.apple.BackBoard:EventDelivery] [keyboardFocus 0x72acc2170] setRules:forPID(621): [[621-6C3]; <keyboardFocus>; () -> <token: viewbridge-key-window; pid: 621>; reason: -[NSRemoteView deferKeyboardEventsToParticularWindow:forReason:]]
2026-05-25 19:29:34.067 Df WindowServer[619:690bf5] [com.apple.BackBoard:EventDelivery] chain did update (setDeferringRules) <keyboardFocus; display: null> containsEndOfChain: YES; [
    <token: <frontmost>; pid: 619>,
    <token: loginwindow:0x0-0x1001; pid: 619>,
    <pid: 621>,
    <token: viewbridge-key-window; pid: 621>
]
2026-05-25 19:29:34.080 Df WindowServer[619:6900d9] [com.apple.BackBoard:EventDelivery] new deferring rules for pid:621: [[621-6C4]; <keyboardFocus>; () -> <token: viewbridge-key-window; pid: 621>; reason: …RemoteView deferKeyboardEventsToParticularWindow:forReason:]]
2026-05-25 19:29:34.080 Df WindowServer[619:6900d9] [com.apple.BackBoard:EventDelivery] [keyboardFocus 0x72acc2170] setRules:forPID(621): [[621-6C4]; <keyboardFocus>; () -> <token: viewbridge-key-window; pid: 621>; reason: -[NSRemoteView deferKeyboardEventsToParticularWindow:forReason:]]
2026-05-25 19:29:34.081 Df WindowServer[619:6900d9] [com.apple.BackBoard:EventDelivery] chain did update (setDeferringRules) <keyboardFocus; display: null> containsEndOfChain: YES; [
    <token: <frontmost>; pid: 619>,
    <token: loginwindow:0x0-0x1001; pid: 619>,
    <pid: 621>,
    <token: viewbridge-key-window; pid: 621>
]
2026-05-25 19:29:34.126 A  WindowServer[619:690bf5] (RunningBoardServices) observedProcessStatesDidChange
2026-05-25 19:29:34.126 Df WindowServer[619:690bf5] [com.apple.runningboard:monitor] Received state update for 19859 (app<application.com.apple.podcasts.1152921500311897422.1152921500311898026(501)>, running-active-NotVisible
2026-05-25 19:29:34.141 E  WindowServer[619:112f] [com.apple.SkyLight:default] PKGWindowMoveOnMatchingDisplayChangedSeed failed to move window ae84 owner a8b03 (invalid seed 3fa)
2026-05-25 19:29:34.141 I  WindowServer[619:112f] [com.apple.SkyLight:packages] a8b03[SetWindowHasKeyAppearance]: request window ae84 set inactive key appearance
2026-05-25 19:29:34.141 I  WindowServer[619:112f] [com.apple.SkyLight:packages] a8b03[SetWindowHasMainAppearance]: request window ae84 set active main appearance
2026-05-25 19:29:34.141 I  WindowServer[619:112f] [com.apple.SkyLight:packages] a8b03[SetWindowHasMainAppearance]: requesting window 17e resign key appearance
2026-05-25 19:29:34.141 I  WindowServer[619:112f] [com.apple.SkyLight:packages] a8b03[SetWindowHasMainAppearance]: requesting window 17e resign main appearance
2026-05-25 19:29:34.141 I  WindowServer[619:112f] [com.apple.SkyLight:packages] a8b03[SetWindowHasMainAppearance]: requesting window 17e resign main appearance
2026-05-25 19:29:34.141 E  WindowServer[619:112f] [com.apple.SkyLight:default] PKGWindowMoveOnMatchingDisplayChangedSeed failed to move window b024 owner a8b03 (invalid seed 3fa)
2026-05-25 19:29:34.141 I  WindowServer[619:112f] [com.apple.SkyLight:packages] a8b03[SetWindowHasMainAppearance]: request window b024 set inactive main appearance
2026-05-25 19:29:34.141 E  WindowServer[619:112f] [com.apple.SkyLight:default] PKGWindowMoveOnMatchingDisplayChangedSeed failed to move window afc9 owner a8b03 (invalid seed 3fa)
2026-05-25 19:29:34.141 I  WindowServer[619:112f] [com.apple.SkyLight:packages] a8b03[SetWindowHasMainAppearance]: request window afc9 set active main appearance
2026-05-25 19:29:34.141 I  WindowServer[619:112f] [com.apple.SkyLight:packages] a8b03[SetWindowHasMainAppearance]: requesting window 17e resign key appearance
2026-05-25 19:29:34.141 I  WindowServer[619:112f] [com.apple.SkyLight:packages] a8b03[SetWindowHasMainAppearance]: requesting window ae84 resign main appearance
2026-05-25 19:29:34.141 E  WindowServer[619:112f] [com.apple.SkyLight:default] PKGWindowMoveOnMatchingDisplayChangedSeed failed to move window aff8 owner a8b03 (invalid seed 3fa)
2026-05-25 19:29:34.141 I  WindowServer[619:112f] [com.apple.SkyLight:packages] a8b03[SetWindowHasMainAppearance]: request window aff8 set active main appearance
2026-05-25 19:29:34.141 I  WindowServer[619:112f] [com.apple.SkyLight:packages] a8b03[SetWindowHasMainAppearance]: requesting window 17e resign key appearance
2026-05-25 19:29:34.141 I  WindowServer[619:112f] [com.apple.SkyLight:packages] a8b03[SetWindowHasMainAppearance]: requesting window afc9 resign main appearance
2026-05-25 19:29:34.141 E  WindowServer[619:112f] [com.apple.SkyLight:default] PKGWindowMoveOnMatchingDisplayChangedSeed failed to move window afd1 owner a8b03 (invalid seed 3fa)
2026-05-25 19:29:34.141 I  WindowServer[619:112f] [com.apple.SkyLight:packages] a8b03[SetWindowHasMainAppearance]: request window afd1 set active main appearance
2026-05-25 19:29:34.141 I  WindowServer[619:112f] [com.apple.SkyLight:packages] a8b03[SetWindowHasMainAppearance]: requesting window 17e resign key appearance
2026-05-25 19:29:34.141 I  WindowServer[619:112f] [com.apple.SkyLight:packages] a8b03[SetWindowHasMainAppearance]: requesting window aff8 resign main appearance
2026-05-25 19:29:34.141 E  WindowServer[619:112f] [com.apple.SkyLight:default] PKGWindowMoveOnMatchingDisplayChangedSeed failed to move window af8a owner a8b03 (invalid seed 3fa)
2026-05-25 19:29:34.141 I  WindowServer[619:112f] [com.apple.SkyLight:packages] a8b03[SetWindowHasMainAppearance]: request window af8a set active main appearance
2026-05-25 19:29:34.141 I  WindowServer[619:112f] [com.apple.SkyLight:packages] a8b03[SetWindowHasMainAppearance]: requesting window 17e resign key appearance
2026-05-25 19:29:34.141 I  WindowServer[619:112f] [com.apple.SkyLight:packages] a8b03[SetWindowHasMainAppearance]: requesting window afd1 resign main appearance
2026-05-25 19:29:34.141 E  WindowServer[619:112f] [com.apple.SkyLight:default] PKGWindowMoveOnMatchingDisplayChangedSeed failed to move window affc owner a8b03 (invalid seed 3fa)
2026-05-25 19:29:34.142 I  WindowServer[619:112f] [com.apple.SkyLight:packages] a8b03[SetWindowHasMainAppearance]: request window affc set active main appearance
2026-05-25 19:29:34.142 I  WindowServer[619:112f] [com.apple.SkyLight:packages] a8b03[SetWindowHasMainAppearance]: requesting window 17e resign key appearance
2026-05-25 19:29:34.142 I  WindowServer[619:112f] [com.apple.SkyLight:packages] a8b03[SetWindowHasMainAppearance]: requesting window af8a resign main appearance
2026-05-25 19:29:34.142 E  WindowServer[619:112f] [com.apple.SkyLight:default] PKGWindowMoveOnMatchingDisplayChangedSeed failed to move window b00c owner a8b03 (invalid seed 3fa)
2026-05-25 19:29:34.142 I  WindowServer[619:112f] [com.apple.SkyLight:packages] a8b03[SetWindowHasMainAppearance]: request window b00c set inactive main appearance
2026-05-25 19:29:34.142 E  WindowServer[619:112f] [com.apple.SkyLight:default] PKGWindowMoveOnMatchingDisplayChangedSeed failed to move window b015 owner a8b03 (invalid seed 3fa)
2026-05-25 19:29:34.142 I  WindowServer[619:112f] [com.apple.SkyLight:packages] a8b03[SetWindowHasMainAppearance]: request window b015 set active main appearance
2026-05-25 19:29:34.142 I  WindowServer[619:112f] [com.apple.SkyLight:packages] a8b03[SetWindowHasMainAppearance]: requesting window 17e resign key appearance
2026-05-25 19:29:34.142 I  WindowServer[619:112f] [com.apple.SkyLight:packages] a8b03[SetWindowHasMainAppearance]: requesting window affc resign main appearance
2026-05-25 19:29:34.142 E  WindowServer[619:112f] [com.apple.SkyLight:default] PKGWindowMoveOnMatchingDisplayChangedSeed failed to move window b005 owner a8b03 (invalid seed 3fa)
2026-05-25 19:29:34.142 I  WindowServer[619:112f] [com.apple.SkyLight:packages] a8b03[SetWindowHasMainAppearance]: request window b005 set inactive main appearance
2026-05-25 19:29:34.142 E  WindowServer[619:112f] [com.apple.SkyLight:default] PKGWindowMoveOnMatchingDisplayChangedSeed failed to move window aff0 owner a8b03 (invalid seed 3fa)
2026-05-25 19:29:34.142 I  WindowServer[619:112f] [com.apple.SkyLight:packages] a8b03[SetWindowHasMainAppearance]: request window aff0 set active main appearance
2026-05-25 19:29:34.142 I  WindowServer[619:112f] [com.apple.SkyLight:packages] a8b03[SetWindowHasMainAppearance]: requesting window 17e resign key appearance
2026-05-25 19:29:34.142 I  WindowServer[619:112f] [com.apple.SkyLight:packages] a8b03[SetWindowHasMainAppearance]: requesting window b015 resign main appearance
2026-05-25 19:29:34.142 E  WindowServer[619:112f] [com.apple.SkyLight:default] PKGWindowMoveOnMatchingDisplayChangedSeed failed to move window af85 owner a8b03 (invalid seed 3fa)
2026-05-25 19:29:34.142 I  WindowServer[619:112f] [com.apple.SkyLight:packages] a8b03[SetWindowHasMainAppearance]: request window af85 set inactive main appearance
2026-05-25 19:29:34.142 E  WindowServer[619:112f] [com.apple.SkyLight:default] PKGWindowMoveOnMatchingDisplayChangedSeed failed to move window af69 owner a8b03 (invalid seed 3fa)
2026-05-25 19:29:34.142 I  WindowServer[619:112f] [com.apple.SkyLight:packages] a8b03[SetWindowHasMainAppearance]: request window af69 set active main appearance
2026-05-25 19:29:34.142 I  WindowServer[619:112f] [com.apple.SkyLight:packages] a8b03[SetWindowHasMainAppearance]: requesting window 17e resign key appearance
2026-05-25 19:29:34.142 I  WindowServer[619:112f] [com.apple.SkyLight:packages] a8b03[SetWindowHasMainAppearance]: requesting window aff0 resign main appearance
2026-05-25 19:29:34.142 E  WindowServer[619:112f] [com.apple.SkyLight:default] PKGWindowMoveOnMatchingDisplayChangedSeed failed to move window afd8 owner a8b03 (invalid seed 3fa)
2026-05-25 19:29:34.142 I  WindowServer[619:112f] [com.apple.SkyLight:packages] a8b03[SetWindowHasMainAppearance]: request window afd8 set active main appearance
2026-05-25 19:29:34.142 I  WindowServer[619:112f] [com.apple.SkyLight:packages] a8b03[SetWindowHasMainAppearance]: requesting window 17e resign key appearance
2026-05-25 19:29:34.142 I  WindowServer[619:112f] [com.apple.SkyLight:packages] a8b03[SetWindowHasMainAppearance]: requesting window af69 resign main appearance
2026-05-25 19:29:34.142 E  WindowServer[619:112f] [com.apple.SkyLight:default] PKGWindowMoveOnMatchingDisplayChangedSeed failed to move window afa5 owner a8b03 (invalid seed 3fa)
2026-05-25 19:29:34.142 I  WindowServer[619:112f] [com.apple.SkyLight:packages] a8b03[SetWindowHasMainAppearance]: request window afa5 set active main appearance
2026-05-25 19:29:34.142 I  WindowServer[619:112f] [com.apple.SkyLight:packages] a8b03[SetWindowHasMainAppearance]: requesting window 17e resign key appearance
2026-05-25 19:29:34.142 I  WindowServer[619:112f] [com.apple.SkyLight:packages] a8b03[SetWindowHasMainAppearance]: requesting window afd8 resign main appearance
2026-05-25 19:29:34.142 E  WindowServer[619:112f] [com.apple.SkyLight:default] PKGWindowMoveOnMatchingDisplayChangedSeed failed to move window afa7 owner a8b03 (invalid seed 3fa)
2026-05-25 19:29:34.142 I  WindowServer[619:112f] [com.apple.SkyLight:packages] a8b03[SetWindowHasMainAppearance]: request window afa7 set inactive main appearance
2026-05-25 19:29:34.142 E  WindowServer[619:112f] [com.apple.SkyLight:default] PKGWindowMoveOnMatchingDisplayChangedSeed failed to move window af73 owner a8b03 (invalid seed 3fa)
2026-05-25 19:29:34.142 I  WindowServer[619:112f] [com.apple.SkyLight:packages] a8b03[SetWindowHasMainAppearance]: request window af73 set inactive main appearance
2026-05-25 19:29:34.142 E  WindowServer[619:112f] [com.apple.SkyLight:default] PKGWindowMoveOnMatchingDisplayChangedSeed failed to move window afee owner a8b03 (invalid seed 3fa)
2026-05-25 19:29:34.142 I  WindowServer[619:112f] [com.apple.SkyLight:packages] a8b03[SetWindowHasMainAppearance]: request window afee set active main appearance
2026-05-25 19:29:34.142 I  WindowServer[619:112f] [com.apple.SkyLight:packages] a8b03[SetWindowHasMainAppearance]: requesting window 17e resign key appearance
2026-05-25 19:29:34.142 I  WindowServer[619:112f] [com.apple.SkyLight:packages] a8b03[SetWindowHasMainAppearance]: requesting window afa5 resign main appearance
2026-05-25 19:29:34.142 E  WindowServer[619:112f] [com.apple.SkyLight:default] PKGWindowMoveOnMatchingDisplayChangedSeed failed to move window b001 owner a8b03 (invalid seed 3fa)
2026-05-25 19:29:34.142 I  WindowServer[619:112f] [com.apple.SkyLight:packages] a8b03[SetWindowHasMainAppearance]: request window b001 set active main appearance
2026-05-25 19:29:34.142 I  WindowServer[619:112f] [com.apple.SkyLight:packages] a8b03[SetWindowHasMainAppearance]: requesting window 17e resign key appearance
2026-05-25 19:29:34.142 I  WindowServer[619:112f] [com.apple.SkyLight:packages] a8b03[SetWindowHasMainAppearance]: requesting window afee resign main appearance
2026-05-25 19:29:34.142 E  WindowServer[619:112f] [com.apple.SkyLight:default] PKGWindowMoveOnMatchingDisplayChangedSeed failed to move window b021 owner a8b03 (invalid seed 3fa)
2026-05-25 19:29:34.142 I  WindowServer[619:112f] [com.apple.SkyLight:packages] a8b03[SetWindowHasMainAppearance]: request window b021 set active main appearance
2026-05-25 19:29:34.142 I  WindowServer[619:112f] [com.apple.SkyLight:packages] a8b03[SetWindowHasMainAppearance]: requesting window 17e resign key appearance
2026-05-25 19:29:34.142 I  WindowServer[619:112f] [com.apple.SkyLight:packages] a8b03[SetWindowHasMainAppearance]: requesting window b001 resign main appearance
2026-05-25 19:29:34.142 E  WindowServer[619:112f] [com.apple.SkyLight:default] PKGWindowMoveOnMatchingDisplayChangedSeed failed to move window afb5 owner a8b03 (invalid seed 3fa)
2026-05-25 19:29:34.142 I  WindowServer[619:112f] [com.apple.SkyLight:packages] a8b03[SetWindowHasMainAppearance]: request window afb5 set active main appearance
2026-05-25 19:29:34.142 I  WindowServer[619:112f] [com.apple.SkyLight:packages] a8b03[SetWindowHasMainAppearance]: requesting window 17e resign key appearance
2026-05-25 19:29:34.142 I  WindowServer[619:112f] [com.apple.SkyLight:packages] a8b03[SetWindowHasMainAppearance]: requesting window b021 resign main appearance
2026-05-25 19:29:34.142 E  WindowServer[619:112f] [com.apple.SkyLight:default] PKGWindowMoveOnMatchingDisplayChangedSeed failed to move window aee8 owner a8b03 (invalid seed 3fa)
2026-05-25 19:29:34.142 I  WindowServer[619:112f] [com.apple.SkyLight:packages] a8b03[SetWindowHasMainAppearance]: request window aee8 set active main appearance
2026-05-25 19:29:34.142 I  WindowServer[619:112f] [com.apple.SkyLight:packages] a8b03[SetWindowHasMainAppearance]: requesting window 17e resign key appearance
2026-05-25 19:29:34.142 I  WindowServer[619:112f] [com.apple.SkyLight:packages] a8b03[SetWindowHasMainAppearance]: requesting window afb5 resign main appearance
2026-05-25 19:29:34.142 E  WindowServer[619:112f] [com.apple.SkyLight:default] PKGWindowMoveOnMatchingDisplayChangedSeed failed to move window af8b owner a8b03 (invalid seed 3fa)
2026-05-25 19:29:34.142 I  WindowServer[619:112f] [com.apple.SkyLight:packages] a8b03[SetWindowHasMainAppearance]: request window af8b set inactive main appearance
2026-05-25 19:29:34.142 E  WindowServer[619:112f] [com.apple.SkyLight:default] PKGWindowMoveOnMatchingDisplayChangedSeed failed to move window b008 owner a8b03 (invalid seed 3fa)
2026-05-25 19:29:34.142 I  WindowServer[619:112f] [com.apple.SkyLight:packages] a8b03[SetWindowHasMainAppearance]: request window b008 set inactive main appearance
2026-05-25 19:29:34.142 E  WindowServer[619:112f] [com.apple.SkyLight:default] PKGWindowMoveOnMatchingDisplayChangedSeed failed to move window afd5 owner a8b03 (invalid seed 3fa)
2026-05-25 19:29:34.142 I  WindowServer[619:112f] [com.apple.SkyLight:packages] a8b03[SetWindowHasMainAppearance]: request window afd5 set inactive main appearance
2026-05-25 19:29:34.142 E  WindowServer[619:112f] [com.apple.SkyLight:default] PKGWindowMoveOnMatchingDisplayChangedSeed failed to move window affe owner a8b03 (invalid seed 3fa)
2026-05-25 19:29:34.142 I  WindowServer[619:112f] [com.apple.SkyLight:packages] a8b03[SetWindowHasMainAppearance]: request window affe set active main appearance
2026-05-25 19:29:34.142 I  WindowServer[619:112f] [com.apple.SkyLight:packages] a8b03[SetWindowHasMainAppearance]: requesting window 17e resign key appearance
2026-05-25 19:29:34.142 I  WindowServer[619:112f] [com.apple.SkyLight:packages] a8b03[SetWindowHasMainAppearance]: requesting window aee8 resign main appearance
2026-05-25 19:29:34.142 E  WindowServer[619:112f] [com.apple.SkyLight:default] PKGWindowMoveOnMatchingDisplayChangedSeed failed to move window af84 owner a8b03 (invalid seed 3fa)
2026-05-25 19:29:34.142 I  WindowServer[619:112f] [com.apple.SkyLight:packages] a8b03[SetWindowHasMainAppearance]: request window af84 set inactive main appearance
2026-05-25 19:29:34.142 E  WindowServer[619:112f] [com.apple.SkyLight:default] PKGWindowMoveOnMatchingDisplayChangedSeed failed to move window b07b owner a8b03 (invalid seed 3fa)
2026-05-25 19:29:34.143 I  WindowServer[619:112f] [com.apple.SkyLight:packages] a8b03[SetWindowHasKeyAppearance]: request window b07b set active key appearance
2026-05-25 19:29:34.143 I  WindowServer[619:112f] [com.apple.SkyLight:packages] a8b03[SetWindowHasKeyAppearance]: requesting window 17e resign key appearance
2026-05-25 19:29:34.143 I  WindowServer[619:112f] [com.apple.SkyLight:packages] a8b03[SetWindowHasKeyAppearance]: requesting window 17e resign key appearance
2026-05-25 19:29:34.143 I  WindowServer[619:112f] [com.apple.SkyLight:packages] a8b03[SetWindowHasMainAppearance]: request window b07b set active main appearance
2026-05-25 19:29:34.143 I  WindowServer[619:112f] [com.apple.SkyLight:packages] a8b03[SetWindowHasMainAppearance]: requesting window affe resign main appearance
2026-05-25 19:29:34.143 E  WindowServer[619:112f] [com.apple.SkyLight:default] PKGWindowMoveOnMatchingDisplayChangedSeed failed to move window aeee owner a8b03 (invalid seed 3fa)
2026-05-25 19:29:34.143 I  WindowServer[619:112f] [com.apple.SkyLight:packages] a8b03[SetWindowHasMainAppearance]: request window aeee set inactive main appearance
2026-05-25 19:29:34.143 E  WindowServer[619:112f] [com.apple.SkyLight:default] PKGWindowMoveOnMatchingDisplayChangedSeed failed to move window afa4 owner a8b03 (invalid seed 3fa)
2026-05-25 19:29:34.143 I  WindowServer[619:112f] [com.apple.SkyLight:packages] a8b03[SetWindowHasMainAppearance]: request window afa4 set inactive main appearance
2026-05-25 19:29:34.143 E  WindowServer[619:112f] [com.apple.SkyLight:default] PKGWindowMoveOnMatchingDisplayChangedSeed failed to move window b012 owner a8b03 (invalid seed 3fa)
2026-05-25 19:29:34.143 I  WindowServer[619:112f] [com.apple.SkyLight:packages] a8b03[SetWindowHasMainAppearance]: request window b012 set active main appearance
2026-05-25 19:29:34.143 I  WindowServer[619:112f] [com.apple.SkyLight:packages] a8b03[SetWindowHasMainAppearance]: requesting window b07b resign main appearance
2026-05-25 19:29:34.143 E  WindowServer[619:112f] [com.apple.SkyLight:default] PKGWindowMoveOnMatchingDisplayChangedSeed failed to move window af89 owner a8b03 (invalid seed 3fa)
2026-05-25 19:29:34.143 I  WindowServer[619:112f] [com.apple.SkyLight:packages] a8b03[SetWindowHasMainAppearance]: request window af89 set inactive main appearance
2026-05-25 19:29:34.143 E  WindowServer[619:112f] [com.apple.SkyLight:default] PKGWindowMoveOnMatchingDisplayChangedSeed failed to move window b00f owner a8b03 (invalid seed 3fa)
2026-05-25 19:29:34.143 I  WindowServer[619:112f] [com.apple.SkyLight:packages] a8b03[SetWindowHasMainAppearance]: request window b00f set inactive main appearance
2026-05-25 19:29:34.143 I  WindowServer[619:112f] [com.apple.SkyLight:packages] a8b03[OrderWindow]: order window: ae81 op: 0 relative: 0
2026-05-25 19:29:34.143 I  WindowServer[619:112f] [com.apple.SkyLight:packages] a8b03[OrderWindow]: order window: aee8 op: 0 relative: 0
2026-05-25 19:29:34.143 I  WindowServer[619:112f] [com.apple.SkyLight:packages] a8b03[OrderWindow]: order window: aeee op: 0 relative: 0
2026-05-25 19:29:34.143 I  WindowServer[619:112f] [com.apple.SkyLight:packages] a8b03[OrderWindow]: order window: ae79 op: 0 relative: 0
2026-05-25 19:29:34.143 I  WindowServer[619:112f] [com.apple.SkyLight:packages] a8b03[OrderWindow]: order window: af73 op: 0 relative: 0
2026-05-25 19:29:34.143 I  WindowServer[619:112f] [com.apple.SkyLight:packages] a8b03[OrderWindow]: order window: af84 op: 0 relative: 0
2026-05-25 19:29:34.143 I  WindowServer[619:112f] [com.apple.SkyLight:packages] a8b03[OrderWindow]: order window: adf5 op: 0 relative: 0
2026-05-25 19:29:34.143 I  WindowServer[619:112f] [com.apple.SkyLight:packages] a8b03[OrderWindow]: order window: af89 op: 0 relative: 0
2026-05-25 19:29:34.143 I  WindowServer[619:112f] [com.apple.SkyLight:packages] a8b03[OrderWindow]: order window: af8a op: 0 relative: 0
2026-05-25 19:29:34.143 I  WindowServer[619:112f] [com.apple.SkyLight:packages] a8b03[OrderWindow]: order window: af8b op: 0 relative: 0
2026-05-25 19:29:34.143 I  WindowServer[619:112f] [com.apple.SkyLight:packages] a8b03[OrderWindow]: order window: afa4 op: 0 relative: 0
2026-05-25 19:29:34.143 I  WindowServer[619:112f] [com.apple.SkyLight:packages] a8b03[OrderWindow]: order window: af69 op: 0 relative: 0
2026-05-25 19:29:34.143 I  WindowServer[619:112f] [com.apple.SkyLight:packages] a8b03[OrderWindow]: order window: afa7 op: 0 relative: 0
2026-05-25 19:29:34.143 I  WindowServer[619:112f] [com.apple.SkyLight:packages] a8b03[OrderWindow]: order window: af85 op: 0 relative: 0
2026-05-25 19:29:34.143 I  WindowServer[619:112f] [com.apple.SkyLight:packages] a8b03[OrderWindow]: order window: afb5 op: 0 relative: 0
2026-05-25 19:29:34.143 I  WindowServer[619:112f] [com.apple.SkyLight:packages] a8b03[OrderWindow]: order window: afc9 op: 0 relative: 0
2026-05-25 19:29:34.143 I  WindowServer[619:112f] [com.apple.SkyLight:packages] a8b03[OrderWindow]: order window: afd5 op: 0 relative: 0
2026-05-25 19:29:34.143 I  WindowServer[619:112f] [com.apple.SkyLight:packages] a8b03[OrderWindow]: order window: afd1 op: 0 relative: 0
2026-05-25 19:29:34.143 I  WindowServer[619:112f] [com.apple.SkyLight:packages] a8b03[OrderWindow]: order window: afd8 op: 0 relative: 0
2026-05-25 19:29:34.143 I  WindowServer[619:112f] [com.apple.SkyLight:packages] a8b03[OrderWindow]: order window: afee op: 0 relative: 0
2026-05-25 19:29:34.143 I  WindowServer[619:112f] [com.apple.SkyLight:packages] a8b03[OrderWindow]: order window: aff0 op: 0 relative: 0
2026-05-25 19:29:34.143 I  WindowServer[619:112f] [com.apple.SkyLight:packages] a8b03[OrderWindow]: order window: aff8 op: 0 relative: 0
2026-05-25 19:29:34.143 I  WindowServer[619:112f] [com.apple.SkyLight:packages] a8b03[OrderWindow]: order window: affc op: 0 relative: 0
2026-05-25 19:29:34.143 I  WindowServer[619:112f] [com.apple.SkyLight:packages] a8b03[OrderWindow]: order window: affe op: 0 relative: 0
2026-05-25 19:29:34.143 I  WindowServer[619:112f] [com.apple.SkyLight:packages] a8b03[OrderWindow]: order window: b005 op: 0 relative: 0
2026-05-25 19:29:34.144 I  WindowServer[619:112f] [com.apple.SkyLight:packages] a8b03[OrderWindow]: order window: b008 op: 0 relative: 0
2026-05-25 19:29:34.144 I  WindowServer[619:112f] [com.apple.SkyLight:packages] a8b03[OrderWindow]: order window: b00c op: 0 relative: 0
2026-05-25 19:29:34.144 I  WindowServer[619:112f] [com.apple.SkyLight:packages] a8b03[OrderWindow]: order window: b00f op: 0 relative: 0
2026-05-25 19:29:34.144 I  WindowServer[619:112f] [com.apple.SkyLight:packages] a8b03[OrderWindow]: order window: b001 op: 0 relative: 0
2026-05-25 19:29:34.144 I  WindowServer[619:112f] [com.apple.SkyLight:packages] a8b03[OrderWindow]: order window: b012 op: 0 relative: 0
2026-05-25 19:29:34.144 I  WindowServer[619:112f] [com.apple.SkyLight:packages] a8b03[OrderWindow]: order window: b021 op: 0 relative: 0
2026-05-25 19:29:34.144 I  WindowServer[619:112f] [com.apple.SkyLight:packages] a8b03[OrderWindow]: order window: b024 op: 0 relative: 0
2026-05-25 19:29:34.153 E  WindowServer[619:112f] [com.apple.SkyLight:default] _CGXPackagesSetWindowConstraints: Invalid window
2026-05-25 19:29:34.155 A  WindowServer[619:690bf5] (RunningBoardServices) observedProcessStatesDidChange
2026-05-25 19:29:34.155 Df WindowServer[619:690bf5] [com.apple.runningboard:monitor] Received state update for 19859 (app<application.com.apple.podcasts.1152921500311897422.1152921500311898026(501)>, running-active-NotVisible
2026-05-25 19:29:34.159 Df WindowServer[619:690bf4] [com.apple.BackBoard:EventDelivery] new deferring rules for pid:1360: [[1360-15DF]; <keyboardFocus>; () -> <token: viewbridge-key-window; pid: 1360>; reason: …RemoteView deferKeyboardEventsToParticularWindow:forReason:]]
2026-05-25 19:29:34.159 Df WindowServer[619:690bf4] [com.apple.BackBoard:EventDelivery] [keyboardFocus 0x72acc2170] setRules:forPID(1360): [[1360-15DF]; <keyboardFocus>; () -> <token: viewbridge-key-window; pid: 1360>; reason: -[NSRemoteView deferKeyboardEventsToParticularWindow:forReason:]]
2026-05-25 19:29:34.168 A  WindowServer[619:690bf4] (RunningBoardServices) observedProcessStatesDidChange
2026-05-25 19:29:34.168 Df WindowServer[619:690bf4] [com.apple.runningboard:monitor] Received state update for 1526 (app<Unknown(1526)(501)>, running-active-NotVisible
2026-05-25 19:29:34.170 I  WindowServer[619:112f] [com.apple.SkyLight:packages] 1c9a0f[SetWindowHasKeyAppearance]: request window 17e set inactive key appearance
2026-05-25 19:29:34.170 I  WindowServer[619:112f] [com.apple.SkyLight:packages] 1c9a0f[SetWindowHasMainAppearance]: request window 17e set inactive main appearance
2026-05-25 19:29:34.170 I  WindowServer[619:112f] [com.apple.SkyLight:packages] 1c9a0f[OrderWindowGroup]: order window: 185 op: 0 relative: 0
2026-05-25 19:29:34.170 I  WindowServer[619:112f] [com.apple.SkyLight:packages] 464c7[ResetWindow]: window 185 parted space 1
2026-05-25 19:29:34.204 Df WindowServer[619:112f] [com.apple.FuseBoard:SkyBridge] <private> updated window 389 from "occluded" to "none".
2026-05-25 19:29:34.232 A  WindowServer[619:6900d9] (RunningBoardServices) observedProcessStatesDidChange
2026-05-25 19:29:34.232 Df WindowServer[619:6900d9] [com.apple.runningboard:monitor] Received state update for 19859 (app<application.com.apple.podcasts.1152921500311897422.1152921500311898026(501)>, running-active-NotVisible
2026-05-25 19:29:34.244 I  WindowServer[619:112f] [com.apple.SkyLight:packages] 4020f[OrderWindow]: order window: b07c op: 1 relative: 0
2026-05-25 19:29:34.250 I  WindowServer[619:112f] [com.apple.SkyLight:packages] 4020f[SetFrontProcessWithInfo]: new foreground connection 4020f com.apple.loginwindow
2026-05-25 19:29:34.257 Df WindowServer[619:690bf5] [com.apple.BackBoard:EventDelivery] new deferring rules for pid:621: [[621-6C5]; <keyboardFocus>; () -> <token: viewbridge-key-window; pid: 621>; reason: …RemoteView deferKeyboardEventsToParticularWindow:forReason:]]
2026-05-25 19:29:34.257 Df WindowServer[619:690bf5] [com.apple.BackBoard:EventDelivery] [keyboardFocus 0x72acc2170] setRules:forPID(621): [[621-6C5]; <keyboardFocus>; () -> <token: viewbridge-key-window; pid: 621>; reason: -[NSRemoteView deferKeyboardEventsToParticularWindow:forReason:]]
2026-05-25 19:29:34.257 Df WindowServer[619:690bf5] [com.apple.BackBoard:EventDelivery] chain did update (setDeferringRules) <keyboardFocus; display: null> containsEndOfChain: YES; [
    <token: <frontmost>; pid: 619>,
    <token: loginwindow:0x0-0x1001; pid: 619>,
    <pid: 621>,
    <token: viewbridge-key-window; pid: 621>
]
2026-05-25 19:29:34.260 E  WindowServer[619:112f] [com.apple.SkyLight:default] _CGXPackagesSetWindowConstraints: Invalid window
2026-05-25 19:29:34.276 Df WindowServer[619:690bf5] [com.apple.BackBoard:EventDelivery] new deferring rules for pid:621: [[621-6C6]; <keyboardFocus>; () -> <token: viewbridge-key-window; pid: 621>; reason: …RemoteView deferKeyboardEventsToParticularWindow:forReason:]]
2026-05-25 19:29:34.276 Df WindowServer[619:690bf5] [com.apple.BackBoard:EventDelivery] [keyboardFocus 0x72acc2170] setRules:forPID(621): [[621-6C6]; <keyboardFocus>; () -> <token: viewbridge-key-window; pid: 621>; reason: -[NSRemoteView deferKeyboardEventsToParticularWindow:forReason:]]
2026-05-25 19:29:34.276 Df WindowServer[619:690bf5] [com.apple.BackBoard:EventDelivery] chain did update (setDeferringRules) <keyboardFocus; display: null> containsEndOfChain: YES; [
    <token: <frontmost>; pid: 619>,
    <token: loginwindow:0x0-0x1001; pid: 619>,
    <pid: 621>,
    <token: viewbridge-key-window; pid: 621>
]
2026-05-25 19:29:34.279 Df WindowServer[619:690bf5] [com.apple.BackBoard:EventDelivery] new deferring rules for pid:621: [[621-6C8]; <keyboardFocus>; () -> <token: viewbridge-key-window; pid: 621>; reason: …RemoteView deferKeyboardEventsToParticularWindow:forReason:]]
2026-05-25 19:29:34.279 Df WindowServer[619:690bf5] [com.apple.BackBoard:EventDelivery] [keyboardFocus 0x72acc2170] setRules:forPID(621): [[621-6C8]; <keyboardFocus>; () -> <token: viewbridge-key-window; pid: 621>; reason: -[NSRemoteView deferKeyboardEventsToParticularWindow:forReason:]]
2026-05-25 19:29:34.279 Df WindowServer[619:690bf5] [com.apple.BackBoard:EventDelivery] chain did update (setDeferringRules) <keyboardFocus; display: null> containsEndOfChain: YES; [
    <token: <frontmost>; pid: 619>,
    <token: loginwindow:0x0-0x1001; pid: 619>,
    <pid: 621>,
    <token: viewbridge-key-window; pid: 621>
]
2026-05-25 19:29:34.303 I  WindowServer[619:112f] [com.apple.SkyLight:packages] 2431db[OrderWindowGroup]: order window: aeeb op: 0 relative: 0
2026-05-25 19:29:34.341 A  WindowServer[619:690bf5] (RunningBoardServices) observedProcessStatesDidChange
2026-05-25 19:29:34.341 Df WindowServer[619:690bf5] [com.apple.runningboard:monitor] Received state update for 19859 (app<application.com.apple.podcasts.1152921500311897422.1152921500311898026(501)>, running-active-NotVisible
2026-05-25 19:29:34.395 I  WindowServer[619:6900d9] [com.apple.iohid:default] [4294969682] updateCapslockLED:0->0 capsLockLED:Auto capsLockState:0 client:IOHIDEventSystemConnection uuid:16E0E26F-008D-442D-AFB8-DFD9DE75E259 pid:83568 process:com.apple.hiservices-xpcservice type:Monitor entitlements:0x2 caller:com.apple.hiservices-xpcservice: com.apple.hiservices-xpcservice + 8876 attributes:(null) state:0x0 events:49212 mask:0x20000008 dropped:0 dropStatus:0 droppedMask:0x0 lastDroppedTime:NONE, didUpdateCapsLockLEDState:1
2026-05-25 19:29:34.440 I  WindowServer[619:112f] [com.apple.SkyLight:packages] 0[outside of RPC]: order window: 9098 op: 0 relative: 0
2026-05-25 19:29:34.441 I  WindowServer[619:112f] [com.apple.SkyLight:packages] 0[outside of RPC]: order window: e op: 0 relative: 0
2026-05-25 19:29:34.441 I  WindowServer[619:112f] [com.apple.SkyLight:packages] 0[outside of RPC]: order window: 11 op: 0 relative: 0
2026-05-25 19:29:34.441 I  WindowServer[619:112f] [com.apple.SkyLight:packages] 0[outside of RPC]: order window: 75ce op: 0 relative: 0
2026-05-25 19:29:34.441 I  WindowServer[619:112f] [com.apple.SkyLight:packages] 0[outside of RPC]: order window: 48 op: 0 relative: 0
2026-05-25 19:29:34.442 I  WindowServer[619:112f] [com.apple.SkyLight:packages] 0[outside of RPC]: order window: 3b op: 0 relative: 0
2026-05-25 19:29:34.442 I  WindowServer[619:112f] [com.apple.SkyLight:packages] 0[outside of RPC]: order window: bf op: 0 relative: 0
2026-05-25 19:29:34.442 I  WindowServer[619:112f] [com.apple.SkyLight:packages] 0[outside of RPC]: order window: 10 op: 0 relative: 0
2026-05-25 19:29:34.442 I  WindowServer[619:112f] [com.apple.SkyLight:packages] 0[outside of RPC]: order window: d op: 0 relative: 0
2026-05-25 19:29:34.442 I  WindowServer[619:112f] [com.apple.SkyLight:packages] 0[outside of RPC]: order window: 4b op: 0 relative: 0
2026-05-25 19:29:34.442 I  WindowServer[619:112f] [com.apple.SkyLight:packages] 0[outside of RPC]: order window: 52 op: 0 relative: 0
2026-05-25 19:29:34.442 I  WindowServer[619:112f] [com.apple.SkyLight:packages] 0[outside of RPC]: order window: 42 op: 0 relative: 0
2026-05-25 19:29:34.442 I  WindowServer[619:112f] [com.apple.SkyLight:packages] 0[outside of RPC]: order window: a555 op: 0 relative: 0
2026-05-25 19:29:34.442 I  WindowServer[619:112f] [com.apple.SkyLight:packages] 0[outside of RPC]: order window: a556 op: 0 relative: 0
2026-05-25 19:29:34.442 I  WindowServer[619:112f] [com.apple.SkyLight:packages] 0[outside of RPC]: order window: a557 op: 0 relative: 0
2026-05-25 19:29:34.442 I  WindowServer[619:112f] [com.apple.SkyLight:packages] 0[outside of RPC]: order window: a558 op: 0 relative: 0
2026-05-25 19:29:34.443 I  WindowServer[619:112f] [com.apple.SkyLight:packages] 0[outside of RPC]: order window: 5d op: 0 relative: 0
2026-05-25 19:29:34.443 I  WindowServer[619:112f] [com.apple.SkyLight:packages] 0[outside of RPC]: order window: c82 op: 0 relative: 0
2026-05-25 19:29:34.443 I  WindowServer[619:112f] [com.apple.SkyLight:packages] 0[outside of RPC]: order window: a654 op: 0 relative: 0
2026-05-25 19:29:34.443 I  WindowServer[619:112f] [com.apple.SkyLight:packages] 0[outside of RPC]: order window: a6df op: 0 relative: 0
2026-05-25 19:29:34.443 I  WindowServer[619:112f] [com.apple.SkyLight:packages] 0[outside of RPC]: order window: b01c op: 0 relative: 0
2026-05-25 19:29:34.497 A  WindowServer[619:6900d9] (RunningBoardServices) observedProcessStatesDidChange
2026-05-25 19:29:34.497 Df WindowServer[619:6900d9] [com.apple.runningboard:monitor] Received state update for 1526 (app<Unknown(1526)(501)>, running-active-NotVisible
2026-05-25 19:29:34.497 A  WindowServer[619:690bf5] (RunningBoardServices) observedProcessStatesDidChange
2026-05-25 19:29:34.497 Df WindowServer[619:690bf5] [com.apple.runningboard:monitor] Received state update for 19859 (app<application.com.apple.podcasts.1152921500311897422.1152921500311898026(501)>, running-active-NotVisible
2026-05-25 19:29:34.503 I  WindowServer[619:112f] [com.apple.SkyLight:packages] 5f503[OrderWindowGroup]: order window: 28 op: 0 relative: 0
2026-05-25 19:29:34.524 I  WindowServer[619:112f] [com.apple.SkyLight:packages] 0[outside of RPC]: order window: 9098 op: 1 relative: 0
2026-05-25 19:29:34.525 I  WindowServer[619:112f] [com.apple.SkyLight:packages] 0[outside of RPC]: order window: e op: 1 relative: 0
2026-05-25 19:29:34.525 I  WindowServer[619:112f] [com.apple.SkyLight:packages] 0[outside of RPC]: order window: 11 op: 1 relative: 0
2026-05-25 19:29:34.525 I  WindowServer[619:112f] [com.apple.SkyLight:packages] 0[outside of RPC]: order window: 75ce op: 1 relative: 0
2026-05-25 19:29:34.525 I  WindowServer[619:112f] [com.apple.SkyLight:packages] 0[outside of RPC]: order window: 48 op: 1 relative: 0
2026-05-25 19:29:34.525 I  WindowServer[619:112f] [com.apple.SkyLight:packages] 0[outside of RPC]: order window: 3b op: 1 relative: 0
2026-05-25 19:29:34.525 I  WindowServer[619:112f] [com.apple.SkyLight:packages] 0[outside of RPC]: order window: bf op: 1 relative: 0
2026-05-25 19:29:34.525 I  WindowServer[619:112f] [com.apple.SkyLight:packages] 0[outside of RPC]: order window: 10 op: 1 relative: 0
2026-05-25 19:29:34.525 I  WindowServer[619:112f] [com.apple.SkyLight:packages] 0[outside of RPC]: order window: d op: 1 relative: 0
2026-05-25 19:29:34.525 I  WindowServer[619:112f] [com.apple.SkyLight:packages] 0[outside of RPC]: order window: 4b op: 1 relative: 0
2026-05-25 19:29:34.525 I  WindowServer[619:112f] [com.apple.SkyLight:packages] 0[outside of RPC]: order window: 52 op: 1 relative: 0
2026-05-25 19:29:34.526 I  WindowServer[619:112f] [com.apple.SkyLight:packages] 0[outside of RPC]: order window: 42 op: 1 relative: 0
2026-05-25 19:29:34.526 I  WindowServer[619:112f] [com.apple.SkyLight:packages] 0[outside of RPC]: order window: a555 op: 1 relative: 0
2026-05-25 19:29:34.526 I  WindowServer[619:112f] [com.apple.SkyLight:packages] 0[outside of RPC]: order window: a556 op: 1 relative: 0
2026-05-25 19:29:34.526 I  WindowServer[619:112f] [com.apple.SkyLight:packages] 0[outside of RPC]: order window: a557 op: 1 relative: 0
2026-05-25 19:29:34.526 I  WindowServer[619:112f] [com.apple.SkyLight:packages] 0[outside of RPC]: order window: a558 op: 1 relative: 0
2026-05-25 19:29:34.526 I  WindowServer[619:112f] [com.apple.SkyLight:packages] 0[outside of RPC]: order window: 5d op: 1 relative: 0
2026-05-25 19:29:34.526 I  WindowServer[619:112f] [com.apple.SkyLight:packages] 0[outside of RPC]: order window: c82 op: 1 relative: 0
2026-05-25 19:29:34.526 I  WindowServer[619:112f] [com.apple.SkyLight:packages] 0[outside of RPC]: order window: a654 op: 1 relative: 0
2026-05-25 19:29:34.526 I  WindowServer[619:112f] [com.apple.SkyLight:packages] 0[outside of RPC]: order window: a6df op: 1 relative: 0
2026-05-25 19:29:34.526 I  WindowServer[619:112f] [com.apple.SkyLight:packages] 0[outside of RPC]: order window: b01c op: 1 relative: 0
2026-05-25 19:29:34.541 E  WindowServer[619:112f] [com.apple.SkyLight:default] _CGXPackagesSetWindowConstraints: Invalid window
2026-05-25 19:29:34.541 E  WindowServer[619:112f] [com.apple.SkyLight:default] _CGXPackagesSetWindowConstraints: Invalid window
2026-05-25 19:29:34.574 E  WindowServer[619:112f] [com.apple.SkyLight:default] _CGXPackagesSetWindowConstraints: Invalid window
2026-05-25 19:29:34.575 E  WindowServer[619:112f] [com.apple.SkyLight:default] _CGXPackagesSetWindowConstraints: Invalid window
2026-05-25 19:29:34.609 E  WindowServer[619:112f] [com.apple.SkyLight:default] _CGXPackagesSetWindowConstraints: Invalid window
2026-05-25 19:29:34.609 E  WindowServer[619:112f] [com.apple.SkyLight:default] _CGXPackagesSetWindowConstraints: Invalid window
2026-05-25 19:29:34.609 E  WindowServer[619:112f] [com.apple.SkyLight:default] _CGXPackagesSetWindowConstraints: Invalid window
2026-05-25 19:29:34.609 E  WindowServer[619:112f] [com.apple.SkyLight:default] _CGXPackagesSetWindowConstraints: Invalid window
2026-05-25 19:29:34.611 E  WindowServer[619:112f] [com.apple.SkyLight:default] _CGXPackagesSetWindowConstraints: Invalid window
2026-05-25 19:29:34.611 E  WindowServer[619:112f] [com.apple.SkyLight:default] _CGXPackagesSetWindowConstraints: Invalid window
2026-05-25 19:29:34.612 E  WindowServer[619:112f] [com.apple.SkyLight:default] _CGXPackagesSetWindowConstraints: Invalid window
2026-05-25 19:29:34.616 E  WindowServer[619:112f] [com.apple.SkyLight:default] _CGXPackagesSetWindowConstraints: Invalid window
2026-05-25 19:29:34.619 E  WindowServer[619:112f] [com.apple.SkyLight:default] _CGXPackagesSetWindowConstraints: Invalid window
2026-05-25 19:29:34.624 E  WindowServer[619:112f] [com.apple.SkyLight:default] _CGXPackagesSetWindowConstraints: Invalid window
2026-05-25 19:29:34.624 E  WindowServer[619:112f] [com.apple.SkyLight:default] _CGXPackagesSetWindowConstraints: Invalid window
2026-05-25 19:29:34.644 A  WindowServer[619:6900d9] (RunningBoardServices) observedProcessStatesDidChange
2026-05-25 19:29:34.644 Df WindowServer[619:6900d9] [com.apple.runningboard:monitor] Received state update for 1526 (app<Unknown(1526)(501)>, running-active-NotVisible
2026-05-25 19:29:34.768 I  WindowServer[619:112f] [com.apple.SkyLight:packages] 5f503[OrderWindowGroup]: order window: 28 op: 0 relative: 0
2026-05-25 19:29:34.843 A  WindowServer[619:690bf4] (RunningBoardServices) observedProcessStatesDidChange
2026-05-25 19:29:34.844 Df WindowServer[619:690bf4] [com.apple.runningboard:monitor] Received state update for 1526 (app<Unknown(1526)(501)>, running-active-NotVisible
2026-05-25 19:29:34.885 E  WindowServer[619:112f] [com.apple.SkyLight:default] _CGXPackagesSetWindowConstraints: Invalid window
2026-05-25 19:29:34.885 E  WindowServer[619:112f] [com.apple.SkyLight:default] _CGXPackagesSetWindowConstraints: Invalid window
2026-05-25 19:29:34.885 E  WindowServer[619:112f] [com.apple.SkyLight:default] _CGXPackagesSetWindowConstraints: Invalid window
2026-05-25 19:29:34.886 E  WindowServer[619:112f] [com.apple.SkyLight:default] _CGXPackagesSetWindowConstraints: Invalid window
2026-05-25 19:29:34.886 E  WindowServer[619:112f] [com.apple.SkyLight:default] _CGXPackagesSetWindowConstraints: Invalid window
2026-05-25 19:29:34.890 E  WindowServer[619:112f] [com.apple.SkyLight:default] _CGXPackagesSetWindowConstraints: Invalid window
2026-05-25 19:29:34.890 E  WindowServer[619:112f] [com.apple.SkyLight:default] _CGXPackagesSetWindowConstraints: Invalid window
2026-05-25 19:29:34.890 E  WindowServer[619:112f] [com.apple.SkyLight:default] _CGXPackagesSetWindowConstraints: Invalid window
2026-05-25 19:29:34.890 E  WindowServer[619:112f] [com.apple.SkyLight:default] _CGXPackagesSetWindowConstraints: Invalid window
2026-05-25 19:29:34.890 E  WindowServer[619:112f] [com.apple.SkyLight:default] _CGXPackagesSetWindowConstraints: Invalid window
2026-05-25 19:29:34.892 E  WindowServer[619:112f] [com.apple.SkyLight:default] _CGXPackagesSetWindowConstraints: Invalid window
2026-05-25 19:29:34.892 E  WindowServer[619:112f] [com.apple.SkyLight:default] _CGXPackagesSetWindowConstraints: Invalid window
2026-05-25 19:29:34.902 E  WindowServer[619:112f] [com.apple.SkyLight:default] _CGXPackagesSetWindowConstraints: Invalid window
2026-05-25 19:29:34.902 E  WindowServer[619:112f] [com.apple.SkyLight:default] _CGXPackagesSetWindowConstraints: Invalid window
2026-05-25 19:29:35.040 E  WindowServer[619:112f] [com.apple.SkyLight:default] _CGXPackagesSetWindowConstraints: Invalid window
2026-05-25 19:29:35.269 Df WindowServer[619:112f] [com.apple.xpc:connection] [0x703dfc780] activating connection: mach=true listener=false peer=false name=com.apple.storagekitd.dm
2026-05-25 19:29:35.293 Df WindowServer[619:112f] [com.apple.xpc:connection] [0x703dfc780] invalidated because the current process cancelled the connection by calling xpc_connection_cancel()
2026-05-25 19:29:35.444 I  WindowServer[619:112f] [com.apple.SkyLight:packages] a7a13[OrderWindowGroup]: order window: a7 op: 0 relative: 0
2026-05-25 19:29:35.444 I  WindowServer[619:112f] [com.apple.SkyLight:packages] a7a13[OrderWindowGroup]: order window: b1 op: 0 relative: 0
2026-05-25 19:29:35.444 I  WindowServer[619:112f] [com.apple.SkyLight:packages] a7a13[OrderWindowGroup]: order window: a3 op: 0 relative: 0
2026-05-25 19:29:35.444 I  WindowServer[619:112f] [com.apple.SkyLight:packages] a7a13[OrderWindowGroup]: order window: 80 op: 0 relative: 0
2026-05-25 19:29:35.444 I  WindowServer[619:112f] [com.apple.SkyLight:packages] a7a13[OrderWindowGroup]: order window: 82 op: 0 relative: 0
2026-05-25 19:29:35.444 I  WindowServer[619:112f] [com.apple.SkyLight:packages] a7a13[OrderWindowGroup]: order window: 85 op: 0 relative: 0
2026-05-25 19:29:35.444 I  WindowServer[619:112f] [com.apple.SkyLight:packages] a7a13[OrderWindowGroup]: order window: 87 op: 0 relative: 0
2026-05-25 19:29:35.444 I  WindowServer[619:112f] [com.apple.SkyLight:packages] a7a13[OrderWindowGroup]: order window: 89 op: 0 relative: 0
2026-05-25 19:29:35.444 I  WindowServer[619:112f] [com.apple.SkyLight:packages] a7a13[OrderWindowGroup]: order window: 8c op: 0 relative: 0
2026-05-25 19:29:35.444 I  WindowServer[619:112f] [com.apple.SkyLight:packages] a7a13[OrderWindowGroup]: order window: 90 op: 0 relative: 0
2026-05-25 19:29:35.444 I  WindowServer[619:112f] [com.apple.SkyLight:packages] a7a13[OrderWindowGroup]: order window: 92 op: 0 relative: 0
2026-05-25 19:29:35.444 I  WindowServer[619:112f] [com.apple.SkyLight:packages] a7a13[OrderWindowGroup]: order window: 96 op: 0 relative: 0
2026-05-25 19:29:35.444 I  WindowServer[619:112f] [com.apple.SkyLight:packages] a7a13[OrderWindowGroup]: order window: 98 op: 0 relative: 0
2026-05-25 19:29:35.444 I  WindowServer[619:112f] [com.apple.SkyLight:packages] a7a13[OrderWindowGroup]: order window: 9b op: 0 relative: 0
2026-05-25 19:29:35.444 I  WindowServer[619:112f] [com.apple.SkyLight:packages] a7a13[OrderWindowGroup]: order window: 9d op: 0 relative: 0
2026-05-25 19:29:35.444 I  WindowServer[619:112f] [com.apple.SkyLight:packages] a7a13[OrderWindowGroup]: order window: 9f op: 0 relative: 0
2026-05-25 19:29:35.444 I  WindowServer[619:112f] [com.apple.SkyLight:packages] a7a13[OrderWindowGroup]: order window: a1 op: 0 relative: 0
2026-05-25 19:29:35.444 I  WindowServer[619:112f] [com.apple.SkyLight:packages] a7a13[OrderWindowGroup]: order window: a5 op: 0 relative: 0
2026-05-25 19:29:35.444 I  WindowServer[619:112f] [com.apple.SkyLight:packages] a7a13[OrderWindowGroup]: order window: a9 op: 0 relative: 0
2026-05-25 19:29:35.444 I  WindowServer[619:112f] [com.apple.SkyLight:packages] a7a13[OrderWindowGroup]: order window: ab op: 0 relative: 0
2026-05-25 19:29:35.444 I  WindowServer[619:112f] [com.apple.SkyLight:packages] a7a13[OrderWindowGroup]: order window: ad op: 0 relative: 0
2026-05-25 19:29:35.444 I  WindowServer[619:112f] [com.apple.SkyLight:packages] a7a13[OrderWindowGroup]: order window: af op: 0 relative: 0
2026-05-25 19:29:35.444 I  WindowServer[619:112f] [com.apple.SkyLight:packages] a7a13[OrderWindowGroup]: order window: b3 op: 0 relative: 0
2026-05-25 19:29:35.444 I  WindowServer[619:112f] [com.apple.SkyLight:packages] a7a13[OrderWindowGroup]: order window: c8 op: 0 relative: 0
2026-05-25 19:29:35.467 Df WindowServer[619:112f] [com.apple.FuseBoard:SkyBridge] <private> adding window 45234 with state "none"; now 86 window(s) exist.
2026-05-25 19:29:35.467 Df WindowServer[619:112f] [com.apple.FuseBoard:SkyBridge] <private> updated window 45234 from "none" to "hidden".
2026-05-25 19:29:35.472 Df WindowServer[619:112f] [com.apple.FuseBoard:SkyBridge] <private> adding window 45235 with state "none"; now 87 window(s) exist.
2026-05-25 19:29:35.472 Df WindowServer[619:112f] [com.apple.FuseBoard:SkyBridge] <private> updated window 45235 from "none" to "hidden".
2026-05-25 19:29:35.473 Df WindowServer[619:112f] [com.apple.FuseBoard:SkyBridge] <private> adding window 45236 with state "none"; now 88 window(s) exist.
2026-05-25 19:29:35.473 Df WindowServer[619:112f] [com.apple.FuseBoard:SkyBridge] <private> updated window 45236 from "none" to "hidden".
2026-05-25 19:29:35.474 Df WindowServer[619:112f] [com.apple.FuseBoard:SkyBridge] <private> adding window 45237 with state "none"; now 89 window(s) exist.
2026-05-25 19:29:35.474 Df WindowServer[619:112f] [com.apple.FuseBoard:SkyBridge] <private> updated window 45237 from "none" to "hidden".
2026-05-25 19:29:35.491 I  WindowServer[619:112f] [com.apple.SkyLight:packages] a7a13[OrderWindow]: order window: af65 op: 0 relative: 0
2026-05-25 19:29:35.491 I  WindowServer[619:112f] [com.apple.SkyLight:packages] a7a13[OrderWindow]: order window: af64 op: 0 relative: 0
2026-05-25 19:29:35.491 I  WindowServer[619:112f] [com.apple.SkyLight:packages] a7a13[OrderWindow]: order window: af63 op: 0 relative: 0
2026-05-25 19:29:35.491 I  WindowServer[619:112f] [com.apple.SkyLight:packages] a7a13[OrderWindow]: order window: af62 op: 0 relative: 0
2026-05-25 19:29:35.491 Df WindowServer[619:112f] [com.apple.FuseBoard:SkyBridge] <private> removing window 44899; now 88 window(s) remain.
2026-05-25 19:29:35.493 Df WindowServer[619:112f] [com.apple.FuseBoard:SkyBridge] <private> removing window 44901; now 87 window(s) remain.
2026-05-25 19:29:35.494 Df WindowServer[619:112f] [com.apple.FuseBoard:SkyBridge] <private> removing window 44898; now 86 window(s) remain.
2026-05-25 19:29:35.495 Df WindowServer[619:112f] [com.apple.FuseBoard:SkyBridge] <private> removing window 44900; now 85 window(s) remain.
2026-05-25 19:29:35.525 Df WindowServer[619:6900d9] [com.apple.CoreRCPlugin:default] CoreRCDisplayPowerNotification in IOPM callback
2026-05-25 19:29:35.540 E  WindowServer[619:112f] [com.apple.SkyLight:default] _CGXPackagesSetWindowConstraints: Invalid window
2026-05-25 19:29:35.541 E  WindowServer[619:112f] [com.apple.SkyLight:default] _CGXPackagesSetWindowConstraints: Invalid window
2026-05-25 19:29:35.557 E  WindowServer[619:112f] [com.apple.SkyLight:default] _CGXPackagesSetWindowConstraints: Invalid window
2026-05-25 19:29:35.611 I  WindowServer[619:690bf4] [com.apple.iohid:default] [4294969682] powerNotificationCallback IOPMCapabilityBits:0x19
2026-05-25 19:29:35.620 A  WindowServer[619:6900d9] (RunningBoardServices) observedProcessStatesDidChange
2026-05-25 19:29:35.620 Df WindowServer[619:6900d9] [com.apple.runningboard:monitor] Received state update for 1695 (xpcservice<com.apple.WebKit.WebContent([app<application.com.apple.Safari.1110010.1110894(501)>:1412])(501)>{vt hash: 0}[uuid:F6E9D070-11FB-4B9F-A227-631755511F31]{definition:com.apple.WebKit.WebContent[standard][client]}:1695, running-suspended-NotVisible
2026-05-25 19:29:35.846 E  WindowServer[619:112f] [com.apple.SkyLight:default] _CGXPackagesSetWindowConstraints: Invalid window
2026-05-25 19:29:36.548 E  WindowServer[619:112f] [com.apple.SkyLight:default] _CGXPackagesSetWindowConstraints: Invalid window
2026-05-25 19:29:36.548 E  WindowServer[619:112f] [com.apple.SkyLight:default] _CGXPackagesSetWindowConstraints: Invalid window
2026-05-25 19:29:36.549 E  WindowServer[619:112f] [com.apple.SkyLight:default] _CGXPackagesSetWindowConstraints: Invalid window
2026-05-25 19:29:36.558 A  WindowServer[619:6900d9] (RunningBoardServices) observedProcessStatesDidChange
2026-05-25 19:29:36.558 Df WindowServer[619:6900d9] [com.apple.runningboard:monitor] Received state update for 1695 (xpcservice<com.apple.WebKit.WebContent([app<application.com.apple.Safari.1110010.1110894(501)>:1412])(501)>{vt hash: 0}[uuid:F6E9D070-11FB-4B9F-A227-631755511F31]{definition:com.apple.WebKit.WebContent[standard][client]}:1695, running-active-NotVisible
2026-05-25 19:29:37.212 I  WindowServer[619:112f] [com.apple.SkyLight:packages] 6be03[OrderWindow]: order window: af61 op: 0 relative: 0
2026-05-25 19:29:37.212 I  WindowServer[619:112f] [com.apple.SkyLight:packages] 6be03[OrderWindow]: order window: af60 op: 0 relative: 0
2026-05-25 19:29:37.212 I  WindowServer[619:112f] [com.apple.SkyLight:packages] 6be03[OrderWindow]: order window: af5f op: 0 relative: 0
2026-05-25 19:29:37.212 I  WindowServer[619:112f] [com.apple.SkyLight:packages] 6be03[OrderWindow]: order window: af5e op: 0 relative: 0
2026-05-25 19:29:37.539 E  WindowServer[619:112f] [com.apple.SkyLight:default] _CGXPackagesSetWindowConstraints: Invalid window
2026-05-25 19:29:37.539 E  WindowServer[619:112f] [com.apple.SkyLight:default] _CGXPackagesSetWindowConstraints: Invalid window
2026-05-25 19:29:37.546 E  WindowServer[619:112f] [com.apple.SkyLight:default] _CGXPackagesSetWindowConstraints: Invalid window
2026-05-25 19:29:38.536 E  WindowServer[619:112f] [com.apple.SkyLight:default] _CGXPackagesSetWindowConstraints: Invalid window
2026-05-25 19:29:38.536 E  WindowServer[619:112f] [com.apple.SkyLight:default] _CGXPackagesSetWindowConstraints: Invalid window
2026-05-25 19:29:38.548 E  WindowServer[619:112f] [com.apple.SkyLight:default] _CGXPackagesSetWindowConstraints: Invalid window
2026-05-25 19:29:38.857 A  WindowServer[619:6900d9] (RunningBoardServices) observedProcessStatesDidChange
2026-05-25 19:29:38.857 Df WindowServer[619:6900d9] [com.apple.runningboard:process] Hit the server for a process handle 1c8c53b400002fcc that resolved to: [xpcservice<com.apple.WebKit.WebContent([app<application.com.apple.Safari.1110010.1110894(501)>:1412])(501)>{vt hash: 0}[uuid:DAD0AF84-E9D6-42DB-89EF-062F86C9E2C9]{definition:com.apple.WebKit.WebContent[standard][client]}:12236:12236]
2026-05-25 19:29:38.857 Df WindowServer[619:6900d9] [com.apple.runningboard:monitor] Received state update for 12236 (xpcservice<com.apple.WebKit.WebContent([app<application.com.apple.Safari.1110010.1110894(501)>:1412])(501)>{vt hash: 0}[uuid:DAD0AF84-E9D6-42DB-89EF-062F86C9E2C9]{definition:com.apple.WebKit.WebContent[standard][client]}:12236, running-suspended-NotVisible
2026-05-25 19:29:38.858 A  WindowServer[619:690bf4] (RunningBoardServices) observedProcessStatesDidChange
2026-05-25 19:29:38.858 Df WindowServer[619:690bf4] [com.apple.runningboard:monitor] Received state update for 12236 (xpcservice<com.apple.WebKit.WebContent([app<application.com.apple.Safari.1110010.1110894(501)>:1412])(501)>{vt hash: 0}[uuid:DAD0AF84-E9D6-42DB-89EF-062F86C9E2C9]{definition:com.apple.WebKit.WebContent[standard][client]}:12236, running-active-NotVisible
2026-05-25 19:29:38.875 A  WindowServer[619:6900d9] (RunningBoardServices) observedProcessStatesDidChange
2026-05-25 19:29:38.875 Df WindowServer[619:6900d9] [com.apple.runningboard:monitor] Received state update for 1503 (app<application.com.apple.MobileSMS.1152921500311888381.1152921500311888451(501)>, running-active-NotVisible
2026-05-25 19:29:38.875 A  WindowServer[619:6900d9] (RunningBoardServices) observedProcessStatesDidChange
2026-05-25 19:29:38.875 Df WindowServer[619:6900d9] [com.apple.runningboard:monitor] Received state update for 17038 (xpcservice<com.apple.PaperKit.extension.ui([app<application.com.apple.Notes.1152921500311894402.1152921500311894407(501)>:1411])(501)>{vt hash: 215804005}{definition:com.apple.PaperKit.extension.ui[extension][client]}, running-active-NotVisible
2026-05-25 19:29:38.876 A  WindowServer[619:690bf4] (RunningBoardServices) observedProcessStatesDidChange
2026-05-25 19:29:38.876 Df WindowServer[619:690bf4] [com.apple.runningboard:monitor] Received state update for 19859 (app<application.com.apple.podcasts.1152921500311897422.1152921500311898026(501)>, running-active-NotVisible
2026-05-25 19:29:38.876 A  WindowServer[619:6900d9] (RunningBoardServices) observedProcessStatesDidChange
2026-05-25 19:29:38.876 Df WindowServer[619:6900d9] [com.apple.runningboard:monitor] Received state update for 1526 (app<Unknown(1526)(501)>, running-active-NotVisible
2026-05-25 19:29:38.959 A  WindowServer[619:690bf4] (RunningBoardServices) observedProcessStatesDidChange
2026-05-25 19:29:38.959 Df WindowServer[619:690bf4] [com.apple.runningboard:process] Hit the server for a process handle 76958d500002fcd that resolved to: [xpcservice<com.apple.WebKit.WebContent([app<application.com.apple.Safari.1110010.1110894(501)>:1412])(501)>{vt hash: 0}[uuid:947A61D9-7C21-4ACF-9304-B8AA98800060]{definition:com.apple.WebKit.WebContent[standard][client]}:12237:12237]
2026-05-25 19:29:38.959 Df WindowServer[619:690bf4] [com.apple.runningboard:monitor] Received state update for 12237 (xpcservice<com.apple.WebKit.WebContent([app<application.com.apple.Safari.1110010.1110894(501)>:1412])(501)>{vt hash: 0}[uuid:947A61D9-7C21-4ACF-9304-B8AA98800060]{definition:com.apple.WebKit.WebContent[standard][client]}:12237, running-suspended-NotVisible
2026-05-25 19:29:38.960 A  WindowServer[619:6900d9] (RunningBoardServices) observedProcessStatesDidChange
2026-05-25 19:29:38.960 Df WindowServer[619:6900d9] [com.apple.runningboard:monitor] Received state update for 12237 (xpcservice<com.apple.WebKit.WebContent([app<application.com.apple.Safari.1110010.1110894(501)>:1412])(501)>{vt hash: 0}[uuid:947A61D9-7C21-4ACF-9304-B8AA98800060]{definition:com.apple.WebKit.WebContent[standard][client]}:12237, running-active-NotVisible
2026-05-25 19:29:39.142 E  WindowServer[619:112f] [com.apple.SkyLight:default] PKGWindowMoveOnMatchingDisplayChangedSeed window ae84 owner a8b03 has not moved from (0.000000, 0.000000) after 5 seconds. It is likely misplaced.
2026-05-25 19:29:39.142 E  WindowServer[619:112f] [com.apple.SkyLight:default] PKGWindowMoveOnMatchingDisplayChangedSeed window b015 owner a8b03 has not moved from (0.000000, 0.000000) after 5 seconds. It is likely misplaced.
2026-05-25 19:29:39.142 E  WindowServer[619:112f] [com.apple.SkyLight:default] PKGWindowMoveOnMatchingDisplayChangedSeed window afa5 owner a8b03 has not moved from (0.000000, 0.000000) after 5 seconds. It is likely misplaced.
2026-05-25 19:29:39.143 E  WindowServer[619:112f] [com.apple.SkyLight:default] PKGWindowMoveOnMatchingDisplayChangedSeed window b07b owner a8b03 has not moved from (0.000000, 0.000000) after 5 seconds. It is likely misplaced.
2026-05-25 19:29:39.226 A  WindowServer[619:690b1d] (RunningBoardServices) observedProcessStatesDidChange
2026-05-25 19:29:39.226 Df WindowServer[619:690b1d] [com.apple.runningboard:monitor] Received state update for 70452 (xpcservice<com.apple.weather.widget([osservice<com.apple.chronod(501)>:1101])(501)>{vt hash: 80458965}[uuid:7BF1A0C9-B885-42B2-BDF2-2421254E35F6]{definition:com.apple.weather.widget[extension][client]}, running-active-NotVisible
2026-05-25 19:29:39.226 I  WindowServer[619:690b1d] [com.apple.SkyLight:packages] 0[outside of RPC]: resumed connection 1726e7
2026-05-25 19:29:39.333 A  WindowServer[619:690b1d] (RunningBoardServices) observedProcessStatesDidChange
2026-05-25 19:29:39.333 Df WindowServer[619:690b1d] [com.apple.runningboard:monitor] Received state update for 70452 (xpcservice<com.apple.weather.widget([osservice<com.apple.chronod(501)>:1101])(501)>{vt hash: 80458965}[uuid:7BF1A0C9-B885-42B2-BDF2-2421254E35F6]{definition:com.apple.weather.widget[extension][client]}, running-active-NotVisible
2026-05-25 19:29:39.480 A  WindowServer[619:690b1d] (RunningBoardServices) observedProcessStatesDidChange
2026-05-25 19:29:39.480 Df WindowServer[619:690b1d] [com.apple.runningboard:monitor] Received state update for 17038 (xpcservice<com.apple.PaperKit.extension.ui([app<application.com.apple.Notes.1152921500311894402.1152921500311894407(501)>:1411])(501)>{vt hash: 215804005}{definition:com.apple.PaperKit.extension.ui[extension][client]}, running-active-NotVisible
2026-05-25 19:29:39.480 A  WindowServer[619:690bf5] (RunningBoardServices) observedProcessStatesDidChange
2026-05-25 19:29:39.480 Df WindowServer[619:690bf5] [com.apple.runningboard:monitor] Received state update for 1503 (app<application.com.apple.MobileSMS.1152921500311888381.1152921500311888451(501)>, running-active-NotVisible
2026-05-25 19:29:39.480 Df WindowServer[619:690bf5] [com.apple.runningboard:monitor] Received state update for 19859 (app<application.com.apple.podcasts.1152921500311897422.1152921500311898026(501)>, running-active-NotVisible
2026-05-25 19:29:39.534 E  WindowServer[619:112f] [com.apple.SkyLight:default] _CGXPackagesSetWindowConstraints: Invalid window
2026-05-25 19:29:39.535 E  WindowServer[619:112f] [com.apple.SkyLight:default] _CGXPackagesSetWindowConstraints: Invalid window
2026-05-25 19:29:39.549 E  WindowServer[619:112f] [com.apple.SkyLight:default] _CGXPackagesSetWindowConstraints: Invalid window
2026-05-25 19:29:39.553 A  WindowServer[619:690b1d] (RunningBoardServices) observedProcessStatesDidChange
2026-05-25 19:29:39.553 Df WindowServer[619:690b1d] [com.apple.runningboard:monitor] Received state update for 70452 (xpcservice<com.apple.weather.widget([osservice<com.apple.chronod(501)>:1101])(501)>{vt hash: 80458965}[uuid:7BF1A0C9-B885-42B2-BDF2-2421254E35F6]{definition:com.apple.weather.widget[extension][client]}, running-active-NotVisible
2026-05-25 19:29:39.655 Df WindowServer[619:690b1d] [com.apple.universalcontrol:HID] 10000096a: dispatching activity notification to <<private>>
2026-05-25 19:29:39.655 I  WindowServer[619:690b1d] [com.apple.iohid:connection] 2B690965-E7B9-4ABC-AE80-1738B2DFACDC: HID activity: 0 -> 1 (service:0x10000096a event:11)
2026-05-25 19:29:39.655 I  WindowServer[619:690b1d] [com.apple.iohid:connection] 2B690965-E7B9-4ABC-AE80-1738B2DFACDC: iohideventsystem_client_dispatch_properties_changed:0x10004003
2026-05-25 19:29:39.658 A  WindowServer[619:690bf5] (RunningBoardServices) observedProcessStatesDidChange
2026-05-25 19:29:39.658 Df WindowServer[619:690bf5] [com.apple.runningboard:monitor] Received state update for 70452 (xpcservice<com.apple.weather.widget([osservice<com.apple.chronod(501)>:1101])(501)>{vt hash: 80458965}[uuid:7BF1A0C9-B885-42B2-BDF2-2421254E35F6]{definition:com.apple.weather.widget[extension][client]}, running-active-NotVisible
2026-05-25 19:29:39.666 Df WindowServer[619:690b1d] [com.apple.Multitouch:Plugin] [TP] Dispatching digitizer event with 2 children, _eventMask=0x63 _childEventMask=0x62 Cancel=0 Touching=1 inRange=1
2026-05-25 19:29:39.771 Df WindowServer[619:690841] [com.apple.Multitouch:Plugin] Actuation(id=2) was requested (deviceID 0x7000000000000A7)
2026-05-25 19:29:39.777 Df WindowServer[619:690841] [com.apple.Multitouch:Plugin] [HID] [MT] <private><private><private> [0x7000000000000A7] Button event(mask=1) was dispatched from HostAlgs-Button
2026-05-25 19:29:39.777 Df WindowServer[619:690841] [com.apple.Multitouch:Plugin] [TP] Dispatching digitizer event with 5 children,<private> _eventMask=0x44 _childEventMask=0x44 Cancel=0 Touching=1 inRange=1
2026-05-25 19:29:39.777 Df WindowServer[619:690bf5] [com.apple.CoreRCPlugin:default] CoreRCDisplayPowerNotification in IOPM callback
2026-05-25 19:29:39.777 Df WindowServer[619:690841] [com.apple.SkyLight:display] [ Display:Power      ] X-I: -1, P: 2:1, C: 0:0, T: 0.00:0, p: 23000000220, U: 544
2026-05-25 19:29:39.777 Df WindowServer[619:112f] [com.apple.SkyLight:display] [ Display:Power      ] S-I: ffffffff, P: 2:0, C: 0, T: 0.00, p: 23000000220, U: 544
2026-05-25 19:29:39.777 Df WindowServer[619:112f] [com.apple.SkyLight:display] [ Display:CBPolicy   ] Policy reset
2026-05-25 19:29:39.777 Df WindowServer[619:112f] [com.apple.SkyLight:display] [ Display:Power      ] Broadcast: Will Wake
2026-05-25 19:29:39.777 Df WindowServer[619:112f] [com.apple.coreanimation:DisplayState] Display 2 setEnabled:1
2026-05-25 19:29:39.777 Df WindowServer[619:112f] [com.apple.coreanimation:DisplayState] Server::set_display_state display_id=2 seed=0 current_state=off target_state=off new_target_state=on
2026-05-25 19:29:39.778 Df WindowServer[619:112f] [com.apple.coreanimation:DisplayState] IOMFBDisplay::update_power_state display_id=2 current_power_state=0 target_power_state=0 new_target_power_state=1 sync=0 raw_power_state=1 power_assertions=0
2026-05-25 19:29:39.779 Df WindowServer[619:112f] [com.apple.coreanimation:Indicators] SIL State Unknown -> Unknown
2026-05-25 19:29:39.779 Df WindowServer[619:112f] [com.apple.coreanimation:WindowServer] Display 2 set power state 1
2026-05-25 19:29:39.779 Df WindowServer[619:112f] (IOMobileFramebuffer)  kern_CopyProperty key : VirtualDisplayMode not found
2026-05-25 19:29:39.779 Df WindowServer[619:112f] [com.apple.coreanimation:WindowServer] Display 2 uuid cleared
2026-05-25 19:29:39.779 Df WindowServer[619:112f] [com.apple.coreanimation:WindowServer] Display 2 uuid set
2026-05-25 19:29:39.779 Df WindowServer[619:112f] (IOMobileFramebuffer)  kern_CopyProperty key : DisplayContainerID not found
2026-05-25 19:29:39.792 Df WindowServer[619:124d] [com.apple.coreanimation:WindowServer] Display 2 hot plug 1
2026-05-25 19:29:39.793 Df WindowServer[619:112f] [com.apple.coreanimation:WindowServer] Display 2 hotplug-state 1 updating digital modes: color 0x7005e4720; timing 0x7005e44b0
2026-05-25 19:29:39.793 Df WindowServer[619:112f] [com.apple.coreanimation:WindowServer] Display 2 41 timing modes, 8 color modes
2026-05-25 19:29:39.794 Df WindowServer[619:112f] [com.apple.coreanimation:WindowServer] Display 2 current mode (2048 x 1152) [32 77], preferred mode (2048 x 1152) [32 77]
2026-05-25 19:29:39.794 Df WindowServer[619:112f] (IOMobileFramebuffer) IOMobileFramebufferSetDigitalOutMode
2026-05-25 19:29:39.818 Df WindowServer[619:112f] [com.apple.coreanimation:WindowServer] set digital mode [77 32] 2048x1152 59hz YCbCr444_10bit
2026-05-25 19:29:39.818 Df WindowServer[619:112f] (IOMobileFramebuffer)  kern_CopyProperty key : IOMFBSupportsHeadOfLineSwaps not found
2026-05-25 19:29:39.818 Df WindowServer[619:112f] [com.apple.coreanimation:WindowServer] Display 1 posting brightness notification
2026-05-25 19:29:39.818 Df WindowServer[619:112f] [com.apple.coreanimation:WindowServer] Display 2 posting brightness notification
2026-05-25 19:29:39.818 Df WindowServer[619:112f] [com.apple.coreanimation:WindowServer] Display 2 EDR scaling applied in GP: 1
2026-05-25 19:29:39.818 Df WindowServer[619:112f] [com.apple.coreanimation:DisplayState] IOMFBDisplay::set_display_state display_id=2 current_state=off target_state=on
2026-05-25 19:29:39.818 Df WindowServer[619:112f] [com.apple.coreanimation:DisplayState] Server::set_display_state display_id=2 seed=0 current_state=off target_state=on result=queued
2026-05-25 19:29:39.818 Df WindowServer[619:112f] [com.apple.coreanimation:DisplayState] IOMFBDisplay::update_power_state display_id=2 current_power_state=0 target_power_state=1 new_target_power_state=1 sync=0 raw_power_state=1 power_assertions=0
2026-05-25 19:29:39.818 Df WindowServer[619:112f] [com.apple.coreanimation:DisplayState] IOMFBDisplay::complete_display_state_transition display_id=2, current_state=on
2026-05-25 19:29:39.820 I  WindowServer[619:112f] [com.apple.SkyLight:packages] 0[outside of RPC]: order window: b025 op: 0 relative: 0
2026-05-25 19:29:39.820 Df WindowServer[619:124d] (IOMobileFramebuffer)  kern_CopyProperty key : VirtualDisplayMode not found
2026-05-25 19:29:39.820 Df WindowServer[619:124d] [com.apple.coreanimation:WindowServer] Display 2 uuid cleared
2026-05-25 19:29:39.821 Df WindowServer[619:124d] [com.apple.coreanimation:WindowServer] Display 2 uuid set
2026-05-25 19:29:39.821 Df WindowServer[619:124d] (IOMobileFramebuffer)  kern_CopyProperty key : DisplayContainerID not found
2026-05-25 19:29:39.828 Df WindowServer[619:690bf5] [com.apple.CoreBrightness:default] BCAppleBacklightBrtControl: cleaning up monitor
2026-05-25 19:29:39.828 Df WindowServer[619:690bf5] [com.apple.CoreBrightness:default] BCAppleBacklightBrtControl: got back service 46595
2026-05-25 19:29:39.828 E  WindowServer[619:112f] [com.apple.SkyLight:default] to_wake: Failed to find display id: 2 in current set. Count: 1
2026-05-25 19:29:39.829 Df WindowServer[619:112f] [com.apple.SkyLight:packages] 0[outside of RPC]: user_is_idle_for_appearance_switch user is not idle (try again in 59.933425)
2026-05-25 19:29:39.829 Df WindowServer[619:112f] [com.apple.SkyLight:packages] 0[outside of RPC]: PKGReconcileAutomaticAppearanceTheme kicking idle timer
2026-05-25 19:29:39.830 I  WindowServer[619:112f] [com.apple.SkyLight:packages] 0[outside of RPC]: create space 3397 (managed? 0)
2026-05-25 19:29:39.832 Df WindowServer[619:124d] [com.apple.coreanimation:WindowServer] Display 2 hotplug-state 1 updating digital modes: color 0x70eace310; timing 0x70eacd620
2026-05-25 19:29:39.832 Df WindowServer[619:124d] [com.apple.coreanimation:WindowServer] Display 2 41 timing modes, 8 color modes
2026-05-25 19:29:39.833 Df WindowServer[619:124d] [com.apple.coreanimation:WindowServer] Display 2 current mode (2048 x 1152) [32 77], preferred mode (2048 x 1152) [32 77]
2026-05-25 19:29:39.835 Df WindowServer[619:124d] (IOMobileFramebuffer) IOMobileFramebufferSetDigitalOutMode
2026-05-25 19:29:39.835 Df WindowServer[619:124d] [com.apple.coreanimation:WindowServer] set digital mode [77 32] 2048x1152 59hz YCbCr444_10bit
2026-05-25 19:29:39.835 Df WindowServer[619:124d] (IOMobileFramebuffer)  kern_CopyProperty key : IOMFBSupportsHeadOfLineSwaps not found
2026-05-25 19:29:39.835 Df WindowServer[619:124d] [com.apple.coreanimation:WindowServer] Display 1 posting brightness notification
2026-05-25 19:29:39.835 Df WindowServer[619:124d] [com.apple.coreanimation:WindowServer] Display 2 posting brightness notification
2026-05-25 19:29:39.835 Df WindowServer[619:124d] [com.apple.coreanimation:WindowServer] Display 2 EDR scaling applied in GP: 1
2026-05-25 19:29:39.835 Df WindowServer[619:124d] [com.apple.SkyLight:display] [ Display:Hotplug    ] Inserting hotplug event for state "in", display id: 2
2026-05-25 19:29:39.838 Df WindowServer[619:6900d9] [com.apple.xpc:connection] [0x703dfc780] activating connection: mach=true listener=false peer=false name=com.apple.aquaappearancehelper
2026-05-25 19:29:39.839 Df WindowServer[619:112f] [com.apple.coreanimation:DisplayState] Display 102 setEnabled:0
2026-05-25 19:29:39.839 Df WindowServer[619:112f] [com.apple.coreanimation:DisplayState] Server::set_display_state display_id=102 seed=0 current_state=on target_state=on new_target_state=off
2026-05-25 19:29:39.839 Df WindowServer[619:112f] [com.apple.coreanimation:DisplayState] VirtualDisplay::set_display_state display_id=102 current_state=on target_state=off
2026-05-25 19:29:39.839 Df WindowServer[619:112f] [com.apple.coreanimation:DisplayState] Server::set_display_state display_id=102 seed=0 current_state=on target_state=off result=queued
2026-05-25 19:29:39.839 Df WindowServer[619:112f] [com.apple.coreanimation:DisplayState] VirtualDisplay::complete_display_state_transition display_id=102, current_state=off
2026-05-25 19:29:39.841 Df WindowServer[619:112f] [com.apple.SkyLight:display] [ Display:Config     ] Detected match in persistent store.
2026-05-25 19:29:39.841 Df WindowServer[619:112f] [com.apple.SkyLight:default] Found match = true, preGlowC = false
2026-05-25 19:29:39.841 Df WindowServer[619:112f] [com.apple.SkyLight:display] [ Display:Config     ] Desired config set is valid.
2026-05-25 19:29:39.842 Df WindowServer[619:112f] [com.apple.SkyLight:display] [ Display:Config     ] Applying configuration changes (<private>)
2026-05-25 19:29:39.842 Df WindowServer[619:112f] [com.apple.SkyLight:display] [ Display:Config     ]   display 0x2
2026-05-25 19:29:39.842 Df WindowServer[619:112f] [com.apple.SkyLight:display] [ Display:Config     ]     added
2026-05-25 19:29:39.842 Df WindowServer[619:112f] [com.apple.SkyLight:display] [ Display:Config     ]   display 0x66 removed
2026-05-25 19:29:39.844 Df WindowServer[619:690841] [com.apple.xpc:connection] [0x703dfd040] activating connection: mach=true listener=false peer=false name=com.apple.iokit.powerdxpc
2026-05-25 19:29:39.845 Df WindowServer[619:690841] [com.apple.xpc:connection] [0x703dfd040] invalidated after the last release of the connection object
2026-05-25 19:29:39.848 I  WindowServer[619:112f] [com.apple.SkyLight:packages] 0[outside of RPC]: destroy space 3397
2026-05-25 19:29:39.849 I  WindowServer[619:112f] [com.apple.SkyLight:packages] 0[outside of RPC]: create space 3398 (managed? 0)
2026-05-25 19:29:39.849 Df WindowServer[619:690bf5] [com.apple.BCBrtControl.AppleBacklight:default] driver params = {
    BrightnessMicroAmps =     {
        max = 58009;
        min = 200;
        value = 3834;
    };
    BrightnessMilliNits =     {
        max = 2129139;
        min = 8089;
        uncalMilliNits = 36195;
        value = 168112;
    };
    brightness =     {
        max = 65536;
        min = 0;
        value = 32768;
    };
    rawBrightness =     {
        max = 2047;
        min = 0;
        value = 1547;
    };
}
2026-05-25 19:29:39.849 I  WindowServer[619:6900d9] [com.apple.iohid:default] [4294969682] powerNotificationCallback IOPMCapabilityBits:0x1f
2026-05-25 19:29:39.849 Df WindowServer[619:6900d9] [com.apple.iohid:default] [4294969682] wake CapsLockState: 0
2026-05-25 19:29:39.849 Df WindowServer[619:690bf5] [com.apple.CoreBrightness.CBAPEndpoint:BuiltIn] <private>:-[CBAPEndpoint copyProperty:] called for key: backlight-calibration-parameters
2026-05-25 19:29:39.849 Df WindowServer[619:690841] [com.apple.CoreRCPlugin:default] CoreRCDisplayPowerNotification in IOPM callback
2026-05-25 19:29:39.851 Df WindowServer[619:690b5d] [com.apple.Multitouch:Plugin] [HID] [MT] <private><private><private> Momentum scroll dispatch rate set - requested value 59.908791 -> set value 60.000000
2026-05-25 19:29:39.853 Df WindowServer[619:690f6d] [com.apple.iohid:service] 0x1000007a3: set report interval:200000 client:A44E1B63-C961-42FD-9271-0178D89A3DA6
2026-05-25 19:29:39.854 Df WindowServer[619:690bf5] [com.apple.xpc:connection] [0x703dfcb40] invalidated after the last release of the connection object
2026-05-25 19:29:39.854 E  WindowServer[619:690bf5] [com.apple.defaults:User Defaults] All kCFPreferencesCurrentUser domains in this process will be volatile, because homeDirPath starts with /var/empty
2026-05-25 19:29:39.854 Df WindowServer[619:690bf5] [com.apple.xpc:connection] [0x703dfd040] activating connection: mach=true listener=false peer=false name=com.apple.cfprefsd.daemon
2026-05-25 19:29:39.855 I  WindowServer[619:690f6d] [com.apple.iohid:service] 0x1000007a3: Set report interval current:0 new:200000 result:1 events:{
    AmbientLightSensor = 1262741;
}
2026-05-25 19:29:39.860 Df WindowServer[619:690bf5] [com.apple.BCBrtControl.AppleBacklight:default] capabilities = {
    BLRCCTWarning = 3500;
    BatterySavingFeatures = 1;
    BuiltIn = 1;
    CBGammaContrastPreservation =     {
        "gcp-ambient-factor" = "0.6";
        "gcp-ambient-max" = 150000;
        "gcp-ambient-min" = "0.5";
        "gcp-as-b" = "1.25";
        "gcp-gamma-factor-high" = "0.6";
        "gcp-gamma-factor-low" = 1;
        "gcp-gamma-max" = "1.75";
        "gcp-gamma-min" = "0.25";
        "gcp-k-b" = "1.1504";
        "gcp-k-l" = "0.98";
        "gcp-nits-max" = 10000;
        "gcp-nits-min" = "0.1";
        "gcp-ramp-down-duration" = 5;
        "gcp-ramp-down-lux-threshold" = "0.5";
        "gcp-ramp-up-duration" = 2;
        "gcp-ramp-up-lux-threshold" = "0.5";
        "gcp-ramp-update-rate" = 60;
        "gcp-reference-ambient-lux" = 16;
        "gcp-reference-white-nits" = 203;
        "supports-gcp" = 0;
    };
    DCP = 1;
    EDRPotentialHeadroom = 2;
    EDRReferenceHeadroom = 0;
    HarmonyShiftA = 4294672384;
    HarmonyShiftB = 137626;
    LmaxProduct = 525;
    MaxNits = "5
2026-05-25 19:29:39.860 Df WindowServer[619:690bf5] (IOMobileFramebuffer)  kern_CopyProperty key : DisplayContainerID not found
2026-05-25 19:29:39.871 Df WindowServer[619:112f] [com.apple.SkyLight:display] [ Display:HDR ] Not populating capabilities for builtin display 1 set to sdr mode and brightness slider support is enabled.
2026-05-25 19:29:39.871 Df WindowServer[619:112f] [com.apple.SkyLight:display] [ Display:HDR ] Not populating capabilities for builtin display 1 set to sdr mode and brightness slider support is enabled.
2026-05-25 19:29:39.871 Df WindowServer[619:112f] [com.apple.SkyLight:display] [ Display:Hotplug    ] Deferring hotplug processing; display reconfig in progress
2026-05-25 19:29:39.901 Df WindowServer[619:112f] [com.apple.SkyLight:display] [ Display:Hotplug    ] Deferring hotplug processing; display reconfig in progress
2026-05-25 19:29:39.903 Df WindowServer[619:112f] [com.apple.FuseBoard:SkyBridge] <private> adding window 45241 with state "none"; now 8 window(s) exist.
2026-05-25 19:29:39.903 Df WindowServer[619:112f] [com.apple.FuseBoard:SkyBridge] <private> updated window 45241 from "none" to "hidden".
2026-05-25 19:29:39.908 Df WindowServer[619:112f] [com.apple.FuseBoard:SkyBridge] <private> adding window 45242 with state "none"; now 9 window(s) exist.
2026-05-25 19:29:39.908 Df WindowServer[619:112f] [com.apple.FuseBoard:SkyBridge] <private> updated window 45242 from "none" to "hidden".
2026-05-25 19:29:39.910 Df WindowServer[619:112f] [com.apple.FuseBoard:SkyBridge] <private> adding window 45243 with state "none"; now 10 window(s) exist.
2026-05-25 19:29:39.910 Df WindowServer[619:112f] [com.apple.FuseBoard:SkyBridge] <private> updated window 45243 from "none" to "hidden".
2026-05-25 19:29:39.912 Df WindowServer[619:112f] [com.apple.FuseBoard:SkyBridge] <private> adding window 45244 with state "none"; now 11 window(s) exist.
2026-05-25 19:29:39.912 Df WindowServer[619:112f] [com.apple.FuseBoard:SkyBridge] <private> updated window 45244 from "none" to "hidden".
2026-05-25 19:29:39.924 I  WindowServer[619:112f] [com.apple.SkyLight:packages] 88903[OrderWindowGroup]: order window: 53 op: 1 relative: 0
2026-05-25 19:29:39.925 I  WindowServer[619:112f] [com.apple.SkyLight:packages] 88903[OrderWindowGroup]: order window: 53 op: 1 relative: 0
2026-05-25 19:29:39.927 I  WindowServer[619:112f] [com.apple.SkyLight:packages] 88903[OrderWindowGroup]: order window: 53 op: 1 relative: 0
2026-05-25 19:29:39.927 I  WindowServer[619:112f] [com.apple.SkyLight:packages] 88903[OrderWindowGroup]: order window: 53 op: 1 relative: 0
2026-05-25 19:29:39.931 Df WindowServer[619:112f] [com.apple.SkyLight:display] [ Display:Hotplug    ] Deferring hotplug processing; display reconfig in progress
2026-05-25 19:29:39.941 I  WindowServer[619:112f] [com.apple.SkyLight:packages] 4020f[OrderWindowGroupFrontConditionally]: order window: b0ab op: 1 relative: 0
2026-05-25 19:29:39.957 Df WindowServer[619:690bf5] [com.apple.Multitouch:Plugin] Actuation(id=1) was requested (deviceID 0x7000000000000A7)
2026-05-25 19:29:39.962 Df WindowServer[619:112f] [com.apple.SkyLight:display] [ Display:Hotplug    ] Deferring hotplug processing; display reconfig in progress
2026-05-25 19:29:39.963 Df WindowServer[619:690bf5] [com.apple.Multitouch:Plugin] [HID] [MT] <private><private><private> [0x7000000000000A7] Button event(mask=0) was dispatched from HostAlgs-Button
2026-05-25 19:29:39.963 Df WindowServer[619:690bf5] [com.apple.Multitouch:Plugin] [TP] Dispatching digitizer event with 5 children,<private> _eventMask=0x44 _childEventMask=0x44 Cancel=0 Touching=1 inRange=1
2026-05-25 19:29:39.965 Df WindowServer[619:112f] [com.apple.SkyLight:packages] 0[outside of RPC]: complete_appearance_transition_on_session on session 101
2026-05-25 19:29:39.965 Df WindowServer[619:690f6d] [com.apple.xpc:connection] [0x703dfc780] invalidated after the last release of the connection object
2026-05-25 19:29:39.965 I  WindowServer[619:112f] [com.apple.SkyLight:packages] 0[outside of RPC]: destroy space 3398
2026-05-25 19:29:39.981 Df WindowServer[619:690bf5] [com.apple.Multitouch:Plugin] [TP] Dispatching digitizer event with 2 children, _eventMask=0x42 _childEventMask=0x42 Cancel=0 Touching=0 inRange=1
2026-05-25 19:29:39.992 Df WindowServer[619:112f] [com.apple.SkyLight:display] [ Display:Hotplug    ] Deferring hotplug processing; display reconfig in progress
2026-05-25 19:29:39.993 Df WindowServer[619:112f] [com.apple.FuseBoard:SkyBridge] <private> adding window 45245 with state "none"; now 9 window(s) exist.
2026-05-25 19:29:39.993 Df WindowServer[619:112f] [com.apple.FuseBoard:SkyBridge] <private> updated window 45245 from "none" to "hidden".
2026-05-25 19:29:40.006 Df WindowServer[619:112f] [com.apple.FuseBoard:SkyBridge] <private> adding window 45246 with state "none"; now 10 window(s) exist.
2026-05-25 19:29:40.006 Df WindowServer[619:112f] [com.apple.FuseBoard:SkyBridge] <private> updated window 45246 from "none" to "hidden".
2026-05-25 19:29:40.009 Df WindowServer[619:112f] [com.apple.FuseBoard:SkyBridge] <private> adding window 45247 with state "none"; now 11 window(s) exist.
2026-05-25 19:29:40.009 Df WindowServer[619:112f] [com.apple.FuseBoard:SkyBridge] <private> updated window 45247 from "none" to "hidden".
2026-05-25 19:29:40.010 I  WindowServer[619:112f] [com.apple.SkyLight:packages] 1c9a0f[OrderWindow]: order window: b080 op: 0 relative: 0
2026-05-25 19:29:40.010 I  WindowServer[619:112f] [com.apple.SkyLight:packages] 1c9a0f[OrderWindow]: order window: b07f op: 0 relative: 0
2026-05-25 19:29:40.010 I  WindowServer[619:112f] [com.apple.SkyLight:packages] 1c9a0f[OrderWindow]: order window: b07e op: 0 relative: 0
2026-05-25 19:29:40.010 I  WindowServer[619:112f] [com.apple.SkyLight:packages] 1c9a0f[OrderWindow]: order window: b07d op: 0 relative: 0
2026-05-25 19:29:40.010 Df WindowServer[619:112f] [com.apple.FuseBoard:SkyBridge] <private> removing window 45181; now 10 window(s) remain.
2026-05-25 19:29:40.019 Df WindowServer[619:112f] [com.apple.FuseBoard:SkyBridge] <private> removing window 45184; now 9 window(s) remain.
2026-05-25 19:29:40.026 Df WindowServer[619:112f] [com.apple.SkyLight:display] [ Display:Hotplug    ] Deferring hotplug processing; display reconfig in progress
2026-05-25 19:29:40.026 Df WindowServer[619:112f] [com.apple.FuseBoard:SkyBridge] <private> removing window 45182; now 8 window(s) remain.
2026-05-25 19:29:40.028 Df WindowServer[619:112f] [com.apple.FuseBoard:SkyBridge] <private> removing window 45183; now 7 window(s) remain.
2026-05-25 19:29:40.029 Df WindowServer[619:112f] [com.apple.FuseBoard:SkyBridge] <private> adding window 45248 with state "none"; now 12 window(s) exist.
2026-05-25 19:29:40.029 Df WindowServer[619:112f] [com.apple.FuseBoard:SkyBridge] <private> updated window 45248 from "none" to "hidden".
2026-05-25 19:29:40.037 Df WindowServer[619:112f] [com.apple.FuseBoard:SkyBridge] <private> adding window 45249 with state "none"; now 9 window(s) exist.
2026-05-25 19:29:40.037 Df WindowServer[619:112f] [com.apple.FuseBoard:SkyBridge] <private> updated window 45249 from "none" to "hidden".
2026-05-25 19:29:40.062 Df WindowServer[619:112f] [com.apple.SkyLight:display] [ Display:Hotplug    ] Deferring hotplug processing; display reconfig in progress
2026-05-25 19:29:40.062 Df WindowServer[619:112f] [com.apple.FuseBoard:SkyBridge] <private> adding window 45250 with state "none"; now 10 window(s) exist.
2026-05-25 19:29:40.062 Df WindowServer[619:112f] [com.apple.FuseBoard:SkyBridge] <private> updated window 45250 from "none" to "hidden".
2026-05-25 19:29:40.063 Df WindowServer[619:112f] [com.apple.FuseBoard:SkyBridge] <private> adding window 45251 with state "none"; now 9 window(s) exist.
2026-05-25 19:29:40.063 Df WindowServer[619:112f] [com.apple.FuseBoard:SkyBridge] <private> updated window 45251 from "none" to "hidden".
2026-05-25 19:29:40.067 Df WindowServer[619:112f] [com.apple.FuseBoard:SkyBridge] <private> adding window 45252 with state "none"; now 10 window(s) exist.
2026-05-25 19:29:40.067 Df WindowServer[619:112f] [com.apple.FuseBoard:SkyBridge] <private> updated window 45252 from "none" to "hidden".
2026-05-25 19:29:40.067 Df WindowServer[619:112f] [com.apple.FuseBoard:SkyBridge] <private> adding window 45253 with state "none"; now 11 window(s) exist.
2026-05-25 19:29:40.067 Df WindowServer[619:112f] [com.apple.FuseBoard:SkyBridge] <private> updated window 45253 from "none" to "hidden".
2026-05-25 19:29:40.071 Df WindowServer[619:112f] [com.apple.FuseBoard:SkyBridge] <private> adding window 45254 with state "none"; now 12 window(s) exist.
2026-05-25 19:29:40.071 Df WindowServer[619:112f] [com.apple.FuseBoard:SkyBridge] <private> updated window 45254 from "none" to "hidden".
2026-05-25 19:29:40.071 Df WindowServer[619:112f] [com.apple.FuseBoard:SkyBridge] <private> adding window 45256 with state "none"; now 11 window(s) exist.
2026-05-25 19:29:40.071 Df WindowServer[619:112f] [com.apple.FuseBoard:SkyBridge] <private> updated window 45256 from "none" to "hidden".
2026-05-25 19:29:40.074 Df WindowServer[619:112f] [com.apple.FuseBoard:SkyBridge] <private> adding window 45257 with state "none"; now 12 window(s) exist.
2026-05-25 19:29:40.074 Df WindowServer[619:112f] [com.apple.FuseBoard:SkyBridge] <private> updated window 45257 from "none" to "hidden".
2026-05-25 19:29:40.094 Df WindowServer[619:112f] [com.apple.SkyLight:display] [ Display:Hotplug    ] Deferring hotplug processing; display reconfig in progress
2026-05-25 19:29:40.122 Df WindowServer[619:112f] [com.apple.FuseBoard:SkyBridge] <private> adding window 45273 with state "none"; now 11 window(s) exist.
2026-05-25 19:29:40.122 Df WindowServer[619:112f] [com.apple.FuseBoard:SkyBridge] <private> updated window 45273 from "none" to "hidden".
2026-05-25 19:29:40.125 Df WindowServer[619:112f] [com.apple.SkyLight:display] [ Display:Hotplug    ] Deferring hotplug processing; display reconfig in progress
2026-05-25 19:29:40.125 I  WindowServer[619:112f] [com.apple.SkyLight:packages] 6e3333[OrderWindow]: order window: b09f op: 0 relative: 0
2026-05-25 19:29:40.125 I  WindowServer[619:112f] [com.apple.SkyLight:packages] 6e3333[OrderWindow]: order window: b097 op: 0 relative: 0
2026-05-25 19:29:40.125 I  WindowServer[619:112f] [com.apple.SkyLight:packages] 6e3333[OrderWindow]: order window: b08c op: 0 relative: 0
2026-05-25 19:29:40.125 I  WindowServer[619:112f] [com.apple.SkyLight:packages] 6e3333[OrderWindow]: order window: b089 op: 0 relative: 0
2026-05-25 19:29:40.126 Df WindowServer[619:112f] [com.apple.FuseBoard:SkyBridge] <private> removing window 45196; now 11 window(s) remain.
2026-05-25 19:29:40.128 Df WindowServer[619:112f] [com.apple.SkyLight:default] Timed out 0.250 second wait for reply from "<private>" for synchronous notification type 115 (kCGSDisplayDidReconfigure2) (CID 0x7882db, PID 12052)
2026-05-25 19:29:40.128 Df WindowServer[619:112f] [com.apple.SkyLight:default] Timed out 0.250 second wait for reply from "<private>" for synchronous notification type 115 (kCGSDisplayDidReconfigure2) (CID 0x7a7c3f, PID 11983)
2026-05-25 19:29:40.128 Df WindowServer[619:112f] [com.apple.SkyLight:default] Timed out 0.250 second wait for reply from "<private>" for synchronous notification type 115 (kCGSDisplayDidReconfigure2) (CID 0x495a87, PID 8864)
2026-05-25 19:29:40.128 Df WindowServer[619:112f] [com.apple.SkyLight:default] Timed out 0.250 second wait for reply from "<private>" for synchronous notification type 115 (kCGSDisplayDidReconfigure2) (CID 0x82c553, PID 8660)
2026-05-25 19:29:40.128 Df WindowServer[619:112f] [com.apple.SkyLight:default] Timed out 0.250 second wait for reply from "<private>" for synchronous notification type 115 (kCGSDisplayDidReconfigure2) (CID 0x2431db, PID 8124)
2026-05-25 19:29:40.128 Df WindowServer[619:112f] [com.apple.SkyLight:default] Timed out 0.250 second wait for reply from "<private>" for synchronous notification type 115 (kCGSDisplayDidReconfigure2) (CID 0x7f4c3b, PID 4316)
2026-05-25 19:29:40.128 Df WindowServer[619:112f] [com.apple.SkyLight:default] Timed out 0.250 second wait for reply from "<private>" for synchronous notification type 115 (kCGSDisplayDidReconfigure2) (CID 0x75f6cb, PID 4312)
2026-05-25 19:29:40.128 Df WindowServer[619:112f] [com.apple.SkyLight:default] Timed out 0.250 second wait for reply from "<private>" for synchronous notification type 115 (kCGSDisplayDidReconfigure2) (CID 0x6e6d1f, PID 76451)
2026-05-25 19:29:40.128 Df WindowServer[619:112f] [com.apple.SkyLight:default] Timed out 0.250 second wait for reply from "<private>" for synchronous notification type 115 (kCGSDisplayDidReconfigure2) (CID 0x6eb5d3, PID 74857)
2026-05-25 19:29:40.128 Df WindowServer[619:112f] [com.apple.SkyLight:default] Timed out 0.250 second wait for reply from "<private>" for synchronous notification type 115 (kCGSDisplayDidReconfigure2) (CID 0x2d091f, PID 96735)
2026-05-25 19:29:40.128 Df WindowServer[619:112f] [com.apple.SkyLight:default] Timed out 0.250 second wait for reply from "<private>" for synchronous notification type 115 (kCGSDisplayDidReconfigure2) (CID 0x48c523, PID 51157)
2026-05-25 19:29:40.128 Df WindowServer[619:112f] [com.apple.SkyLight:default] Timed out 0.250 second wait for reply from "<private>" for synchronous notification type 115 (kCGSDisplayDidReconfigure2) (CID 0x8c57f, PID 82022)
2026-05-25 19:29:40.128 Df WindowServer[619:112f] [com.apple.SkyLight:default] Timed out 0.250 second wait for reply from "<private>" for synchronous notification type 115 (kCGSDisplayDidReconfigure2) (CID 0x11bc23, PID 26983)
2026-05-25 19:29:40.128 Df WindowServer[619:112f] [com.apple.SkyLight:default] Timed out 0.250 second wait for reply from "<private>" for synchronous notification type 115 (kCGSDisplayDidReconfigure2) (CID 0x3ab103, PID 19859)
2026-05-25 19:29:40.128 Df WindowServer[619:112f] [com.apple.SkyLight:default] Timed out 0.250 second wait for reply from "<private>" for synchronous notification type 115 (kCGSDisplayDidReconfigure2) (CID 0x2bfd03, PID 19732)
2026-05-25 19:29:40.128 Df WindowServer[619:112f] [com.apple.SkyLight:default] Timed out 0.250 second wait for reply from "<private>" for synchronous notification type 115 (kCGSDisplayDidReconfigure2) (CID 0x19b81b, PID 7479)
2026-05-25 19:29:40.128 Df WindowServer[619:112f] [com.apple.SkyLight:default] Timed out 0.250 second wait for reply from "<private>" for synchronous notification type 115 (kCGSDisplayDidReconfigure2) (CID 0x115317, PID 1520)
2026-05-25 19:29:40.128 Df WindowServer[619:112f] [com.apple.SkyLight:default] Timed out 0.250 second wait for reply from "<private>" for synchronous notification type 115 (kCGSDisplayDidReconfigure2) (CID 0x50207, PID 1358)
2026-05-25 19:29:40.128 Df WindowServer[619:112f] [com.apple.SkyLight:default] Timed out 0.250 second wait for reply from "<private>" for synchronous notification type 115 (kCGSDisplayDidReconfigure2) (CID 0xa7a13, PID 1412)
2026-05-25 19:29:40.128 Df WindowServer[619:112f] [com.apple.SkyLight:default] Timed out 0.250 second wait for reply from "<private>" for synchronous notification type 115 (kCGSDisplayDidReconfigure2) (CID 0x69d5b, PID 1526)
2026-05-25 19:29:40.128 Df WindowServer[619:112f] [com.apple.SkyLight:default] Timed out 0.250 second wait for reply from "<private>" for synchronous notification type 115 (kCGSDisplayDidReconfigure2) (CID 0x6a7cb, PID 1510)
2026-05-25 19:29:40.128 Df WindowServer[619:112f] [com.apple.SkyLight:default] Timed out 0.250 second wait for reply from "<private>" for synchronous notification type 115 (kCGSDisplayDidReconfigure2) (CID 0x6be03, PID 1506)
2026-05-25 19:29:40.128 Df WindowServer[619:112f] [com.apple.SkyLight:default] Timed out 0.250 second wait for reply from "<private>" for synchronous notification type 115 (kCGSDisplayDidReconfigure2) (CID 0x7c303, PID 1245)
2026-05-25 19:29:40.128 Df WindowServer[619:112f] [com.apple.SkyLight:default] Timed out 0.250 second wait for reply from "<private>" for synchronous notification type 115 (kCGSDisplayDidReconfigure2) (CID 0x56003, PID 1128)
2026-05-25 19:29:40.128 Df WindowServer[619:112f] [com.apple.SkyLight:default] Timed out 0.250 second wait for reply from "<private>" for synchronous notification type 115 (kCGSDisplayDidReconfigure2) (CID 0x4cbb3, PID 1101)
2026-05-25 19:29:40.128 Df WindowServer[619:112f] [com.apple.SkyLight:default] Timed out 0.250 second wait for reply from "<private>" for synchronous notification type 115 (kCGSDisplayDidReconfigure2) (CID 0x49603, PID 956)
2026-05-25 19:29:40.130 E  WindowServer[619:112f] [com.apple.SkyLight:default] Clearing datagram buffer for cid 0x4b29f. Client state: Data count: 16452 connectionIsUnresponsive: 0 clientMayIgnoreEvents: 1 clientIsSuspended: 1
2026-05-25 19:29:40.131 Df WindowServer[619:112f] [com.apple.SkyLight:display] [ Display:Config     ] Detected match in persistent store.
2026-05-25 19:29:40.131 Df WindowServer[619:112f] [com.apple.SkyLight:default] process_presentation_displays: no_config = false, default_config = true, default_policy = 0
2026-05-25 19:29:40.182 Df WindowServer[619:112f] [com.apple.SkyLight:display] [ Display:Persist    ] Saving configuration: session, permanent store.
2026-05-25 19:29:40.182 Df WindowServer[619:112f] [com.apple.xpc:connection] [0x703dfd040] invalidated after the last release of the connection object
2026-05-25 19:29:40.183 Df WindowServer[619:112f] [com.apple.xpc:connection] [0x703dfc780] activating connection: mach=true listener=false peer=false name=com.apple.cfprefsd.daemon
2026-05-25 19:29:40.183 Df WindowServer[619:112f] [com.apple.SkyLight:display] [ Display:Power      ]   Work (D/C/W/S/P/R): 0/0/1/0/0/2
2026-05-25 19:29:40.183 E  WindowServer[619:112f] [com.apple.SkyLight:default] Invalid notification transition from "PowerStateNotificationTypeNone".  Expected: "PowerStateNotificationTypeNone" but received: "PowerStateNotificationTypeDidWake"
2026-05-25 19:29:40.183 Df WindowServer[619:112f] [com.apple.SkyLight:display] [ Display:Power      ] Broadcast: Did Wake
2026-05-25 19:29:40.183 Df WindowServer[619:112f] [com.apple.SkyLight:display] [ Display:Power      ] CH-S: 2, U: 544
2026-05-25 19:29:40.183 I  WindowServer[619:690b1d] [com.apple.iohid:default] displayNotificationCallback : displayState change 0x0 -> 0x2
2026-05-25 19:29:40.183 Df WindowServer[619:112f] [com.apple.SkyLight:display] [ Display:Hotplug    ] Processing hotplug "in" for display id: 2 (CA)
2026-05-25 19:29:40.184 Df WindowServer[619:112f] [com.apple.coreanimation:DisplayState] Display 2 setEnabled:1
2026-05-25 19:29:40.184 Df WindowServer[619:112f] [com.apple.coreanimation:DisplayState] Server::set_display_state display_id=2 seed=0 current_state=on target_state=on new_target_state=on
2026-05-25 19:29:40.184 Df WindowServer[619:112f] [com.apple.coreanimation:DisplayState] IOMFBDisplay::update_power_state display_id=2 current_power_state=0 target_power_state=1 new_target_power_state=1 sync=0 raw_power_state=1 power_assertions=0
2026-05-25 19:29:40.184 Df WindowServer[619:112f] [com.apple.coreanimation:DisplayState] IOMFBDisplay::update_power_state display_id=2 current_power_state=0 target_power_state=1 new_target_power_state=1 sync=0 raw_power_state=1 power_assertions=0
2026-05-25 19:29:40.184 Df WindowServer[619:112f] [com.apple.coreanimation:DisplayState] Server::set_display_state display_id=2 seed=0 current_state=on target_state=on result=completed
2026-05-25 19:29:40.184 Df WindowServer[619:112f] (IOMobileFramebuffer) iomfb_populate_all_display_infos: All Display Instances enumerated successfully - FB Count = 2
2026-05-25 19:29:40.184 Df WindowServer[619:112f] [com.apple.xpc:connection] [0x703dfc780] invalidated after the last release of the connection object
2026-05-25 19:29:40.184 E  WindowServer[619:112f] [com.apple.defaults:User Defaults] All kCFPreferencesCurrentUser domains in this process will be volatile, because homeDirPath starts with /var/empty
2026-05-25 19:29:40.184 Df WindowServer[619:112f] [com.apple.xpc:connection] [0x703dfc8c0] activating connection: mach=true listener=false peer=false name=com.apple.cfprefsd.daemon
2026-05-25 19:29:40.184 Df WindowServer[619:112f] (IOMobileFramebuffer)  IOMobileFramebufferOpen:  success, return 0
2026-05-25 19:29:40.184 Df WindowServer[619:112f] (IOMobileFramebuffer)  kern_CopyProperty key : hdcp-hoover-protocol not found
2026-05-25 19:29:40.184 Df WindowServer[619:112f] (IOMobileFramebuffer)  IOMobileFramebufferOpenByName: Framebuffer found=1 return 0 Name = external-0
2026-05-25 19:29:40.185 Df WindowServer[619:112f] [com.apple.SkyLight:display] [ Display:Config     ] Name: Valid, Attributes: Valid
2026-05-25 19:29:40.185 Df WindowServer[619:112f] [com.apple.SkyLight:display] [ Display:Persist    ] v: 0x000010ac m: 0x0000d01d s: 0x304d5353 y: 0x000007d8 w: 0x0000002b asn: <private> p: 0xdeadbeef
2026-05-25 19:29:40.185 Df WindowServer[619:112f] [com.apple.SkyLight:display] [ Display:Presets:Shim ] <private>
2026-05-25 19:29:40.185 Df WindowServer[619:112f] [com.apple.ProDisplayLibrary:ProDisplay] <private>
2026-05-25 19:29:40.185 Df WindowServer[619:112f] [com.apple.SkyLight:display] [ Display:Presets:Shim ] <private>
2026-05-25 19:29:40.189 Df WindowServer[619:112f] [com.apple.SkyLight:display] [ Display:Mode       ] Generating modes for display 0x2 (external-0, DELL SP2309W)
2026-05-25 19:29:40.189 Df WindowServer[619:112f] [com.apple.SkyLight:display] [ Display:Mode       ]   current mode:   <CADisplayMode 2048 x 1152 fmt:YCbCr444_10bit range:limited>
2026-05-25 19:29:40.189 Df WindowServer[619:112f] [com.apple.SkyLight:display] [ Display:Mode       ]   preferred mode: <CADisplayMode 2048 x 1152 fmt:YCbCr444_10bit range:limited>
2026-05-25 19:29:40.189 Df WindowServer[619:112f] [com.apple.SkyLight:display] [ Display:Mode       ]   physical size:  20.079" x 11.417"
2026-05-25 19:29:40.189 Df WindowServer[619:112f] [com.apple.SkyLight:display] [ Display:Mode       ]   canvas size:    2048 x 1152
2026-05-25 19:29:40.189 Df WindowServer[619:112f] [com.apple.SkyLight:display] [ Display:Mode       ]   frame size:     2048 x 1152
2026-05-25 19:29:40.189 Df WindowServer[619:112f] [com.apple.SkyLight:display] [ Display:Mode       ]   native size:    2048 x 1152
2026-05-25 19:29:40.189 Df WindowServer[619:112f] [com.apple.SkyLight:display] [ Display:Mode       ]   min/max width:  32, 6144
2026-05-25 19:29:40.189 Df WindowServer[619:112f] [com.apple.SkyLight:display] [ Display:Mode       ]   max area:       28311552
2026-05-25 19:29:40.189 Df WindowServer[619:112f] [com.apple.SkyLight:display] [ Display:Mode       ]   min, max scale: 0.500, 4.000
2026-05-25 19:29:40.189 Df WindowServer[619:112f] [com.apple.SkyLight:display] [ Display:Mode       ]   pixel format:   &b38
2026-05-25 19:29:40.189 Df WindowServer[619:112f] [com.apple.SkyLight:display] [ Display:Mode       ]   aspect ratio:   16:9:0.5625
2026-05-25 19:29:40.189 Df WindowServer[619:112f] [com.apple.SkyLight:display] [ Display:Mode       ]   orientation:    0, portrait
2026-05-25 19:29:40.189 Df WindowServer[619:112f] [com.apple.SkyLight:display] [ Display:Mode       ] resolved mode list for DELL SP2309W display:
2026-05-25 19:29:40.189 Df WindowServer[619:112f] [com.apple.SkyLight:display] [ Display:Mode       ]   00 &b38 [ 800 x  600 ( 800 x  600) 1x @ 75.0Hz], dp-x = 1.000, dp-y = 1.000 (link, safe)
2026-05-25 19:29:40.189 Df WindowServer[619:112f] [com.apple.SkyLight:display] [ Display:Mode       ]   01 &b38 [ 800 x  600 ( 800 x  600) 1x @ 60.0Hz], dp-x = 0.391, dp-y = 0.521 (scaler, safe)
2026-05-25 19:29:40.189 Df WindowServer[619:112f] [com.apple.SkyLight:display] [ Display:Mode       ]   02 &b38 [ 800 x  600 (1600 x 1200) 2x @ 60.0Hz], dp-x = 0.781, dp-y = 1.042 (scaler, safe)
2026-05-25 19:29:40.189 Df WindowServer[619:112f] [com.apple.SkyLight:display] [ Display:Mode       ]   03 &b38 [ 840 x  525 (1680 x 1050) 2x @ 60.0Hz], dp-x = 1.000, dp-y = 1.000 (link, safe)
2026-05-25 19:29:40.189 Df WindowServer[619:112f] [com.apple.SkyLight:display] [ Display:Mode       ]   04 &b38 [ 960 x  540 (1920 x 1080) 2x @ 60.0Hz], dp-x = 0.938, dp-y = 0.938 (scaler, safe)
2026-05-25 19:29:40.189 Df WindowServer[619:112f] [com.apple.SkyLight:display] [ Display:Mode       ]   05 &b38 [ 960 x  540 (1920 x 1080) 2x @ 50.0Hz], dp-x = 1.000, dp-y = 1.000 (link, safe)
2026-05-25 19:29:40.189 Df WindowServer[619:112f] [com.apple.SkyLight:display] [ Display:Mode       ]   06 &b38 [ 960 x  540 (1920 x 1080) 2x @ 25.0Hz], dp-x = 1.000, dp-y = 1.000 (link, safe)
2026-05-25 19:29:40.189 Df WindowServer[619:112f] [com.apple.SkyLight:display] [ Display:Mode       ]   07 &b38 [ 960 x  540 (1920 x 1080) 2x @ 24.0Hz], dp-x = 1.000, dp-y = 1.000 (link, safe)
2026-05-25 19:29:40.189 Df WindowServer[619:112f] [com.apple.SkyLight:display] [ Display:Mode       ]   08 &b38 [1024 x  576 (2048 x 1152) 2x @ 60.0Hz], dp-x = 1.000, dp-y = 1.000 (scaler, native, safe)
2026-05-25 19:29:40.189 Df WindowServer[619:112f] [com.apple.SkyLight:display] [ Display:Mode       ]   09 &b38 [1024 x  576 (1024 x  576) 1x @ 60.0Hz], dp-x = 0.500, dp-y = 0.500 (scaler, safe)
2026-05-25 19:29:40.189 Df WindowServer[619:112f] [com.apple.SkyLight:display] [ Display:Mode       ]   10 &b38 [1024 x  768 (1024 x  768) 1x @ 75.0Hz], dp-x = 1.000, dp-y = 1.000 (link, safe)
2026-05-25 19:29:40.189 Df WindowServer[619:112f] [com.apple.SkyLight:display] [ Display:Mode       ]   11 &b38 [1024 x  768 (1024 x  768) 1x @ 60.0Hz], dp-x = 0.500, dp-y = 0.667 (scaler, safe)
2026-05-25 19:29:40.189 Df WindowServer[619:112f] [com.apple.SkyLight:display] [ Display:Mode       ]   12 &b38 [1152 x  864 (1152 x  864) 1x @ 75.0Hz], dp-x = 1.000, dp-y = 1.000 (link, safe)
2026-05-25 19:29:40.189 Df WindowServer[619:112f] [com.apple.SkyLight:display] [ Display:Mode       ]   13 &b38 [1280 x  720 (1280 x  720) 1x @ 60.0Hz], dp-x = 0.625, dp-y = 0.625 (scaler, safe)
2026-05-25 19:29:40.189 Df WindowServer[619:112f] [com.apple.SkyLight:display] [ Display:Mode       ]   14 &b38 [1280 x  720 (1280 x  720) 1x @ 50.0Hz], dp-x = 1.000, dp-y = 1.000 (link, safe)
2026-05-25 19:29:40.189 Df WindowServer[619:112f] [com.apple.SkyLight:display] [ Display:Mode       ]   15 &b38 [1280 x  960 (1280 x  960) 1x @ 60.0Hz], dp-x = 0.625, dp-y = 0.833 (scaler, safe)
2026-05-25 19:29:40.189 Df WindowServer[619:112f] [com.apple.SkyLight:display] [ Display:Mode       ]   16 &b38 [1280 x 1024 (1280 x 1024) 1x @ 75.0Hz], dp-x = 1.000, dp-y = 1.000 (link, safe)
2026-05-25 19:29:40.189 Df WindowServer[619:112f] [com.apple.SkyLight:display] [ Display:Mode       ]   17 &b38 [1280 x 1024 (1280 x 1024) 1x @ 60.0Hz], dp-x = 1.000, dp-y = 1.000 (link, safe)
2026-05-25 19:29:40.189 Df WindowServer[619:112f] [com.apple.SkyLight:display] [ Display:Mode       ]   18 &b38 [1344 x  756 (1344 x  756) 1x @ 60.0Hz], dp-x = 0.656, dp-y = 0.656 (scaler, safe)
2026-05-25 19:29:40.189 Df WindowServer[619:112f] [com.apple.SkyLight:display] [ Display:Mode       ]   19 &b38 [1344 x 1008 (1344 x 1008) 1x @ 60.0Hz], dp-x = 0.656, dp-y = 0.875 (scaler, safe)
2026-05-25 19:29:40.189 Df WindowServer[619:112f] [com.apple.SkyLight:display] [ Display:Mode       ]   20 &b38 [1600 x  900 (1600 x  900) 1x @ 60.0Hz], dp-x = 0.781, dp-y = 0.781 (scaler, safe)
2026-05-25 19:29:40.189 Df WindowServer[619:112f] [com.apple.SkyLight:display] [ Display:Mode       ]   21 &b38 [1600 x 1200 (1600 x 1200) 1x @ 60.0Hz], dp-x = 0.781, dp-y = 1.042 (scaler, safe)
2026-05-25 19:29:40.189 Df WindowServer[619:112f] [com.apple.SkyLight:display] [ Display:Mode       ]   22 &b38 [1680 x 1050 (1680 x 1050) 1x @ 60.0Hz], dp-x = 1.000, dp-y = 1.000 (link, safe)
2026-05-25 19:29:40.189 Df WindowServer[619:112f] [com.apple.SkyLight:display] [ Display:Mode       ]   23 &b38 [1920 x 1080 (1920 x 1080) 1x @ 60.0Hz], dp-x = 0.938, dp-y = 0.938 (scaler, safe)
2026-05-25 19:29:40.189 Df WindowServer[619:112f] [com.apple.SkyLight:display] [ Display:Mode       ]   24 &b38 [1920 x 1080 (1920 x 1080) 1x @ 50.0Hz], dp-x = 1.000, dp-y = 1.000 (link, safe)
2026-05-25 19:29:40.189 Df WindowServer[619:112f] [com.apple.SkyLight:display] [ Display:Mode       ]   25 &b38 [1920 x 1080 (1920 x 1080) 1x @ 25.0Hz], dp-x = 1.000, dp-y = 1.000 (link, safe)
2026-05-25 19:29:40.189 Df WindowServer[619:112f] [com.apple.SkyLight:display] [ Display:Mode       ]   26 &b38 [1920 x 1080 (1920 x 1080) 1x @ 24.0Hz], dp-x = 1.000, dp-y = 1.000 (link, safe)
2026-05-25 19:29:40.189 Df WindowServer[619:112f] [com.apple.SkyLight:display] [ Display:Mode       ]   27 &b38 [2048 x 1152 (2048 x 1152) 1x @ 60.0Hz], dp-x = 1.000, dp-y = 1.000 (scaler, native, safe, default)
2026-05-25 19:29:40.189 Df WindowServer[619:112f] [com.apple.SkyLight:display] [ Display:Mode       ]   28 &b38 [1024 x  768 (2048 x 1536) 2x @ 60.0Hz], dp-x = 1.000, dp-y = 1.333 (scaler, safe, fake_vfm)
2026-05-25 19:29:40.189 Df WindowServer[619:112f] [com.apple.SkyLight:display] [ Display:Mode       ]   29 &b38 [1280 x  720 (2560 x 1440) 2x @ 60.0Hz], dp-x = 1.250, dp-y = 1.250 (scaler, safe, fake_vfm)
2026-05-25 19:29:40.189 Df WindowServer[619:112f] [com.apple.SkyLight:display] [ Display:Mode       ]   30 &b38 [1280 x  960 (2560 x 1920) 2x @ 60.0Hz], dp-x = 1.250, dp-y = 1.667 (scaler, safe, fake_vfm)
2026-05-25 19:29:40.189 Df WindowServer[619:112f] [com.apple.SkyLight:display] [ Display:Mode       ]   31 &b38 [1344 x  756 (2688 x 1512) 2x @ 60.0Hz], dp-x = 1.312, dp-y = 1.312 (scaler, safe, fake_vfm)
2026-05-25 19:29:40.189 Df WindowServer[619:112f] [com.apple.SkyLight:display] [ Display:Mode       ]   32 &b38 [1344 x 1008 (2688 x 2016) 2x @ 60.0Hz], dp-x = 1.312, dp-y = 1.750 (scaler, safe, fake_vfm)
2026-05-25 19:29:40.189 Df WindowServer[619:112f] [com.apple.SkyLight:display] [ Display:Mode       ]   33 &b38 [1600 x  900 (3200 x 1800) 2x @ 60.0Hz], dp-x = 1.562, dp-y = 1.562 (scaler, safe, fake_vfm)
2026-05-25 19:29:40.189 Df WindowServer[619:112f] [com.apple.SkyLight:display] [ Display:Mode       ]   34 &b38 [1600 x 1200 (3200 x 2400) 2x @ 60.0Hz], dp-x = 1.562, dp-y = 2.083 (scaler, safe, fake_vfm)
2026-05-25 19:29:40.189 Df WindowServer[619:112f] [com.apple.SkyLight:display] [ Display:Mode       ]   35 &b38 [1920 x 1080 (3840 x 2160) 2x @ 60.0Hz], dp-x = 1.875, dp-y = 1.875 (scaler, safe, fake_vfm)
2026-05-25 19:29:40.189 Df WindowServer[619:112f] [com.apple.SkyLight:display] [ Display:Mode       ]   36 &b38 [2048 x 1152 (4096 x 2304) 2x @ 75.0Hz], dp-x = 3.200, dp-y = 2.250 (link, safe, fake_vfm)
2026-05-25 19:29:40.189 Df WindowServer[619:112f] [com.apple.SkyLight:display] [ Display:Mode       ]   37 &b38 [2048 x 1152 (4096 x 2304) 2x @ 60.0Hz], dp-x = 2.000, dp-y = 2.000 (scaler, safe, fake_vfm)
2026-05-25 19:29:40.189 Df WindowServer[619:112f] [com.apple.SkyLight:display] [ Display:Mode       ]   38 &b38 [2048 x 1152 (4096 x 2304) 2x @ 50.0Hz], dp-x = 2.133, dp-y = 2.133 (link, safe, fake_vfm)
2026-05-25 19:29:40.189 Df WindowServer[619:112f] [com.apple.SkyLight:display] [ Display:Mode       ]   39 &b38 [2048 x 1152 (4096 x 2304) 2x @ 25.0Hz], dp-x = 2.133, dp-y = 2.133 (link, safe, fake_vfm)
2026-05-25 19:29:40.189 Df WindowServer[619:112f] [com.apple.SkyLight:display] [ Display:Mode       ]   40 &b38 [2048 x 1152 (4096 x 2304) 2x @ 24.0Hz], dp-x = 2.133, dp-y = 2.133 (link, safe, fake_vfm)
2026-05-25 19:29:40.189 Df WindowServer[619:112f] [com.apple.SkyLight:display] [ Display:Mode       ]   41 &b38 [ 400 x  300 ( 800 x  600) 2x @ 75.0Hz], dp-x = 1.000, dp-y = 1.000 (link, unsupported)
2026-05-25 19:29:40.189 Df WindowServer[619:112f] [com.apple.SkyLight:display] [ Display:Mode       ]   42 &b38 [ 400 x  300 ( 800 x  600) 2x @ 60.0Hz], dp-x = 0.391, dp-y = 0.521 (scaler, unsupported)
2026-05-25 19:29:40.189 Df WindowServer[619:112f] [com.apple.SkyLight:display] [ Display:Mode       ]   43 &b38 [ 400 x  300 ( 800 x  600) 2x @ 60.0Hz], dp-x = 1.000, dp-y = 1.000 (link, unsupported)
2026-05-25 19:29:40.189 Df WindowServer[619:112f] [com.apple.SkyLight:display] [ Display:Mode       ]   44 &b38 [ 512 x  384 (1024 x  768) 2x @ 75.0Hz], dp-x = 1.000, dp-y = 1.000 (link, unsupported)
2026-05-25 19:29:40.189 Df WindowServer[619:112f] [com.apple.SkyLight:display] [ Display:Mode       ]   45 &b38 [ 512 x  384 (1024 x  768) 2x @ 60.0Hz], dp-x = 1.000, dp-y = 1.000 (link, unsupported)
2026-05-25 19:29:40.189 Df WindowServer[619:112f] [com.apple.SkyLight:display] [ Display:Mode       ]   46 &b38 [ 512 x  384 (1024 x  768) 2x @ 60.0Hz], dp-x = 0.500, dp-y = 0.667 (scaler, unsupported)
2026-05-25 19:29:40.189 Df WindowServer[619:112f] [com.apple.SkyLight:display] [ Display:Mode       ]   47 &b38 [ 576 x  432 (1152 x  864) 2x @ 75.0Hz], dp-x = 1.000, dp-y = 1.000 (link, unsupported)
2026-05-25 19:29:40.189 Df WindowServer[619:112f] [com.apple.SkyLight:display] [ Display:Mode       ]   48 &b38 [ 640 x  360 (1280 x  720) 2x @ 60.0Hz], dp-x = 0.625, dp-y = 0.625 (scaler, unsupported)
2026-05-25 19:29:40.189 Df WindowServer[619:112f] [com.apple.SkyLight:display] [ Display:Mode       ]   49 &b38 [ 640 x  360 (1280 x  720) 2x @ 60.0Hz], dp-x = 1.000, dp-y = 1.000 (link, unsupported)
2026-05-25 19:29:40.189 Df WindowServer[619:112f] [com.apple.SkyLight:display] [ Display:Mode       ]   50 &b38 [ 640 x  360 (1280 x  720) 2x @ 50.0Hz], dp-x = 1.000, dp-y = 1.000 (link, unsupported)
2026-05-25 19:29:40.189 Df WindowServer[619:112f] [com.apple.SkyLight:display] [ Display:Mode       ]   51 &b38 [ 640 x  480 (1280 x  960) 2x @ 60.0Hz], dp-x = 0.625, dp-y = 0.833 (scaler, unsupported)
2026-05-25 19:29:40.189 Df WindowServer[619:112f] [com.apple.SkyLight:display] [ Display:Mode       ]   52 &b38 [ 640 x  480 ( 640 x  480) 1x @ 75.0Hz], dp-x = 1.000, dp-y = 1.000 (link, unsupported)
2026-05-25 19:29:40.189 Df WindowServer[619:112f] [com.apple.SkyLight:display] [ Display:Mode       ]   53 &b38 [ 640 x  480 ( 640 x  480) 1x @ 60.0Hz], dp-x = 1.000, dp-y = 1.000 (link, unsupported)
2026-05-25 19:29:40.189 Df WindowServer[619:112f] [com.apple.SkyLight:display] [ Display:Mode       ]   54 &b38 [ 640 x  480 ( 640 x  480) 1x @ 60.0Hz], dp-x = 0.312, dp-y = 0.417 (scaler, unsupported)
2026-05-25 19:29:40.189 Df WindowServer[619:112f] [com.apple.SkyLight:display] [ Display:Mode       ]   55 &b38 [ 640 x  512 (1280 x 1024) 2x @ 75.0Hz], dp-x = 1.000, dp-y = 1.000 (link, unsupported)
2026-05-25 19:29:40.189 Df WindowServer[619:112f] [com.apple.SkyLight:display] [ Display:Mode       ]   56 &b38 [ 640 x  512 (1280 x 1024) 2x @ 60.0Hz], dp-x = 1.000, dp-y = 1.000 (link, unsupported)
2026-05-25 19:29:40.189 Df WindowServer[619:112f] [com.apple.SkyLight:display] [ Display:Mode       ]   57 &b38 [ 672 x  378 (1344 x  756) 2x @ 60.0Hz], dp-x = 0.656, dp-y = 0.656 (scaler, unsupported)
2026-05-25 19:29:40.189 Df WindowServer[619:112f] [com.apple.SkyLight:display] [ Display:Mode       ]   58 &b38 [ 672 x  504 (1344 x 1008) 2x @ 60.0Hz], dp-x = 0.656, dp-y = 0.875 (scaler, unsupported)
2026-05-25 19:29:40.189 Df WindowServer[619:112f] [com.apple.SkyLight:display] [ Display:Mode       ]   59 &b38 [ 720 x  480 ( 720 x  480) 1x @ 60.0Hz], dp-x = 1.000, dp-y = 1.000 (link, unsupported)
2026-05-25 19:29:40.189 Df WindowServer[619:112f] [com.apple.SkyLight:display] [ Display:Mode       ]   60 &b38 [ 720 x  576 ( 720 x  576) 1x @ 50.0Hz], dp-x = 1.000, dp-y = 1.000 (link, unsupported)
2026-05-25 19:29:40.189 Df WindowServer[619:112f] [com.apple.SkyLight:display] [ Display:Mode       ]   61 &b38 [ 800 x  450 (1600 x  900) 2x @ 60.0Hz], dp-x = 0.781, dp-y = 0.781 (scaler, unsupported)
2026-05-25 19:29:40.189 Df WindowServer[619:112f] [com.apple.SkyLight:display] [ Display:Mode       ]   62 &b38 [ 800 x  600 ( 800 x  600) 1x @ 60.0Hz], dp-x = 1.000, dp-y = 1.000 (link, unsupported)
2026-05-25 19:29:40.189 Df WindowServer[619:112f] [com.apple.SkyLight:display] [ Display:Mode       ]   63 &b38 [ 960 x  540 (1920 x 1080) 2x @ 60.0Hz], dp-x = 1.000, dp-y = 1.000 (link, unsupported)
2026-05-25 19:29:40.189 Df WindowServer[619:112f] [com.apple.SkyLight:display] [ Display:Mode       ]   64 &b38 [1024 x  768 (1024 x  768) 1x @ 60.0Hz], dp-x = 1.000, dp-y = 1.000 (link, unsupported)
2026-05-25 19:29:40.189 Df WindowServer[619:112f] [com.apple.SkyLight:display] [ Display:Mode       ]   65 &b38 [1280 x  720 (1280 x  720) 1x @ 60.0Hz], dp-x = 1.000, dp-y = 1.000 (link, unsupported)
2026-05-25 19:29:40.189 Df WindowServer[619:112f] [com.apple.SkyLight:display] [ Display:Mode       ]   66 &b38 [1920 x 1080 (1920 x 1080) 1x @ 60.0Hz], dp-x = 1.000, dp-y = 1.000 (link, unsupported)
2026-05-25 19:29:40.189 Df WindowServer[619:112f] [com.apple.SkyLight:display] [ Display:Mode       ] Display 2 set to previous mode 27
2026-05-25 19:29:40.191 Df WindowServer[619:112f] [com.apple.SkyLight:display] [ Display:HDR ] Not populating capabilities for external display 2 set to sdr mode and brightness slider support is enabled.
2026-05-25 19:29:40.191 Df WindowServer[619:112f] [com.apple.SkyLight:display] [ Display:Config     ] Detected match in persistent store.
2026-05-25 19:29:40.191 Df WindowServer[619:112f] [com.apple.SkyLight:default] Found match = true, preGlowC = false
2026-05-25 19:29:40.191 Df WindowServer[619:112f] [com.apple.SkyLight:display] [ Display:Config     ] Desired config set is valid.
2026-05-25 19:29:40.192 Df WindowServer[619:112f] [com.apple.SkyLight:display] [ Display:Config     ] No change between prior and requested configuration.
2026-05-25 19:29:40.192 Df WindowServer[619:112f] [com.apple.SkyLight:display] [ Display:Persist    ] Saving configuration: session, permanent store.
2026-05-25 19:29:40.192 Df WindowServer[619:112f] [com.apple.xpc:connection] [0x703dfc8c0] invalidated after the last release of the connection object
2026-05-25 19:29:40.192 Df WindowServer[619:112f] [com.apple.xpc:connection] [0x703dfca00] activating connection: mach=true listener=false peer=false name=com.apple.cfprefsd.daemon
2026-05-25 19:29:40.193 Df WindowServer[619:112f] [com.apple.SkyLight:display] [ Display:Power      ]   Work (D/C/W/S/P/R): 0/0/0/0/1/1
2026-05-25 19:29:40.193 Df WindowServer[619:112f] [com.apple.SkyLight:display] [ Display:Config     ] Detected match in persistent store.
2026-05-25 19:29:40.193 Df WindowServer[619:112f] [com.apple.SkyLight:default] Found match = true, preGlowC = false
2026-05-25 19:29:40.193 Df WindowServer[619:112f] [com.apple.SkyLight:display] [ Display:Config     ] Desired config set is valid.
2026-05-25 19:29:40.193 Df WindowServer[619:112f] [com.apple.SkyLight:display] [ Display:Config     ] No change between prior and requested configuration.
2026-05-25 19:29:40.193 Df WindowServer[619:112f] [com.apple.SkyLight:display] [ Display:Persist    ] Saving configuration: session, permanent store.
2026-05-25 19:29:40.200 I  WindowServer[619:112f] [com.apple.SkyLight:packages] 15b7fb[OrderWindow]: order window: b09c op: 0 relative: 0
2026-05-25 19:29:40.201 I  WindowServer[619:112f] [com.apple.SkyLight:packages] 15b7fb[OrderWindow]: order window: b094 op: 0 relative: 0
2026-05-25 19:29:40.201 I  WindowServer[619:112f] [com.apple.SkyLight:packages] 15b7fb[OrderWindow]: order window: b08b op: 0 relative: 0
2026-05-25 19:29:40.201 I  WindowServer[619:112f] [com.apple.SkyLight:packages] 15b7fb[OrderWindow]: order window: b086 op: 0 relative: 0
2026-05-25 19:29:40.201 Df WindowServer[619:112f] [com.apple.FuseBoard:SkyBridge] <private> removing window 45207; now 10 window(s) remain.
2026-05-25 19:29:40.218 Df WindowServer[619:690bf5] [com.apple.CoreRCPlugin:default] CoreRCDisplayPowerNotification in SLS callback
2026-05-25 19:29:40.218 Df WindowServer[619:690bf5] [com.apple.CoreRCPlugin:default] System is awake
2026-05-25 19:29:40.234 Df WindowServer[619:112f] [com.apple.coreanimation:Brightness] Display 1 commitBrightness sdr: 127.043, headroom: 1, potential headroom: 2, ambient lux: 64.6014, filtered ambient: 64.6014, brightness limit: 525, indicator brightness: nan low ambient strength: -1, high ambient strength: -1, contrast preservation: 0, contrast enhancer: -1 brightness ctl disabled -1, unlogged brightness transactions:0
2026-05-25 19:29:40.234 Df WindowServer[619:112f] [com.apple.SkyLight:display] [ Display:CBPolicy   ] I: 1, signaled
2026-05-25 19:29:40.234 Df WindowServer[619:112f] [com.apple.FuseBoard:SkyBridge] <private> removing window 45193; now 9 window(s) remain.
2026-05-25 19:29:40.240 E  WindowServer[619:112f] [com.apple.SkyLight:default] _CGXPackagesSetWindowConstraints: Invalid window
2026-05-25 19:29:40.240 E  WindowServer[619:112f] [com.apple.SkyLight:default] _CGXPackagesSetWindowConstraints: Invalid window
2026-05-25 19:29:40.241 E  WindowServer[619:112f] [com.apple.SkyLight:default] _CGXPackagesSetWindowConstraints: Invalid window
2026-05-25 19:29:40.241 E  WindowServer[619:112f] [com.apple.SkyLight:default] _CGXPackagesSetWindowConstraints: Invalid window
2026-05-25 19:29:40.245 Df WindowServer[619:112f] [com.apple.FuseBoard:SkyBridge] <private> removing window 45215; now 8 window(s) remain.
2026-05-25 19:29:40.248 Df WindowServer[619:112f] [com.apple.FuseBoard:SkyBridge] <private> adding window 45278 with state "none"; now 12 window(s) exist.
2026-05-25 19:29:40.248 Df WindowServer[619:112f] [com.apple.FuseBoard:SkyBridge] <private> updated window 45278 from "none" to "hidden".
2026-05-25 19:29:40.252 I  WindowServer[619:112f] [com.apple.SkyLight:packages] 66503[TerminateWindow]: order window: b08f op: 0 relative: 0
2026-05-25 19:29:40.252 I  WindowServer[619:112f] [com.apple.SkyLight:packages] 66503[TerminateWindow]: window b08f parted space 1
2026-05-25 19:29:40.253 I  WindowServer[619:112f] [com.apple.SkyLight:packages] 66503[OrderWindow]: window b0dc joined space 1
2026-05-25 19:29:40.253 I  WindowServer[619:112f] [com.apple.SkyLight:packages] 66503[OrderWindow]: order window: b0dc op: 1 relative: 0
2026-05-25 19:29:40.255 Df WindowServer[619:112f] [com.apple.coreanimation:Brightness] Display 1 commitBrightness sdr: 127.043, headroom: -1, potential headroom: -1, ambient lux: 64.0402, filtered ambient: 64.0402, brightness limit: -1, indicator brightness: -1 low ambient strength: -1, high ambient strength: -1, contrast preservation: -1, contrast enhancer: -1 brightness ctl disabled -1, unlogged brightness transactions:0
2026-05-25 19:29:40.256 Df WindowServer[619:112f] [com.apple.FuseBoard:SkyBridge] <private> adding window 45280 with state "none"; now 13 window(s) exist.
2026-05-25 19:29:40.256 Df WindowServer[619:112f] [com.apple.FuseBoard:SkyBridge] <private> updated window 45280 from "none" to "hidden".
2026-05-25 19:29:40.262 Df WindowServer[619:112f] [com.apple.FuseBoard:SkyBridge] <private> adding window 45281 with state "none"; now 14 window(s) exist.
2026-05-25 19:29:40.262 Df WindowServer[619:112f] [com.apple.FuseBoard:SkyBridge] <private> updated window 45281 from "none" to "hidden".
2026-05-25 19:29:40.269 E  WindowServer[619:112f] [com.apple.SkyLight:default] _CGXPackagesSetWindowConstraints: Invalid window
2026-05-25 19:29:40.270 E  WindowServer[619:112f] [com.apple.SkyLight:default] _CGXPackagesSetWindowConstraints: Invalid window
2026-05-25 19:29:40.270 E  WindowServer[619:112f] [com.apple.SkyLight:default] _CGXPackagesSetWindowConstraints: Invalid window
2026-05-25 19:29:40.270 E  WindowServer[619:112f] [com.apple.SkyLight:default] _CGXPackagesSetWindowConstraints: Invalid window
2026-05-25 19:29:40.270 E  WindowServer[619:112f] [com.apple.SkyLight:default] _CGXPackagesSetWindowConstraints: Invalid window
2026-05-25 19:29:40.271 E  WindowServer[619:112f] [com.apple.SkyLight:default] _CGXPackagesSetWindowConstraints: Invalid window
2026-05-25 19:29:40.294 I  WindowServer[619:112f] [com.apple.SkyLight:packages] 26e433[OrderWindow]: order window: b0a8 op: 0 relative: 0
2026-05-25 19:29:40.294 I  WindowServer[619:112f] [com.apple.SkyLight:packages] 26e433[OrderWindow]: order window: b0a1 op: 0 relative: 0
2026-05-25 19:29:40.294 I  WindowServer[619:112f] [com.apple.SkyLight:packages] 26e433[OrderWindow]: order window: b099 op: 0 relative: 0
2026-05-25 19:29:40.294 I  WindowServer[619:112f] [com.apple.SkyLight:packages] 26e433[OrderWindow]: order window: b092 op: 0 relative: 0
2026-05-25 19:29:40.295 I  WindowServer[619:112f] [com.apple.SkyLight:packages] 26d6c3[OrderWindow]: order window: b0aa op: 0 relative: 0
2026-05-25 19:29:40.295 I  WindowServer[619:112f] [com.apple.SkyLight:packages] 26d6c3[OrderWindow]: order window: b0a5 op: 0 relative: 0
2026-05-25 19:29:40.295 I  WindowServer[619:112f] [com.apple.SkyLight:packages] 26d6c3[OrderWindow]: order window: b0a3 op: 0 relative: 0
2026-05-25 19:29:40.295 I  WindowServer[619:112f] [com.apple.SkyLight:packages] 26d6c3[OrderWindow]: order window: b09b op: 0 relative: 0
2026-05-25 19:29:40.311 I  WindowServer[619:112f] [com.apple.SkyLight:packages] 62623[OrderWindow]: order window: b0a7 op: 0 relative: 0
2026-05-25 19:29:40.311 I  WindowServer[619:112f] [com.apple.SkyLight:packages] 62623[OrderWindow]: order window: b0a2 op: 0 relative: 0
2026-05-25 19:29:40.311 I  WindowServer[619:112f] [com.apple.SkyLight:packages] 62623[OrderWindow]: order window: b09a op: 0 relative: 0
2026-05-25 19:29:40.311 I  WindowServer[619:112f] [com.apple.SkyLight:packages] 62623[OrderWindow]: order window: b093 op: 0 relative: 0
2026-05-25 19:29:40.313 I  WindowServer[619:112f] [com.apple.SkyLight:packages] 784fdb[OrderWindow]: order window: b0a6 op: 0 relative: 0
2026-05-25 19:29:40.313 I  WindowServer[619:112f] [com.apple.SkyLight:packages] 784fdb[OrderWindow]: order window: b0a0 op: 0 relative: 0
2026-05-25 19:29:40.313 I  WindowServer[619:112f] [com.apple.SkyLight:packages] 784fdb[OrderWindow]: order window: b098 op: 0 relative: 0
2026-05-25 19:29:40.313 I  WindowServer[619:112f] [com.apple.SkyLight:packages] 784fdb[OrderWindow]: order window: b090 op: 0 relative: 0
2026-05-25 19:29:40.315 E  WindowServer[619:112f] [com.apple.SkyLight:default] _CGXPackagesSetWindowConstraints: Invalid window
2026-05-25 19:29:40.328 I  WindowServer[619:112f] [com.apple.SkyLight:packages] 8cb03[OrderWindow]: order window: b091 op: 0 relative: 0
2026-05-25 19:29:40.328 I  WindowServer[619:112f] [com.apple.SkyLight:packages] 8cb03[OrderWindow]: order window: b08a op: 0 relative: 0
2026-05-25 19:29:40.328 I  WindowServer[619:112f] [com.apple.SkyLight:packages] 8cb03[OrderWindow]: order window: b084 op: 0 relative: 0
2026-05-25 19:29:40.328 I  WindowServer[619:112f] [com.apple.SkyLight:packages] 8cb03[OrderWindow]: order window: b082 op: 0 relative: 0
2026-05-25 19:29:40.329 Df WindowServer[619:112f] [com.apple.FuseBoard:SkyBridge] <private> removing window 45188; now 11 window(s) remain.
2026-05-25 19:29:40.334 Df WindowServer[619:112f] [com.apple.FuseBoard:SkyBridge] <private> removing window 45186; now 10 window(s) remain.
2026-05-25 19:29:40.336 Df WindowServer[619:112f] [com.apple.FuseBoard:SkyBridge] <private> removing window 45201; now 9 window(s) remain.
2026-05-25 19:29:40.337 Df WindowServer[619:112f] [com.apple.FuseBoard:SkyBridge] <private> removing window 45194; now 8 window(s) remain.
2026-05-25 19:29:40.349 E  WindowServer[619:112f] [com.apple.SkyLight:default] _CGXPackagesSetWindowConstraints: Invalid window
2026-05-25 19:29:40.351 Df WindowServer[619:112f] [com.apple.FuseBoard:SkyBridge] <private> adding window 45282 with state "none"; now 10 window(s) exist.
2026-05-25 19:29:40.351 Df WindowServer[619:112f] [com.apple.FuseBoard:SkyBridge] <private> updated window 45282 from "none" to "hidden".
2026-05-25 19:29:40.358 Df WindowServer[619:112f] [com.apple.FuseBoard:SkyBridge] <private> adding window 45283 with state "none"; now 11 window(s) exist.
2026-05-25 19:29:40.358 Df WindowServer[619:112f] [com.apple.FuseBoard:SkyBridge] <private> updated window 45283 from "none" to "hidden".
2026-05-25 19:29:40.359 Df WindowServer[619:112f] [com.apple.FuseBoard:SkyBridge] <private> adding window 45284 with state "none"; now 12 window(s) exist.
2026-05-25 19:29:40.359 Df WindowServer[619:112f] [com.apple.FuseBoard:SkyBridge] <private> updated window 45284 from "none" to "hidden".
2026-05-25 19:29:40.362 Df WindowServer[619:112f] [com.apple.FuseBoard:SkyBridge] <private> adding window 45285 with state "none"; now 13 window(s) exist.
2026-05-25 19:29:40.362 Df WindowServer[619:112f] [com.apple.FuseBoard:SkyBridge] <private> updated window 45285 from "none" to "hidden".
2026-05-25 19:29:40.409 I  WindowServer[619:112f] [com.apple.SkyLight:packages] 4020f[OrderWindowGroupFrontConditionally]: order window: b0ab op: 1 relative: 0
2026-05-25 19:29:40.411 I  WindowServer[619:112f] [com.apple.SkyLight:packages] 4020f[OrderWindow]: window b0e6 joined space 1
2026-05-25 19:29:40.411 I  WindowServer[619:112f] [com.apple.SkyLight:packages] 4020f[OrderWindow]: order window: b0e6 op: -1 relative: 0
2026-05-25 19:29:40.417 I  WindowServer[619:112f] [com.apple.SkyLight:packages] 4020f[TerminateWindow]: order window: b0e6 op: 0 relative: 0
2026-05-25 19:29:40.417 I  WindowServer[619:112f] [com.apple.SkyLight:packages] 4020f[TerminateWindow]: window b0e6 parted space 1
2026-05-25 19:29:40.419 Df WindowServer[619:112f] [com.apple.coreanimation:Brightness] Display 1 commitBrightness sdr: 127.043, headroom: -1, potential headroom: -1, ambient lux: 63.9449, filtered ambient: 63.9449, brightness limit: -1, indicator brightness: -1 low ambient strength: -1, high ambient strength: -1, contrast preservation: -1, contrast enhancer: -1 brightness ctl disabled -1, unlogged brightness transactions:0
2026-05-25 19:29:40.450 I  WindowServer[619:112f] [com.apple.SkyLight:packages] 50207[OrderWindow]: order window: b0a4 op: 0 relative: 0
2026-05-25 19:29:40.450 I  WindowServer[619:112f] [com.apple.SkyLight:packages] 50207[OrderWindow]: order window: b09d op: 0 relative: 0
2026-05-25 19:29:40.450 I  WindowServer[619:112f] [com.apple.SkyLight:packages] 50207[OrderWindow]: order window: b095 op: 0 relative: 0
2026-05-25 19:29:40.450 I  WindowServer[619:112f] [com.apple.SkyLight:packages] 50207[OrderWindow]: order window: b08d op: 0 relative: 0
2026-05-25 19:29:40.450 Df WindowServer[619:112f] [com.apple.FuseBoard:SkyBridge] <private> removing window 45205; now 12 window(s) remain.
2026-05-25 19:29:40.453 Df WindowServer[619:112f] [com.apple.FuseBoard:SkyBridge] <private> removing window 45213; now 11 window(s) remain.
2026-05-25 19:29:40.454 Df WindowServer[619:112f] [com.apple.FuseBoard:SkyBridge] <private> removing window 45220; now 10 window(s) remain.
2026-05-25 19:29:40.455 Df WindowServer[619:112f] [com.apple.FuseBoard:SkyBridge] <private> removing window 45197; now 9 window(s) remain.
2026-05-25 19:29:40.522 A  WindowServer[619:690f6d] (RunningBoardServices) observedProcessStatesDidChange
2026-05-25 19:29:40.522 Df WindowServer[619:690f6d] [com.apple.runningboard:monitor] Received state update for 70452 (xpcservice<com.apple.weather.widget([osservice<com.apple.chronod(501)>:1101])(501)>{vt hash: 80458965}[uuid:7BF1A0C9-B885-42B2-BDF2-2421254E35F6]{definition:com.apple.weather.widget[extension][client]}, running-suspended-NotVisible
2026-05-25 19:29:40.522 I  WindowServer[619:690f6d] [com.apple.SkyLight:packages] 0[outside of RPC]: suspended connection 1726e7
2026-05-25 19:29:40.523 E  WindowServer[619:112f] [com.apple.SkyLight:default] _CGXPackagesSetWindowConstraints: Invalid window
2026-05-25 19:29:40.523 E  WindowServer[619:112f] [com.apple.SkyLight:default] _CGXPackagesSetWindowConstraints: Invalid window
2026-05-25 19:29:40.541 Df WindowServer[619:112f] [com.apple.SkyLight:processes] 4020f[UpdatePermittedFrontPSNList]: loginwindow updating permitted front remove: 0x0-0x1001 (loginwindow)
2026-05-25 19:29:40.553 Df WindowServer[619:112f] [com.apple.SkyLight.processes:Focus] 4020f[UpdatePermittedFrontPSNList]: [DataSource] removeFromPermittedFront 0x0-0x1001 (<private>) in session 0x186b0 - current list is (  )
2026-05-25 19:29:40.553 Df WindowServer[619:112f] [com.apple.SkyLight.processes:Focus] 4020f[UpdatePermittedFrontPSNList]: [DeferringManager] Updating policy {
    advicePolicy: .frontmost;
    frontmostProcess: 0x0-0x1001 (loginwindow) mainConnectionID: 4020F;
} for reason: permitted list updated - 0x0-0x1001 removed
2026-05-25 19:29:40.553 Df WindowServer[619:112f] [com.apple.BackBoard:EventDelivery] <BSCompoundAssertion:0x72ac154c0> (com.apple.backboard.hid.delivery.localDelivery.preventFlushing) acquire for reason:permitted list updated - 0x0-0x1001 removed <8694> acq:0x6fde55680 count:1
2026-05-25 19:29:40.553 Df WindowServer[619:112f] [com.apple.SkyLight.processes:Focus] 4020f[UpdatePermittedFrontPSNList]: [DeferringManager] Deferring events from frontmost process PSN 0x0-0x1001 (loginwindow) -> <pid: 621>
2026-05-25 19:29:40.553 Df WindowServer[619:112f] [com.apple.BackBoard:EventDelivery] <BSCompoundAssertion:0x72ac154c0> (com.apple.backboard.hid.delivery.localDelivery.preventFlushing) invalidate acq:0x6fde55680 count:1
2026-05-25 19:29:40.553 Df WindowServer[619:112f] [com.apple.BackBoard:EventDelivery] flushing changes: {
    contentsMask: 0x2; deferringRules: [[619-6586], [619-6587], [619-6588]];
}
2026-05-25 19:29:40.553 Df WindowServer[619:112f] [com.apple.BackBoard:EventDelivery] new deferring rules for pid:619: [
    [619-6588]; <keyboardFocus; loginwindow:0x0-0x1001>; () -> <pid: 621>; reason: frontmost PSN --> outbound target,
    [619-6587]; <keyboardFocus; <frontmost>>; () -> <token: loginwindow:0x0-0x1001; pid: 619>; reason: frontmost PSN,
    [619-6586]; <keyboardFocus>; () -> <token: <frontmost>; pid: 619>; reason: Deferring to <frontmost>
]
2026-05-25 19:29:40.553 Df WindowServer[619:112f] [com.apple.BackBoard:EventDelivery] [keyboardFocus 0x72acc2170] setRules:forPID(619): [
    [619-6588]; <keyboardFocus; loginwindow:0x0-0x1001>; () -> <pid: 621>; reason: frontmost PSN --> outbound target,
    [619-6587]; <keyboardFocus; <frontmost>>; () -> <token: loginwindow:0x0-0x1001; pid: 619>; reason: frontmost PSN,
    [619-6586]; <keyboardFocus>; () -> <token: <frontmost>; pid: 619>; reason: Deferring to <frontmost>
]
2026-05-25 19:29:40.553 Df WindowServer[619:112f] [com.apple.BackBoard:EventDelivery] chain did update (setDeferringRules) <keyboardFocus; display: null> containsEndOfChain: YES; [
    <token: <frontmost>; pid: 619>,
    <token: loginwindow:0x0-0x1001; pid: 619>,
    <pid: 621>,
    <token: viewbridge-key-window; pid: 621>
]
2026-05-25 19:29:40.557 I  WindowServer[619:112f] [com.apple.SkyLight:packages] 8281b[OrderWindow]: order window: b09e op: 0 relative: 0
2026-05-25 19:29:40.558 I  WindowServer[619:112f] [com.apple.SkyLight:packages] 8281b[OrderWindow]: order window: b096 op: 0 relative: 0
2026-05-25 19:29:40.558 I  WindowServer[619:112f] [com.apple.SkyLight:packages] 8281b[OrderWindow]: order window: b08e op: 0 relative: 0
2026-05-25 19:29:40.558 I  WindowServer[619:112f] [com.apple.SkyLight:packages] 8281b[OrderWindow]: order window: b087 op: 0 relative: 0
2026-05-25 19:29:40.558 Df WindowServer[619:112f] [com.apple.FuseBoard:SkyBridge] <private> removing window 45198; now 13 window(s) remain.
2026-05-25 19:29:40.560 Df WindowServer[619:112f] [com.apple.FuseBoard:SkyBridge] <private> removing window 45206; now 12 window(s) remain.
2026-05-25 19:29:40.561 Df WindowServer[619:112f] [com.apple.FuseBoard:SkyBridge] <private> removing window 45191; now 11 window(s) remain.
2026-05-25 19:29:40.563 Df WindowServer[619:112f] [com.apple.FuseBoard:SkyBridge] <private> removing window 45214; now 10 window(s) remain.
2026-05-25 19:29:40.570 A  WindowServer[619:690fb2] (RunningBoardServices) observedProcessStatesDidChange
2026-05-25 19:29:40.570 Df WindowServer[619:690fb2] [com.apple.runningboard:monitor] Received state update for 1503 (app<application.com.apple.MobileSMS.1152921500311888381.1152921500311888451(501)>, running-active-NotVisible
2026-05-25 19:29:40.571 I  WindowServer[619:112f] [com.apple.SkyLight:packages] 4020f[RemoveWindowsFromSpaces]: window b07c parted space 14
2026-05-25 19:29:40.571 I  WindowServer[619:112f] [com.apple.SkyLight:packages] 4020f[RemoveWindowsFromSpaces]: window b07c joined space 4
2026-05-25 19:29:40.571 I  WindowServer[619:112f] [com.apple.SkyLight:packages] 4020f[RemoveWindowsFromSpaces]: window b07c joined space 3
2026-05-25 19:29:40.572 I  WindowServer[619:112f] [com.apple.SkyLight:packages] 4020f[RemoveWindowsFromSpaces]: window b07c joined space 1
2026-05-25 19:29:40.575 I  WindowServer[619:112f] [com.apple.SkyLight:packages] 4020f[TerminateWindow]: order window: b07c op: 0 relative: 0
2026-05-25 19:29:40.575 I  WindowServer[619:112f] [com.apple.SkyLight:packages] 4020f[TerminateWindow]: window b07c parted space 1
2026-05-25 19:29:40.575 I  WindowServer[619:112f] [com.apple.SkyLight:packages] 4020f[TerminateWindow]: window b07c parted space 3
2026-05-25 19:29:40.576 I  WindowServer[619:112f] [com.apple.SkyLight:packages] 4020f[TerminateWindow]: window b07c parted space 4
2026-05-25 19:29:40.581 I  WindowServer[619:112f] [com.apple.SkyLight:packages] 183c4b[OrderWindow]: order window: b088 op: 0 relative: 0
2026-05-25 19:29:40.581 I  WindowServer[619:112f] [com.apple.SkyLight:packages] 183c4b[OrderWindow]: order window: b085 op: 0 relative: 0
2026-05-25 19:29:40.581 I  WindowServer[619:112f] [com.apple.SkyLight:packages] 183c4b[OrderWindow]: order window: b083 op: 0 relative: 0
2026-05-25 19:29:40.581 I  WindowServer[619:112f] [com.apple.SkyLight:packages] 183c4b[OrderWindow]: order window: b081 op: 0 relative: 0
2026-05-25 19:29:40.602 A  WindowServer[619:690fb2] (RunningBoardServices) observedProcessStatesDidChange
2026-05-25 19:29:40.628 Df WindowServer[619:690fb2] [com.apple.runningboard:monitor] Received state update for 1503 (app<application.com.apple.MobileSMS.1152921500311888381.1152921500311888451(501)>, running-active-NotVisible
2026-05-25 19:29:40.628 Df WindowServer[619:690fb2] [com.apple.runningboard:monitor] Received state update for 70452 (xpcservice<com.apple.weather.widget([osservice<com.apple.chronod(501)>:1101])(501)>{vt hash: 80458965}[uuid:7BF1A0C9-B885-42B2-BDF2-2421254E35F6]{definition:com.apple.weather.widget[extension][client]}, running-suspended-NotVisible
2026-05-25 19:29:40.744 I  WindowServer[619:112f] [com.apple.SkyLight:packages] 0[outside of RPC]: order window: 5 op: 0 relative: 0
2026-05-25 19:29:40.750 E  WindowServer[619:112f] [com.apple.SkyLight:default] Clearing datagram buffer for cid 0x49f7f. Client state: Data count: 16384 connectionIsUnresponsive: 0 clientMayIgnoreEvents: 1 clientIsSuspended: 0
2026-05-25 19:29:40.750 E  WindowServer[619:112f] [com.apple.SkyLight:default] Clearing datagram buffer for cid 0x86363. Client state: Data count: 16384 connectionIsUnresponsive: 0 clientMayIgnoreEvents: 1 clientIsSuspended: 1
2026-05-25 19:29:40.752 Df WindowServer[619:6900d9] [com.apple.BackBoard:EventDelivery] new deferring rules for pid:621: [[621-6C9]; <keyboardFocus>; () -> <token: viewbridge-key-window; pid: 621>; reason: …RemoteView deferKeyboardEventsToParticularWindow:forReason:]]
2026-05-25 19:29:40.752 Df WindowServer[619:6900d9] [com.apple.BackBoard:EventDelivery] [keyboardFocus 0x72acc2170] setRules:forPID(621): [[621-6C9]; <keyboardFocus>; () -> <token: viewbridge-key-window; pid: 621>; reason: -[NSRemoteView deferKeyboardEventsToParticularWindow:forReason:]]
2026-05-25 19:29:40.752 Df WindowServer[619:6900d9] [com.apple.BackBoard:EventDelivery] chain did update (setDeferringRules) <keyboardFocus; display: null> containsEndOfChain: YES; [
    <token: <frontmost>; pid: 619>,
    <token: loginwindow:0x0-0x1001; pid: 619>,
    <pid: 621>,
    <token: viewbridge-key-window; pid: 621>
]
2026-05-25 19:29:40.766 Df WindowServer[619:112f] [com.apple.FuseBoard:SkyBridge] <private> removing window 45189; now 11 window(s) remain.
2026-05-25 19:29:40.769 Df WindowServer[619:112f] [com.apple.FuseBoard:SkyBridge] <private> removing window 45185; now 10 window(s) remain.
2026-05-25 19:29:40.774 Df WindowServer[619:112f] [com.apple.FuseBoard:SkyBridge] <private> removing window 45192; now 9 window(s) remain.
2026-05-25 19:29:40.776 Df WindowServer[619:112f] [com.apple.FuseBoard:SkyBridge] <private> removing window 45187; now 8 window(s) remain.
2026-05-25 19:29:40.778 Df WindowServer[619:112f] [com.apple.FuseBoard:SkyBridge] <private> updated window 83 from "occluded" to "visible".
2026-05-25 19:29:40.778 Df WindowServer[619:112f] [com.apple.FuseBoard:SkyBridge] <private> overall window state is now "visible"
2026-05-25 19:29:40.778 Df WindowServer[619:112f] [com.apple.FuseBoard:SkyBridge] <private> updated window 382 from "occluded" to "visible".
2026-05-25 19:29:40.779 Df WindowServer[619:112f] [com.apple.FuseBoard:SkyBridge] <private> overall window state is now "visible"
2026-05-25 19:29:40.779 Df WindowServer[619:112f] [com.apple.FuseBoard:SkyBridge] <private> updated window 37881 from "occluded" to "visible".
2026-05-25 19:29:40.779 Df WindowServer[619:112f] [com.apple.FuseBoard:SkyBridge] <private> overall window state is now "visible"
2026-05-25 19:29:40.779 Df WindowServer[619:112f] [com.apple.FuseBoard:SkyBridge] <private> updated window 107 from "occluded" to "visible".
2026-05-25 19:29:40.779 Df WindowServer[619:112f] [com.apple.FuseBoard:SkyBridge] <private> overall window state is now "visible"
2026-05-25 19:29:40.779 Df WindowServer[619:112f] [com.apple.FuseBoard:SkyBridge] <private> updated window 114 from "occluded" to "visible".
2026-05-25 19:29:40.779 Df WindowServer[619:112f] [com.apple.FuseBoard:SkyBridge] <private> overall window state is now "visible"
2026-05-25 19:29:40.779 Df WindowServer[619:112f] [com.apple.FuseBoard:SkyBridge] <private> updated window 181 from "occluded" to "visible".
2026-05-25 19:29:40.779 Df WindowServer[619:112f] [com.apple.FuseBoard:SkyBridge] <private> overall window state is now "visible"
2026-05-25 19:29:40.779 Df WindowServer[619:112f] [com.apple.FuseBoard:SkyBridge] <private> updated window 198 from "occluded" to "visible".
2026-05-25 19:29:40.779 Df WindowServer[619:112f] [com.apple.FuseBoard:SkyBridge] <private> updated window 117 from "occluded" to "visible".
2026-05-25 19:29:40.779 Df WindowServer[619:112f] [com.apple.FuseBoard:SkyBridge] <private> overall window state is now "visible"
2026-05-25 19:29:40.787 Df WindowServer[619:690f6d] [com.apple.BackBoard:EventDelivery] new deferring rules for pid:621: [[621-6CA]; <keyboardFocus>; () -> <token: viewbridge-key-window; pid: 621>; reason: …RemoteView deferKeyboardEventsToParticularWindow:forReason:]]
2026-05-25 19:29:40.787 Df WindowServer[619:690f6d] [com.apple.BackBoard:EventDelivery] [keyboardFocus 0x72acc2170] setRules:forPID(621): [[621-6CA]; <keyboardFocus>; () -> <token: viewbridge-key-window; pid: 621>; reason: -[NSRemoteView deferKeyboardEventsToParticularWindow:forReason:]]
2026-05-25 19:29:40.787 Df WindowServer[619:690f6d] [com.apple.BackBoard:EventDelivery] chain did update (setDeferringRules) <keyboardFocus; display: null> containsEndOfChain: YES; [
    <token: <frontmost>; pid: 619>,
    <token: loginwindow:0x0-0x1001; pid: 619>,
    <pid: 621>,
    <token: viewbridge-key-window; pid: 621>
]
2026-05-25 19:29:40.821 A  WindowServer[619:690f6d] (RunningBoardServices) observedProcessStatesDidChange
2026-05-25 19:29:40.821 Df WindowServer[619:690f6d] [com.apple.runningboard:monitor] Received state update for 1526 (app<Unknown(1526)(501)>, running-active-NotVisible
2026-05-25 19:29:40.826 A  WindowServer[619:690841] (RunningBoardServices) observedProcessStatesDidChange
2026-05-25 19:29:40.826 Df WindowServer[619:690841] [com.apple.runningboard:monitor] Received state update for 1503 (app<application.com.apple.MobileSMS.1152921500311888381.1152921500311888451(501)>, running-active-NotVisible
2026-05-25 19:29:40.848 Df WindowServer[619:112f] [com.apple.SkyLight.processes:Focus] 4020f[BringNextToFront]: [DataSource] Making <private> 0x0-0x27027 the front process in session 0x186b0
2026-05-25 19:29:40.849 Df WindowServer[619:112f] [com.apple.SkyLight.processes:Focus] 4020f[BringNextToFront]: [DeferringManager] Updating policy {
    advicePolicy: .frontmost;
    frontmostProcess: 0x0-0x27027 (iTerm) mainConnectionID: 1C9A0F;
} for reason: updated frontmost process
2026-05-25 19:29:40.849 Df WindowServer[619:112f] [com.apple.BackBoard:EventDelivery] <BSCompoundAssertion:0x72ac154c0> (com.apple.backboard.hid.delivery.localDelivery.preventFlushing) acquire for reason:updated frontmost process <8695> acq:0x7005ccd80 count:1
2026-05-25 19:29:40.849 Df WindowServer[619:112f] [com.apple.SkyLight.processes:Focus] 4020f[BringNextToFront]: [DeferringManager] Deferring events from frontmost process PSN 0x0-0x27027 (iTerm) -> <pid: 1360>
2026-05-25 19:29:40.849 Df WindowServer[619:112f] [com.apple.BackBoard:EventDelivery] <BSCompoundAssertion:0x72ac154c0> (com.apple.backboard.hid.delivery.localDelivery.preventFlushing) invalidate acq:0x7005ccd80 count:1
2026-05-25 19:29:40.849 Df WindowServer[619:112f] [com.apple.BackBoard:EventDelivery] flushing changes: {
    contentsMask: 0x2; deferringRules: [[619-6589], [619-658A], [619-658B]];
}
2026-05-25 19:29:40.850 Df WindowServer[619:112f] [com.apple.BackBoard:EventDelivery] new deferring rules for pid:619: [
    [619-658B]; <keyboardFocus; iTerm:0x0-0x27027>; () -> <pid: 1360>; reason: frontmost PSN --> outbound target,
    [619-658A]; <keyboardFocus; <frontmost>>; () -> <token: iTerm:0x0-0x27027; pid: 619>; reason: frontmost PSN,
    [619-6589]; <keyboardFocus>; () -> <token: <frontmost>; pid: 619>; reason: Deferring to <frontmost>
]
2026-05-25 19:29:40.850 Df WindowServer[619:112f] [com.apple.BackBoard:EventDelivery] [keyboardFocus 0x72acc2170] setRules:forPID(619): [
    [619-658B]; <keyboardFocus; iTerm:0x0-0x27027>; () -> <pid: 1360>; reason: frontmost PSN --> outbound target,
    [619-658A]; <keyboardFocus; <frontmost>>; () -> <token: iTerm:0x0-0x27027; pid: 619>; reason: frontmost PSN,
    [619-6589]; <keyboardFocus>; () -> <token: <frontmost>; pid: 619>; reason: Deferring to <frontmost>
]
2026-05-25 19:29:40.850 Df WindowServer[619:112f] [com.apple.BackBoard:EventDelivery] chain did update (setDeferringRules) <keyboardFocus; display: null> containsEndOfChain: YES; [
    <token: <frontmost>; pid: 619>,
    <token: iTerm:0x0-0x27027; pid: 619>,
    <pid: 1360>,
    <token: viewbridge-key-window; pid: 1360>
]
2026-05-25 19:29:40.851 I  WindowServer[619:112f] [com.apple.SkyLight:packages] 4020f[BringNextToFront]: new foreground connection 1c9a0f com.googlecode.iterm2
2026-05-25 19:29:40.852 E  WindowServer[619:112f] [com.apple.SkyLight:default] _CGXPackagesSetWindowConstraints: Invalid window
2026-05-25 19:29:40.872 A  WindowServer[619:6900d9] (RunningBoardServices) observedProcessStatesDidChange
2026-05-25 19:29:40.872 Df WindowServer[619:6900d9] [com.apple.runningboard:monitor] Received state update for 1503 (app<application.com.apple.MobileSMS.1152921500311888381.1152921500311888451(501)>, running-active-NotVisible
2026-05-25 19:29:40.880 Df WindowServer[619:112f] [com.apple.FuseBoard:SkyBridge] <private> updated window 182 from "occluded" to "visible".
2026-05-25 19:29:40.880 Df WindowServer[619:112f] [com.apple.FuseBoard:SkyBridge] <private> updated window 183 from "occluded" to "visible".
2026-05-25 19:29:40.880 Df WindowServer[619:112f] [com.apple.FuseBoard:SkyBridge] <private> updated window 187 from "occluded" to "visible".
2026-05-25 19:29:40.880 Df WindowServer[619:112f] [com.apple.FuseBoard:SkyBridge] <private> updated window 193 from "occluded" to "visible".
2026-05-25 19:29:40.880 Df WindowServer[619:112f] [com.apple.FuseBoard:SkyBridge] <private> updated window 201 from "occluded" to "visible".
2026-05-25 19:29:40.880 Df WindowServer[619:112f] [com.apple.FuseBoard:SkyBridge] <private> updated window 202 from "occluded" to "visible".
2026-05-25 19:29:40.893 A  WindowServer[619:690fb2] (RunningBoardServices) observedProcessStatesDidChange
2026-05-25 19:29:40.894 Df WindowServer[619:690fb2] [com.apple.runningboard:monitor] Received state update for 78730 (xpcservice<com.apple.WebKit.WebContent([anon<qlmanage>(501):78717])(501)>{vt hash: 0}[uuid:C7A62BF5-B02E-4935-81FA-F00149E4A211]{definition:com.apple.WebKit.WebContent[standard][client]}:78730, running-active-NotVisible
2026-05-25 19:29:40.894 Df WindowServer[619:690fb2] [com.apple.runningboard:monitor] Received state update for 6405 (xpcservice<com.apple.WebKit.WebContent([anon<qlmanage>(501):6395])(501)>{vt hash: 0}[uuid:09634944-E62C-4864-8DA2-80FEA1910E5C]{definition:com.apple.WebKit.WebContent[standard][client]}:6405, running-active-NotVisible
2026-05-25 19:29:40.894 Df WindowServer[619:690fb2] [com.apple.runningboard:monitor] Received state update for 6523 (xpcservice<com.apple.WebKit.WebContent([anon<qlmanage>(501):6514])(501)>{vt hash: 0}[uuid:D2BE3AA4-4D1B-4097-A70C-CC747D4AB5A7]{definition:com.apple.WebKit.WebContent[standard][client]}:6523, running-active-NotVisible
2026-05-25 19:29:40.894 Df WindowServer[619:690fb2] [com.apple.runningboard:monitor] Received state update for 6499 (xpcservice<com.apple.WebKit.WebContent([anon<qlmanage>(501):6490])(501)>{vt hash: 0}[uuid:D87B4212-D364-4CD9-A0C6-E292C95C63D0]{definition:com.apple.WebKit.WebContent[standard][client]}:6499, running-active-NotVisible
2026-05-25 19:29:40.894 Df WindowServer[619:690fb2] [com.apple.runningboard:monitor] Received state update for 97834 (xpcservice<com.apple.WebKit.WebContent([anon<qlmanage>(501):97824])(501)>{vt hash: 0}[uuid:A1DEA94C-72CD-4BBB-829E-98FCF3C802F9]{definition:com.apple.WebKit.WebContent[standard][client]}:97834, running-active-NotVisible
2026-05-25 19:29:40.897 Df WindowServer[619:6900d9] [com.apple.iohid:default] Connection added: IOHIDEventSystemConnection uuid:638125AA-9C97-4FC0-A9BB-A04F675828C5 pid:904 process:coreauthd type:Monitor entitlements:0x2 caller:coreauthd: coreauthd + 40288 attributes:(null) state:0x0 events:0 mask:0x0 dropped:0 dropStatus:0 droppedMask:0x0 lastDroppedTime:NONE
2026-05-25 19:29:40.986 A  WindowServer[619:6900d9] (RunningBoardServices) observedProcessStatesDidChange
2026-05-25 19:29:40.986 Df WindowServer[619:6900d9] [com.apple.runningboard:monitor] Received state update for 78730 (xpcservice<com.apple.WebKit.WebContent([anon<qlmanage>(501):78717])(501)>{vt hash: 0}[uuid:C7A62BF5-B02E-4935-81FA-F00149E4A211]{definition:com.apple.WebKit.WebContent[standard][client]}:78730, running-active-NotVisible
2026-05-25 19:29:40.987 A  WindowServer[619:690f6d] (RunningBoardServices) observedProcessStatesDidChange
2026-05-25 19:29:40.987 Df WindowServer[619:690f6d] [com.apple.runningboard:monitor] Received state update for 6405 (xpcservice<com.apple.WebKit.WebContent([anon<qlmanage>(501):6395])(501)>{vt hash: 0}[uuid:09634944-E62C-4864-8DA2-80FEA1910E5C]{definition:com.apple.WebKit.WebContent[standard][client]}:6405, running-active-NotVisible
2026-05-25 19:29:40.988 Df WindowServer[619:690f6d] [com.apple.runningboard:monitor] Received state update for 6523 (xpcservice<com.apple.WebKit.WebContent([anon<qlmanage>(501):6514])(501)>{vt hash: 0}[uuid:D2BE3AA4-4D1B-4097-A70C-CC747D4AB5A7]{definition:com.apple.WebKit.WebContent[standard][client]}:6523, running-active-NotVisible
2026-05-25 19:29:40.988 Df WindowServer[619:690f6d] [com.apple.runningboard:monitor] Received state update for 6499 (xpcservice<com.apple.WebKit.WebContent([anon<qlmanage>(501):6490])(501)>{vt hash: 0}[uuid:D87B4212-D364-4CD9-A0C6-E292C95C63D0]{definition:com.apple.WebKit.WebContent[standard][client]}:6499, running-active-NotVisible
2026-05-25 19:29:40.988 Df WindowServer[619:690f6d] [com.apple.runningboard:monitor] Received state update for 97834 (xpcservice<com.apple.WebKit.WebContent([anon<qlmanage>(501):97824])(501)>{vt hash: 0}[uuid:A1DEA94C-72CD-4BBB-829E-98FCF3C802F9]{definition:com.apple.WebKit.WebContent[standard][client]}:97834, running-active-NotVisible
2026-05-25 19:29:41.010 I  WindowServer[619:112f] [com.apple.SkyLight:packages] 4020f[SpaceDestroy]: destroy space 3396
2026-05-25 19:29:41.010 I  WindowServer[619:112f] [com.apple.SkyLight:packages] 4020f[SpaceDestroy]: window b0ab parted space 3396
2026-05-25 19:29:41.010 I  WindowServer[619:112f] [com.apple.SkyLight:packages] 4020f[SpaceDestroy]: window b0ab joined space 4
2026-05-25 19:29:41.011 I  WindowServer[619:112f] [com.apple.SkyLight:packages] 4020f[SpaceDestroy]: window b0ab joined space 3
2026-05-25 19:29:41.011 I  WindowServer[619:112f] [com.apple.SkyLight:packages] 4020f[SpaceDestroy]: window b0ab joined space 1
2026-05-25 19:29:41.025 Df WindowServer[619:112f] [com.apple.FuseBoard:SkyBridge] <private> updated window 182 from "visible" to "occluded".
2026-05-25 19:29:41.025 Df WindowServer[619:112f] [com.apple.FuseBoard:SkyBridge] <private> updated window 183 from "visible" to "occluded".
2026-05-25 19:29:41.025 Df WindowServer[619:112f] [com.apple.FuseBoard:SkyBridge] <private> updated window 187 from "visible" to "occluded".
2026-05-25 19:29:41.025 Df WindowServer[619:112f] [com.apple.FuseBoard:SkyBridge] <private> updated window 193 from "visible" to "occluded".
2026-05-25 19:29:41.025 Df WindowServer[619:112f] [com.apple.FuseBoard:SkyBridge] <private> updated window 201 from "visible" to "occluded".
2026-05-25 19:29:41.025 Df WindowServer[619:112f] [com.apple.FuseBoard:SkyBridge] <private> updated window 202 from "visible" to "occluded".
2026-05-25 19:29:41.030 I  WindowServer[619:112f] [com.apple.SkyLight:packages] 4020f[OrderWindowGroup]: order window: b0ab op: 0 relative: 0
2026-05-25 19:29:41.046 E  WindowServer[619:112f] [com.apple.SkyLight:default] _CGXPackagesSetWindowConstraints: Invalid window
2026-05-25 19:29:41.054 I  WindowServer[619:112f] [com.apple.SkyLight:packages] 7fa03[OrderWindowGroupFrontConditionally]: order window: b op: 1 relative: 0
2026-05-25 19:29:41.055 I  WindowServer[619:112f] [com.apple.SkyLight:packages] 1c9a0f[SetWindowHasKeyAppearance]: request window 17e set active key appearance
2026-05-25 19:29:41.055 I  WindowServer[619:112f] [com.apple.SkyLight:packages] 1c9a0f[SetWindowHasKeyAppearance]: requesting window b07b resign key appearance
2026-05-25 19:29:41.055 I  WindowServer[619:112f] [com.apple.SkyLight:packages] 1c9a0f[SetWindowHasKeyAppearance]: requesting window b07b resign key appearance
2026-05-25 19:29:41.055 I  WindowServer[619:112f] [com.apple.SkyLight:packages] 1c9a0f[SetWindowHasMainAppearance]: request window 17e set active main appearance
2026-05-25 19:29:41.055 I  WindowServer[619:112f] [com.apple.SkyLight:packages] 1c9a0f[OrderWindowGroupFrontConditionally]: order window: 17e op: 1 relative: 0
2026-05-25 19:29:41.088 I  WindowServer[619:112f] [com.apple.SkyLight:packages] 4020f[OrderWindow]: order window: b0ab op: 0 relative: 0
2026-05-25 19:29:41.089 I  WindowServer[619:112f] [com.apple.SkyLight:packages] 4020f[TerminateWindow]: window b0ab parted space 1
2026-05-25 19:29:41.089 I  WindowServer[619:112f] [com.apple.SkyLight:packages] 4020f[TerminateWindow]: window b0ab parted space 3
2026-05-25 19:29:41.090 I  WindowServer[619:112f] [com.apple.SkyLight:packages] 4020f[TerminateWindow]: window b0ab parted space 4
2026-05-25 19:29:41.145 Df WindowServer[619:690f6d] [com.apple.BackBoard:EventDelivery] new deferring rules for pid:1360: [[1360-15E1]; <keyboardFocus>; () -> <token: viewbridge-key-window; pid: 1360>; reason: …RemoteView deferKeyboardEventsToParticularWindow:forReason:]]
2026-05-25 19:29:41.147 Df WindowServer[619:690f6d] [com.apple.BackBoard:EventDelivery] [keyboardFocus 0x72acc2170] setRules:forPID(1360): [[1360-15E1]; <keyboardFocus>; () -> <token: viewbridge-key-window; pid: 1360>; reason: -[NSRemoteView deferKeyboardEventsToParticularWindow:forReason:]]
2026-05-25 19:29:41.149 Df WindowServer[619:690f6d] [com.apple.BackBoard:EventDelivery] chain did update (setDeferringRules) <keyboardFocus; display: null> containsEndOfChain: YES; [
    <token: <frontmost>; pid: 619>,
    <token: iTerm:0x0-0x27027; pid: 619>,
    <pid: 1360>,
    <token: viewbridge-key-window; pid: 1360>
]
2026-05-25 19:29:41.156 Df WindowServer[619:690f6d] [com.apple.BackBoard:EventDelivery] new deferring rules for pid:1360: [[1360-15E2]; <keyboardFocus>; () -> <token: viewbridge-key-window; pid: 1360>; reason: …RemoteView deferKeyboardEventsToParticularWindow:forReason:]]
2026-05-25 19:29:41.156 Df WindowServer[619:690f6d] [com.apple.BackBoard:EventDelivery] [keyboardFocus 0x72acc2170] setRules:forPID(1360): [[1360-15E2]; <keyboardFocus>; () -> <token: viewbridge-key-window; pid: 1360>; reason: -[NSRemoteView deferKeyboardEventsToParticularWindow:forReason:]]
2026-05-25 19:29:41.157 Df WindowServer[619:690f6d] [com.apple.BackBoard:EventDelivery] chain did update (setDeferringRules) <keyboardFocus; display: null> containsEndOfChain: YES; [
    <token: <frontmost>; pid: 619>,
    <token: iTerm:0x0-0x27027; pid: 619>,
    <pid: 1360>,
    <token: viewbridge-key-window; pid: 1360>
]
2026-05-25 19:29:41.213 E  WindowServer[619:112f] [com.apple.SkyLight:default] _CGXPackagesSetWindowConstraints: Invalid window
2026-05-25 19:29:41.291 A  WindowServer[619:690fb2] (RunningBoardServices) observedProcessStatesDidChange
2026-05-25 19:29:41.291 Df WindowServer[619:690fb2] [com.apple.runningboard:monitor] Received state update for 1591 (xpcservice<com.apple.WebKit.WebContent([app<application.com.apple.Safari.1110010.1110894(501)>:1412])(501)>{vt hash: 0}[uuid:6210405A-4293-4FBF-9F42-ABE16CB2E09B]{definition:com.apple.WebKit.WebContent[standard][client]}:1591, running-active-NotVisible
2026-05-25 19:29:41.295 A  WindowServer[619:690f6d] (RunningBoardServices) observedProcessStatesDidChange
2026-05-25 19:29:41.295 Df WindowServer[619:690f6d] [com.apple.runningboard:monitor] Received state update for 1689 (xpcservice<com.apple.WebKit.WebContent([app<application.com.apple.Safari.1110010.1110894(501)>:1412])(501)>{vt hash: 0}[uuid:0ACF90B4-D679-42CC-BE58-E2549439DEFB]{definition:com.apple.WebKit.WebContent[standard][client]}:1689, running-active-NotVisible
2026-05-25 19:29:41.296 A  WindowServer[619:690fb2] (RunningBoardServices) observedProcessStatesDidChange
2026-05-25 19:29:41.296 Df WindowServer[619:690fb2] [com.apple.runningboard:monitor] Received state update for 7243 (xpcservice<com.apple.WebKit.WebContent([app<application.com.apple.Safari.1110010.1110894(501)>:1412])(501)>{vt hash: 0}[uuid:36187C09-EB9F-4B8F-8DA2-2128732013A7]{definition:com.apple.WebKit.WebContent[standard][client]}:7243, running-active-NotVisible
2026-05-25 19:29:41.307 A  WindowServer[619:690f6d] (RunningBoardServices) observedProcessStatesDidChange
2026-05-25 19:29:41.307 Df WindowServer[619:690f6d] [com.apple.runningboard:monitor] Received state update for 7252 (xpcservice<com.apple.WebKit.WebContent([app<application.com.apple.Safari.1110010.1110894(501)>:1412])(501)>{vt hash: 0}[uuid:D5068042-A516-4A02-8C0F-AED806476C9C]{definition:com.apple.WebKit.WebContent[standard][client]}:7252, running-active-NotVisible
2026-05-25 19:29:41.308 A  WindowServer[619:6900d9] (RunningBoardServices) observedProcessStatesDidChange
2026-05-25 19:29:41.309 Df WindowServer[619:6900d9] [com.apple.runningboard:monitor] Received state update for 70118 (xpcservice<com.apple.WebKit.WebContent([app<application.com.apple.Safari.1110010.1110894(501)>:1412])(501)>{vt hash: 0}[uuid:D949C908-89F7-420F-B5BA-F6944CF444CD]{definition:com.apple.WebKit.WebContent[standard][client]}:70118, running-active-NotVisible
2026-05-25 19:29:41.309 Df WindowServer[619:6900d9] [com.apple.runningboard:monitor] Received state update for 54746 (xpcservice<com.apple.WebKit.WebContent([app<application.com.apple.Safari.1110010.1110894(501)>:1412])(501)>{vt hash: 0}[uuid:08A27B57-BC16-4B98-BAF4-3807C2413854]{definition:com.apple.WebKit.WebContent[standard][client]}:54746, running-active-NotVisible
2026-05-25 19:29:41.309 Df WindowServer[619:6900d9] [com.apple.runningboard:monitor] Received state update for 7266 (xpcservice<com.apple.WebKit.WebContent([app<application.com.apple.Safari.1110010.1110894(501)>:1412])(501)>{vt hash: 0}[uuid:28A105A9-F4EC-4393-A025-64582879F5B0]{definition:com.apple.WebKit.WebContent[standard][client]}:7266, running-active-NotVisible
2026-05-25 19:29:41.309 Df WindowServer[619:6900d9] [com.apple.runningboard:monitor] Received state update for 7276 (xpcservice<com.apple.WebKit.WebContent([app<application.com.apple.Safari.1110010.1110894(501)>:1412])(501)>{vt hash: 0}[uuid:95575FA1-211E-4CEF-A8BE-B3E5A332817C]{definition:com.apple.WebKit.WebContent[standard][client]}:7276, running-active-NotVisible
2026-05-25 19:29:41.309 Df WindowServer[619:6900d9] [com.apple.runningboard:monitor] Received state update for 69453 (xpcservice<com.apple.WebKit.WebContent([app<application.com.apple.Safari.1110010.1110894(501)>:1412])(501)>{vt hash: 0}[uuid:F60904EA-8068-402B-8661-FBCB7646BA65]{definition:com.apple.WebKit.WebContent[standard][client]}:69453, running-active-NotVisible
2026-05-25 19:29:41.309 Df WindowServer[619:6900d9] [com.apple.runningboard:monitor] Received state update for 35633 (xpcservice<com.apple.WebKit.WebContent([app<application.com.apple.Safari.1110010.1110894(501)>:1412])(501)>{vt hash: 0}[uuid:0A7EAEE2-9D7E-4FA8-B2CB-2867054F1ABB]{definition:com.apple.WebKit.WebContent[standard][client]}:35633, running-active-NotVisible
2026-05-25 19:29:41.321 E  WindowServer[619:112f] [com.apple.SkyLight:default] _CGXPackagesSetWindowConstraints: Invalid window
2026-05-25 19:29:41.337 A  WindowServer[619:690f6d] (RunningBoardServices) observedProcessStatesDidChange
2026-05-25 19:29:41.337 Df WindowServer[619:690f6d] [com.apple.runningboard:monitor] Received state update for 1503 (app<application.com.apple.MobileSMS.1152921500311888381.1152921500311888451(501)>, running-active-NotVisible
2026-05-25 19:29:41.353 A  WindowServer[619:690fb2] (RunningBoardServices) observedProcessStatesDidChange
2026-05-25 19:29:41.353 Df WindowServer[619:690fb2] [com.apple.runningboard:monitor] Received state update for 1526 (app<Unknown(1526)(501)>, running-active-NotVisible
2026-05-25 19:29:41.371 I  WindowServer[619:112f] [com.apple.SkyLight:packages] 5f503[OrderWindowGroup]: order window: 28 op: 0 relative: 0
2026-05-25 19:29:41.471 E  WindowServer[619:112f] [com.apple.SkyLight:default] _CGXPackagesSetWindowConstraints: Invalid window
2026-05-25 19:29:41.538 E  WindowServer[619:112f] [com.apple.SkyLight:default] _CGXPackagesSetWindowConstraints: Invalid window
2026-05-25 19:29:41.538 E  WindowServer[619:112f] [com.apple.SkyLight:default] _CGXPackagesSetWindowConstraints: Invalid window
2026-05-25 19:29:41.990 E  WindowServer[619:112f] [com.apple.SkyLight:default] _CGXPackagesSetWindowConstraints: Invalid window
2026-05-25 19:29:41.998 A  WindowServer[619:690b1d] (RunningBoardServices) observedProcessStatesDidChange
2026-05-25 19:29:41.998 Df WindowServer[619:690b1d] [com.apple.runningboard:monitor] Received state update for 19859 (app<application.com.apple.podcasts.1152921500311897422.1152921500311898026(501)>, running-active-NotVisible
2026-05-25 19:29:42.033 A  WindowServer[619:690b1d] (RunningBoardServices) observedProcessStatesDidChange
2026-05-25 19:29:42.033 Df WindowServer[619:690b1d] [com.apple.runningboard:monitor] Received state update for 19859 (app<application.com.apple.podcasts.1152921500311897422.1152921500311898026(501)>, running-active-NotVisible
2026-05-25 19:29:42.105 A  WindowServer[619:690f6d] (RunningBoardServices) observedProcessStatesDidChange
2026-05-25 19:29:42.105 Df WindowServer[619:690f6d] [com.apple.runningboard:monitor] Received state update for 19859 (app<application.com.apple.podcasts.1152921500311897422.1152921500311898026(501)>, running-active-NotVisible
2026-05-25 19:29:42.111 A  WindowServer[619:690fb2] (RunningBoardServices) observedProcessStatesDidChange
2026-05-25 19:29:42.111 Df WindowServer[619:690fb2] [com.apple.runningboard:monitor] Received state update for 19859 (app<application.com.apple.podcasts.1152921500311897422.1152921500311898026(501)>, running-active-NotVisible
2026-05-25 19:29:42.145 A  WindowServer[619:690b1d] (RunningBoardServices) observedProcessStatesDidChange
2026-05-25 19:29:42.145 Df WindowServer[619:690b1d] [com.apple.runningboard:monitor] Received state update for 6405 (xpcservice<com.apple.WebKit.WebContent([anon<qlmanage>(501):6395])(501)>{vt hash: 0}[uuid:09634944-E62C-4864-8DA2-80FEA1910E5C]{definition:com.apple.WebKit.WebContent[standard][client]}:6405, running-active-NotVisible
2026-05-25 19:29:42.145 A  WindowServer[619:690fb2] (RunningBoardServices) observedProcessStatesDidChange
2026-05-25 19:29:42.145 Df WindowServer[619:690fb2] [com.apple.runningboard:monitor] Received state update for 6499 (xpcservice<com.apple.WebKit.WebContent([anon<qlmanage>(501):6490])(501)>{vt hash: 0}[uuid:D87B4212-D364-4CD9-A0C6-E292C95C63D0]{definition:com.apple.WebKit.WebContent[standard][client]}:6499, running-active-NotVisible
2026-05-25 19:29:42.145 A  WindowServer[619:690b1d] (RunningBoardServices) observedProcessStatesDidChange
2026-05-25 19:29:42.145 Df WindowServer[619:690b1d] [com.apple.runningboard:monitor] Received state update for 97834 (xpcservice<com.apple.WebKit.WebContent([anon<qlmanage>(501):97824])(501)>{vt hash: 0}[uuid:A1DEA94C-72CD-4BBB-829E-98FCF3C802F9]{definition:com.apple.WebKit.WebContent[standard][client]}:97834, running-active-NotVisible
2026-05-25 19:29:42.145 A  WindowServer[619:690fb2] (RunningBoardServices) observedProcessStatesDidChange
2026-05-25 19:29:42.145 Df WindowServer[619:690fb2] [com.apple.runningboard:monitor] Received state update for 6523 (xpcservice<com.apple.WebKit.WebContent([anon<qlmanage>(501):6514])(501)>{vt hash: 0}[uuid:D2BE3AA4-4D1B-4097-A70C-CC747D4AB5A7]{definition:com.apple.WebKit.WebContent[standard][client]}:6523, running-active-NotVisible
2026-05-25 19:29:42.146 A  WindowServer[619:690b1d] (RunningBoardServices) observedProcessStatesDidChange
2026-05-25 19:29:42.146 Df WindowServer[619:690b1d] [com.apple.runningboard:monitor] Received state update for 78730 (xpcservice<com.apple.WebKit.WebContent([anon<qlmanage>(501):78717])(501)>{vt hash: 0}[uuid:C7A62BF5-B02E-4935-81FA-F00149E4A211]{definition:com.apple.WebKit.WebContent[standard][client]}:78730, running-active-NotVisible
2026-05-25 19:29:42.146 Df WindowServer[619:690b1d] [com.apple.runningboard:monitor] Received state update for 19859 (app<application.com.apple.podcasts.1152921500311897422.1152921500311898026(501)>, running-active-NotVisible
2026-05-25 19:29:42.342 A  WindowServer[619:690b1d] (RunningBoardServices) observedProcessStatesDidChange
2026-05-25 19:29:42.342 Df WindowServer[619:690b1d] [com.apple.runningboard:monitor] Received state update for 19859 (app<application.com.apple.podcasts.1152921500311897422.1152921500311898026(501)>, running-active-NotVisible
2026-05-25 19:29:42.544 E  WindowServer[619:112f] [com.apple.SkyLight:default] _CGXPackagesSetWindowConstraints: Invalid window
2026-05-25 19:29:42.544 E  WindowServer[619:112f] [com.apple.SkyLight:default] _CGXPackagesSetWindowConstraints: Invalid window
2026-05-25 19:29:42.555 E  WindowServer[619:112f] [com.apple.SkyLight:default] _CGXPackagesSetWindowConstraints: Invalid window
2026-05-25 19:29:42.989 I  WindowServer[619:112f] [com.apple.SkyLight:packages] a7a13[OrderWindowGroup]: order window: a7 op: 0 relative: 0
2026-05-25 19:29:42.990 I  WindowServer[619:112f] [com.apple.SkyLight:packages] a7a13[OrderWindowGroup]: order window: b1 op: 0 relative: 0
2026-05-25 19:29:42.990 I  WindowServer[619:112f] [com.apple.SkyLight:packages] a7a13[OrderWindowGroup]: order window: a3 op: 0 relative: 0
2026-05-25 19:29:42.990 I  WindowServer[619:112f] [com.apple.SkyLight:packages] a7a13[OrderWindowGroup]: order window: 80 op: 0 relative: 0
2026-05-25 19:29:42.990 I  WindowServer[619:112f] [com.apple.SkyLight:packages] a7a13[OrderWindowGroup]: order window: 82 op: 0 relative: 0
2026-05-25 19:29:42.990 I  WindowServer[619:112f] [com.apple.SkyLight:packages] a7a13[OrderWindowGroup]: order window: 85 op: 0 relative: 0
2026-05-25 19:29:42.990 I  WindowServer[619:112f] [com.apple.SkyLight:packages] a7a13[OrderWindowGroup]: order window: 87 op: 0 relative: 0
2026-05-25 19:29:42.990 I  WindowServer[619:112f] [com.apple.SkyLight:packages] a7a13[OrderWindowGroup]: order window: 89 op: 0 relative: 0
2026-05-25 19:29:42.990 I  WindowServer[619:112f] [com.apple.SkyLight:packages] a7a13[OrderWindowGroup]: order window: 8c op: 0 relative: 0
2026-05-25 19:29:42.990 I  WindowServer[619:112f] [com.apple.SkyLight:packages] a7a13[OrderWindowGroup]: order window: 90 op: 0 relative: 0
2026-05-25 19:29:42.990 I  WindowServer[619:112f] [com.apple.SkyLight:packages] a7a13[OrderWindowGroup]: order window: 92 op: 0 relative: 0
2026-05-25 19:29:42.990 I  WindowServer[619:112f] [com.apple.SkyLight:packages] a7a13[OrderWindowGroup]: order window: 96 op: 0 relative: 0
2026-05-25 19:29:42.990 I  WindowServer[619:112f] [com.apple.SkyLight:packages] a7a13[OrderWindowGroup]: order window: 98 op: 0 relative: 0
2026-05-25 19:29:42.990 I  WindowServer[619:112f] [com.apple.SkyLight:packages] a7a13[OrderWindowGroup]: order window: 9b op: 0 relative: 0
2026-05-25 19:29:42.990 I  WindowServer[619:112f] [com.apple.SkyLight:packages] a7a13[OrderWindowGroup]: order window: 9d op: 0 relative: 0
2026-05-25 19:29:42.990 I  WindowServer[619:112f] [com.apple.SkyLight:packages] a7a13[OrderWindowGroup]: order window: 9f op: 0 relative: 0
2026-05-25 19:29:42.990 I  WindowServer[619:112f] [com.apple.SkyLight:packages] a7a13[OrderWindowGroup]: order window: a1 op: 0 relative: 0
2026-05-25 19:29:42.990 I  WindowServer[619:112f] [com.apple.SkyLight:packages] a7a13[OrderWindowGroup]: order window: a5 op: 0 relative: 0
2026-05-25 19:29:42.990 I  WindowServer[619:112f] [com.apple.SkyLight:packages] a7a13[OrderWindowGroup]: order window: a9 op: 0 relative: 0
2026-05-25 19:29:42.990 I  WindowServer[619:112f] [com.apple.SkyLight:packages] a7a13[OrderWindowGroup]: order window: ab op: 0 relative: 0
2026-05-25 19:29:42.990 I  WindowServer[619:112f] [com.apple.SkyLight:packages] a7a13[OrderWindowGroup]: order window: ad op: 0 relative: 0
2026-05-25 19:29:42.990 I  WindowServer[619:112f] [com.apple.SkyLight:packages] a7a13[OrderWindowGroup]: order window: af op: 0 relative: 0
2026-05-25 19:29:42.990 I  WindowServer[619:112f] [com.apple.SkyLight:packages] a7a13[OrderWindowGroup]: order window: b3 op: 0 relative: 0
2026-05-25 19:29:42.990 I  WindowServer[619:112f] [com.apple.SkyLight:packages] a7a13[OrderWindowGroup]: order window: c8 op: 0 relative: 0
2026-05-25 19:29:43.031 Df WindowServer[619:112f] [com.apple.FuseBoard:SkyBridge] <private> adding window 45292 with state "none"; now 86 window(s) exist.
2026-05-25 19:29:43.031 Df WindowServer[619:112f] [com.apple.FuseBoard:SkyBridge] <private> updated window 45292 from "none" to "hidden".
2026-05-25 19:29:43.046 Df WindowServer[619:112f] [com.apple.FuseBoard:SkyBridge] <private> adding window 45293 with state "none"; now 87 window(s) exist.
2026-05-25 19:29:43.046 Df WindowServer[619:112f] [com.apple.FuseBoard:SkyBridge] <private> updated window 45293 from "none" to "hidden".
2026-05-25 19:29:43.049 Df WindowServer[619:112f] [com.apple.FuseBoard:SkyBridge] <private> adding window 45294 with state "none"; now 88 window(s) exist.
2026-05-25 19:29:43.049 Df WindowServer[619:112f] [com.apple.FuseBoard:SkyBridge] <private> updated window 45294 from "none" to "hidden".
2026-05-25 19:29:43.060 Df WindowServer[619:112f] [com.apple.FuseBoard:SkyBridge] <private> adding window 45295 with state "none"; now 89 window(s) exist.
2026-05-25 19:29:43.060 Df WindowServer[619:112f] [com.apple.FuseBoard:SkyBridge] <private> updated window 45295 from "none" to "hidden".
2026-05-25 19:29:43.134 Df WindowServer[619:690b1d] [com.apple.Multitouch:Plugin] [TP] Dispatching digitizer event with 2 children, _eventMask=0x63 _childEventMask=0x62 Cancel=0 Touching=1 inRange=1
2026-05-25 19:29:43.137 A  WindowServer[619:690b1d] (RunningBoardServices) observedProcessStatesDidChange
2026-05-25 19:29:43.137 Df WindowServer[619:690b1d] [com.apple.runningboard:monitor] Received state update for 69507 (xpcservice<com.apple.WebKit.WebContent([app<application.com.apple.Safari.1110010.1110894(501)>:1412])(501)>{vt hash: 0}[uuid:277834F2-3DEF-4513-B417-56632FD4E979]{definition:com.apple.WebKit.WebContent[standard][client]}:69507, running-active-NotVisible
2026-05-25 19:29:43.139 A  WindowServer[619:690b1d] (RunningBoardServices) observedProcessStatesDidChange
2026-05-25 19:29:43.139 Df WindowServer[619:690b1d] [com.apple.runningboard:monitor] Received state update for 1998 (xpcservice<com.apple.WebKit.WebContent([app<application.com.apple.Safari.1110010.1110894(501)>:1412])(501)>{vt hash: 0}[uuid:7F11A323-3325-49A3-8B05-FE65D8D84821]{definition:com.apple.WebKit.WebContent[standard][client]}:1998, running-active-NotVisible
2026-05-25 19:29:43.157 I  WindowServer[619:112f] [com.apple.SkyLight:packages] a7a13[OrderWindow]: order window: b0b5 op: 0 relative: 0
2026-05-25 19:29:43.157 I  WindowServer[619:112f] [com.apple.SkyLight:packages] a7a13[OrderWindow]: order window: b0b4 op: 0 relative: 0
2026-05-25 19:29:43.157 I  WindowServer[619:112f] [com.apple.SkyLight:packages] a7a13[OrderWindow]: order window: b0b3 op: 0 relative: 0
2026-05-25 19:29:43.157 I  WindowServer[619:112f] [com.apple.SkyLight:packages] a7a13[OrderWindow]: order window: b0b2 op: 0 relative: 0
2026-05-25 19:29:43.159 Df WindowServer[619:112f] [com.apple.FuseBoard:SkyBridge] <private> removing window 45234; now 88 window(s) remain.
2026-05-25 19:29:43.162 Df WindowServer[619:112f] [com.apple.FuseBoard:SkyBridge] <private> removing window 45236; now 87 window(s) remain.
2026-05-25 19:29:43.163 Df WindowServer[619:112f] [com.apple.FuseBoard:SkyBridge] <private> removing window 45237; now 86 window(s) remain.
2026-05-25 19:29:43.164 Df WindowServer[619:112f] [com.apple.FuseBoard:SkyBridge] <private> removing window 45235; now 85 window(s) remain.
2026-05-25 19:29:43.228 A  WindowServer[619:690f6d] (RunningBoardServices) observedProcessStatesDidChange
2026-05-25 19:29:43.229 Df WindowServer[619:690f6d] [com.apple.runningboard:monitor] Received state update for 1671 (xpcservice<com.apple.WebKit.WebContent([app<application.com.apple.Safari.1110010.1110894(501)>:1412])(501)>{vt hash: 0}[uuid:BDBDDFE4-CF81-4A61-82DB-753CFA557978]{definition:com.apple.WebKit.WebContent[standard][client]}:1671, running-active-NotVisible
2026-05-25 19:29:43.229 A  WindowServer[619:690b1d] (RunningBoardServices) observedProcessStatesDidChange
2026-05-25 19:29:43.229 Df WindowServer[619:690b1d] [com.apple.runningboard:monitor] Received state update for 1661 (xpcservice<com.apple.WebKit.WebContent([app<application.com.apple.Safari.1110010.1110894(501)>:1412])(501)>{vt hash: 0}[uuid:AC318C03-A129-48A5-8E04-D13348737EFD]{definition:com.apple.WebKit.WebContent[standard][client]}:1661, running-active-NotVisible
2026-05-25 19:29:43.230 A  WindowServer[619:690f6d] (RunningBoardServices) observedProcessStatesDidChange
2026-05-25 19:29:43.230 Df WindowServer[619:690f6d] [com.apple.runningboard:monitor] Received state update for 1673 (xpcservice<com.apple.WebKit.WebContent([app<application.com.apple.Safari.1110010.1110894(501)>:1412])(501)>{vt hash: 0}[uuid:59CA6A95-20DC-41E9-8B89-0951984DA56F]{definition:com.apple.WebKit.WebContent[standard][client]}:1673, running-active-NotVisible
2026-05-25 19:29:43.231 A  WindowServer[619:6900d9] (RunningBoardServices) observedProcessStatesDidChange
2026-05-25 19:29:43.231 Df WindowServer[619:6900d9] [com.apple.runningboard:monitor] Received state update for 1681 (xpcservice<com.apple.WebKit.WebContent([app<application.com.apple.Safari.1110010.1110894(501)>:1412])(501)>{vt hash: 0}[uuid:11F77417-7386-48A4-8D37-2DD953E19D78]{definition:com.apple.WebKit.WebContent[standard][client]}:1681, running-active-NotVisible
2026-05-25 19:29:43.231 A  WindowServer[619:690b1d] (RunningBoardServices) observedProcessStatesDidChange
2026-05-25 19:29:43.231 Df WindowServer[619:690b1d] [com.apple.runningboard:monitor] Received state update for 1663 (xpcservice<com.apple.WebKit.WebContent([app<application.com.apple.Safari.1110010.1110894(501)>:1412])(501)>{vt hash: 0}[uuid:13B6C258-58E9-4CC3-BF36-5532081C377B]{definition:com.apple.WebKit.WebContent[standard][client]}:1663, running-active-NotVisible
2026-05-25 19:29:43.238 A  WindowServer[619:6900d9] (RunningBoardServices) observedProcessStatesDidChange
2026-05-25 19:29:43.238 Df WindowServer[619:6900d9] [com.apple.runningboard:monitor] Received state update for 69507 (xpcservice<com.apple.WebKit.WebContent([app<application.com.apple.Safari.1110010.1110894(501)>:1412])(501)>{vt hash: 0}[uuid:277834F2-3DEF-4513-B417-56632FD4E979]{definition:com.apple.WebKit.WebContent[standard][client]}:69507, running-active-NotVisible
2026-05-25 19:29:43.248 A  WindowServer[619:690f6d] (RunningBoardServices) observedProcessStatesDidChange
2026-05-25 19:29:43.248 Df WindowServer[619:690f6d] [com.apple.runningboard:monitor] Received state update for 1998 (xpcservice<com.apple.WebKit.WebContent([app<application.com.apple.Safari.1110010.1110894(501)>:1412])(501)>{vt hash: 0}[uuid:7F11A323-3325-49A3-8B05-FE65D8D84821]{definition:com.apple.WebKit.WebContent[standard][client]}:1998, running-active-NotVisible
2026-05-25 19:29:43.249 A  WindowServer[619:6900d9] (RunningBoardServices) observedProcessStatesDidChange
2026-05-25 19:29:43.249 Df WindowServer[619:6900d9] [com.apple.runningboard:monitor] Received state update for 1680 (xpcservice<com.apple.WebKit.WebContent([app<application.com.apple.Safari.1110010.1110894(501)>:1412])(501)>{vt hash: 0}[uuid:32156920-1821-46F4-AFB9-F3EA9FFD6403]{definition:com.apple.WebKit.WebContent[standard][client]}:1680, running-active-NotVisible
2026-05-25 19:29:43.304 A  WindowServer[619:690f6d] (RunningBoardServices) observedProcessStatesDidChange
2026-05-25 19:29:43.304 Df WindowServer[619:690f6d] [com.apple.runningboard:monitor] Received state update for 1661 (xpcservice<com.apple.WebKit.WebContent([app<application.com.apple.Safari.1110010.1110894(501)>:1412])(501)>{vt hash: 0}[uuid:AC318C03-A129-48A5-8E04-D13348737EFD]{definition:com.apple.WebKit.WebContent[standard][client]}:1661, running-active-NotVisible
2026-05-25 19:29:43.304 A  WindowServer[619:6900d9] (RunningBoardServices) observedProcessStatesDidChange
2026-05-25 19:29:43.304 Df WindowServer[619:6900d9] [com.apple.runningboard:monitor] Received state update for 1680 (xpcservice<com.apple.WebKit.WebContent([app<application.com.apple.Safari.1110010.1110894(501)>:1412])(501)>{vt hash: 0}[uuid:32156920-1821-46F4-AFB9-F3EA9FFD6403]{definition:com.apple.WebKit.WebContent[standard][client]}:1680, running-active-NotVisible
2026-05-25 19:29:43.304 Df WindowServer[619:6900d9] [com.apple.runningboard:monitor] Received state update for 1663 (xpcservice<com.apple.WebKit.WebContent([app<application.com.apple.Safari.1110010.1110894(501)>:1412])(501)>{vt hash: 0}[uuid:13B6C258-58E9-4CC3-BF36-5532081C377B]{definition:com.apple.WebKit.WebContent[standard][client]}:1663, running-active-NotVisible
2026-05-25 19:29:43.304 Df WindowServer[619:6900d9] [com.apple.runningboard:monitor] Received state update for 1681 (xpcservice<com.apple.WebKit.WebContent([app<application.com.apple.Safari.1110010.1110894(501)>:1412])(501)>{vt hash: 0}[uuid:11F77417-7386-48A4-8D37-2DD953E19D78]{definition:com.apple.WebKit.WebContent[standard][client]}:1681, running-active-NotVisible
2026-05-25 19:29:43.304 Df WindowServer[619:6900d9] [com.apple.runningboard:monitor] Received state update for 1671 (xpcservice<com.apple.WebKit.WebContent([app<application.com.apple.Safari.1110010.1110894(501)>:1412])(501)>{vt hash: 0}[uuid:BDBDDFE4-CF81-4A61-82DB-753CFA557978]{definition:com.apple.WebKit.WebContent[standard][client]}:1671, running-active-NotVisible
2026-05-25 19:29:43.304 Df WindowServer[619:6900d9] [com.apple.runningboard:monitor] Received state update for 1673 (xpcservice<com.apple.WebKit.WebContent([app<application.com.apple.Safari.1110010.1110894(501)>:1412])(501)>{vt hash: 0}[uuid:59CA6A95-20DC-41E9-8B89-0951984DA56F]{definition:com.apple.WebKit.WebContent[standard][client]}:1673, running-active-NotVisible
2026-05-25 19:29:43.347 I  WindowServer[619:112f] [com.apple.SkyLight:packages] 5f503[OrderWindowGroup]: order window: 28 op: 1 relative: 0
2026-05-25 19:29:43.360 Df WindowServer[619:112f] [com.apple.SkyLight:default] pid 1188 failed to act on a ping it dequeued before timing out.
2026-05-25 19:29:43.361 Df WindowServer[619:112f] [com.apple.SkyLight:default] pid 1222 failed to act on a ping it dequeued before timing out.
2026-05-25 19:29:43.362 Df WindowServer[619:112f] [com.apple.SkyLight:default] pid 930 failed to act on a ping it dequeued before timing out.
2026-05-25 19:29:43.493 I  WindowServer[619:112f] [com.apple.SkyLight:packages] 5f503[OrderWindowGroup]: order window: 28 op: 0 relative: 0
2026-05-25 19:29:43.510 A  WindowServer[619:6900d9] (RunningBoardServices) observedProcessStatesDidChange
2026-05-25 19:29:43.510 Df WindowServer[619:6900d9] [com.apple.runningboard:monitor] Received state update for 1690 (xpcservice<com.apple.WebKit.WebContent([app<application.com.apple.Safari.1110010.1110894(501)>:1412])(501)>{vt hash: 0}[uuid:0D1CC921-6C78-461C-8B5B-66A6C2705DCA]{definition:com.apple.WebKit.WebContent[standard][client]}:1690, running-active-NotVisible
2026-05-25 19:29:43.533 A  WindowServer[619:6900d9] (RunningBoardServices) observedProcessStatesDidChange
2026-05-25 19:29:43.533 Df WindowServer[619:6900d9] [com.apple.runningboard:monitor] Received state update for 1690 (xpcservice<com.apple.WebKit.WebContent([app<application.com.apple.Safari.1110010.1110894(501)>:1412])(501)>{vt hash: 0}[uuid:0D1CC921-6C78-461C-8B5B-66A6C2705DCA]{definition:com.apple.WebKit.WebContent[standard][client]}:1690, running-active-NotVisible
2026-05-25 19:29:43.550 E  WindowServer[619:112f] [com.apple.SkyLight:default] _CGXPackagesSetWindowConstraints: Invalid window
2026-05-25 19:29:43.550 E  WindowServer[619:112f] [com.apple.SkyLight:default] _CGXPackagesSetWindowConstraints: Invalid window
2026-05-25 19:29:43.556 A  WindowServer[619:6900d9] (RunningBoardServices) observedProcessStatesDidChange
2026-05-25 19:29:43.556 Df WindowServer[619:6900d9] [com.apple.runningboard:monitor] Received state update for 1677 (xpcservice<com.apple.WebKit.WebContent([app<application.com.apple.Safari.1110010.1110894(501)>:1412])(501)>{vt hash: 0}[uuid:5C2DFB60-B473-4B3C-821A-6CED5680FFDB]{definition:com.apple.WebKit.WebContent[standard][client]}:1677, running-active-NotVisible
2026-05-25 19:29:43.565 E  WindowServer[619:112f] [com.apple.SkyLight:default] _CGXPackagesSetWindowConstraints: Invalid window
2026-05-25 19:29:43.662 A  WindowServer[619:690fb2] (RunningBoardServices) observedProcessStatesDidChange
2026-05-25 19:29:43.663 Df WindowServer[619:690fb2] [com.apple.runningboard:monitor] Received state update for 1677 (xpcservice<com.apple.WebKit.WebContent([app<application.com.apple.Safari.1110010.1110894(501)>:1412])(501)>{vt hash: 0}[uuid:5C2DFB60-B473-4B3C-821A-6CED5680FFDB]{definition:com.apple.WebKit.WebContent[standard][client]}:1677, running-active-NotVisible
2026-05-25 19:29:44.056 Df WindowServer[619:690f6d] [com.apple.Multitouch:Plugin] [TP] Dispatching digitizer event with 2 children, _eventMask=0x2 _childEventMask=0x2 Cancel=0 Touching=0 inRange=1
2026-05-25 19:29:44.207 E  WindowServer[619:1252] [com.apple.coreanimation:Render] timed out fence 2658585188738
2026-05-25 19:29:44.364 Df WindowServer[619:6900d9] [com.apple.Multitouch:Plugin] [TP] Dispatching digitizer event with 2 children, _eventMask=0x63 _childEventMask=0x62 Cancel=0 Touching=1 inRange=1
2026-05-25 19:29:44.545 E  WindowServer[619:112f] [com.apple.SkyLight:default] _CGXPackagesSetWindowConstraints: Invalid window
2026-05-25 19:29:44.545 E  WindowServer[619:112f] [com.apple.SkyLight:default] _CGXPackagesSetWindowConstraints: Invalid window
2026-05-25 19:29:44.561 E  WindowServer[619:112f] [com.apple.SkyLight:default] _CGXPackagesSetWindowConstraints: Invalid window
2026-05-25 19:29:44.593 A  WindowServer[619:690fb2] (RunningBoardServices) observedProcessStatesDidChange
2026-05-25 19:29:44.593 Df WindowServer[619:690fb2] [com.apple.runningboard:monitor] Received state update for 1712 (xpcservice<com.apple.WebKit.WebContent([app<application.com.apple.Safari.1110010.1110894(501)>:1412])(501)>{vt hash: 0}[uuid:E39C338D-2123-4866-B4F2-EBBA649D947A]{definition:com.apple.WebKit.WebContent[standard][client]}:1712, running-active-NotVisible
2026-05-25 19:29:44.601 A  WindowServer[619:6900d9] (RunningBoardServices) observedProcessStatesDidChange
2026-05-25 19:29:44.602 Df WindowServer[619:6900d9] [com.apple.runningboard:monitor] Received state update for 1673 (xpcservice<com.apple.WebKit.WebContent([app<application.com.apple.Safari.1110010.1110894(501)>:1412])(501)>{vt hash: 0}[uuid:59CA6A95-20DC-41E9-8B89-0951984DA56F]{definition:com.apple.WebKit.WebContent[standard][client]}:1673, running-suspended-NotVisible
2026-05-25 19:29:44.603 A  WindowServer[619:690fb2] (RunningBoardServices) observedProcessStatesDidChange
2026-05-25 19:29:44.603 Df WindowServer[619:690fb2] [com.apple.runningboard:monitor] Received state update for 69507 (xpcservice<com.apple.WebKit.WebContent([app<application.com.apple.Safari.1110010.1110894(501)>:1412])(501)>{vt hash: 0}[uuid:277834F2-3DEF-4513-B417-56632FD4E979]{definition:com.apple.WebKit.WebContent[standard][client]}:69507, running-active-NotVisible
2026-05-25 19:29:44.603 Df WindowServer[619:690fb2] [com.apple.runningboard:monitor] Received state update for 1680 (xpcservice<com.apple.WebKit.WebContent([app<application.com.apple.Safari.1110010.1110894(501)>:1412])(501)>{vt hash: 0}[uuid:32156920-1821-46F4-AFB9-F3EA9FFD6403]{definition:com.apple.WebKit.WebContent[standard][client]}:1680, running-suspended-NotVisible
2026-05-25 19:29:44.603 Df WindowServer[619:690fb2] [com.apple.runningboard:monitor] Received state update for 1679 (xpcservice<com.apple.WebKit.WebContent([app<application.com.apple.Safari.1110010.1110894(501)>:1412])(501)>{vt hash: 0}[uuid:C6C19F6D-E2E8-4BD8-8D67-B8B26BBA0DF6]{definition:com.apple.WebKit.WebContent[standard][client]}:1679, running-suspended-NotVisible
2026-05-25 19:29:44.603 Df WindowServer[619:690fb2] [com.apple.runningboard:monitor] Received state update for 1998 (xpcservice<com.apple.WebKit.WebContent([app<application.com.apple.Safari.1110010.1110894(501)>:1412])(501)>{vt hash: 0}[uuid:7F11A323-3325-49A3-8B05-FE65D8D84821]{definition:com.apple.WebKit.WebContent[standard][client]}:1998, running-active-NotVisible
2026-05-25 19:29:44.603 Df WindowServer[619:690fb2] [com.apple.runningboard:monitor] Received state update for 1526 (app<Unknown(1526)(501)>, running-active-NotVisible
2026-05-25 19:29:44.603 Df WindowServer[619:690fb2] [com.apple.runningboard:monitor] Received state update for 1681 (xpcservice<com.apple.WebKit.WebContent([app<application.com.apple.Safari.1110010.1110894(501)>:1412])(501)>{vt hash: 0}[uuid:11F77417-7386-48A4-8D37-2DD953E19D78]{definition:com.apple.WebKit.WebContent[standard][client]}:1681, running-suspended-NotVisible
2026-05-25 19:29:44.603 Df WindowServer[619:690fb2] [com.apple.runningboard:monitor] Received state update for 1671 (xpcservice<com.apple.WebKit.WebContent([app<application.com.apple.Safari.1110010.1110894(501)>:1412])(501)>{vt hash: 0}[uuid:BDBDDFE4-CF81-4A61-82DB-753CFA557978]{definition:com.apple.WebKit.WebContent[standard][client]}:1671, running-suspended-NotVisible
2026-05-25 19:29:44.643 A  WindowServer[619:690fb2] (RunningBoardServices) observedProcessStatesDidChange
2026-05-25 19:29:44.643 Df WindowServer[619:690fb2] [com.apple.runningboard:monitor] Received state update for 1670 (xpcservice<com.apple.WebKit.WebContent([app<application.com.apple.Safari.1110010.1110894(501)>:1412])(501)>{vt hash: 0}[uuid:535B0C90-083D-431F-BE4E-C3F2356A399D]{definition:com.apple.WebKit.WebContent[standard][client]}:1670, running-active-NotVisible
2026-05-25 19:29:44.657 A  WindowServer[619:6900d9] (RunningBoardServices) observedProcessStatesDidChange
2026-05-25 19:29:44.657 Df WindowServer[619:6900d9] [com.apple.runningboard:monitor] Received state update for 1671 (xpcservice<com.apple.WebKit.WebContent([app<application.com.apple.Safari.1110010.1110894(501)>:1412])(501)>{vt hash: 0}[uuid:BDBDDFE4-CF81-4A61-82DB-753CFA557978]{definition:com.apple.WebKit.WebContent[standard][client]}:1671, running-active-NotVisible
2026-05-25 19:29:44.666 A  WindowServer[619:690fb2] (RunningBoardServices) observedProcessStatesDidChange
2026-05-25 19:29:44.666 Df WindowServer[619:690fb2] [com.apple.runningboard:monitor] Received state update for 1673 (xpcservice<com.apple.WebKit.WebContent([app<application.com.apple.Safari.1110010.1110894(501)>:1412])(501)>{vt hash: 0}[uuid:59CA6A95-20DC-41E9-8B89-0951984DA56F]{definition:com.apple.WebKit.WebContent[standard][client]}:1673, running-active-NotVisible
2026-05-25 19:29:44.668 A  WindowServer[619:690fb2] (RunningBoardServices) observedProcessStatesDidChange
2026-05-25 19:29:44.668 Df WindowServer[619:690fb2] [com.apple.runningboard:monitor] Received state update for 1681 (xpcservice<com.apple.WebKit.WebContent([app<application.com.apple.Safari.1110010.1110894(501)>:1412])(501)>{vt hash: 0}[uuid:11F77417-7386-48A4-8D37-2DD953E19D78]{definition:com.apple.WebKit.WebContent[standard][client]}:1681, running-active-NotVisible
2026-05-25 19:29:44.669 A  WindowServer[619:6900d9] (RunningBoardServices) observedProcessStatesDidChange
2026-05-25 19:29:44.669 Df WindowServer[619:6900d9] [com.apple.runningboard:monitor] Received state update for 1680 (xpcservice<com.apple.WebKit.WebContent([app<application.com.apple.Safari.1110010.1110894(501)>:1412])(501)>{vt hash: 0}[uuid:32156920-1821-46F4-AFB9-F3EA9FFD6403]{definition:com.apple.WebKit.WebContent[standard][client]}:1680, running-active-NotVisible
2026-05-25 19:29:44.670 A  WindowServer[619:690fb2] (RunningBoardServices) observedProcessStatesDidChange
2026-05-25 19:29:44.670 Df WindowServer[619:690fb2] [com.apple.runningboard:monitor] Received state update for 1679 (xpcservice<com.apple.WebKit.WebContent([app<application.com.apple.Safari.1110010.1110894(501)>:1412])(501)>{vt hash: 0}[uuid:C6C19F6D-E2E8-4BD8-8D67-B8B26BBA0DF6]{definition:com.apple.WebKit.WebContent[standard][client]}:1679, running-active-NotVisible
2026-05-25 19:29:44.817 Df WindowServer[619:690f6d] [com.apple.Multitouch:Plugin] [TP] Dispatching digitizer event with 2 children, _eventMask=0x42 _childEventMask=0x42 Cancel=0 Touching=0 inRange=1
2026-05-25 19:29:44.897 Df WindowServer[619:112f] [com.apple.xpc:connection] [0x703dfc8c0] activating connection: mach=true listener=false peer=false name=com.apple.storagekitd.dm
2026-05-25 19:29:44.917 Df WindowServer[619:112f] [com.apple.xpc:connection] [0x703dfc8c0] invalidated because the current process cancelled the connection by calling xpc_connection_cancel()
2026-05-25 19:29:45.052 Df WindowServer[619:6900d9] [com.apple.Multitouch:Plugin] [TP] Dispatching digitizer event with 2 children, _eventMask=0x63 _childEventMask=0x62 Cancel=0 Touching=1 inRange=1
2026-05-25 19:29:45.398 E  WindowServer[619:112f] [com.apple.SkyLight:default] Clearing datagram buffer for cid 0x3d8423. Client state: Data count: 16720 connectionIsUnresponsive: 0 clientMayIgnoreEvents: 1 clientIsSuspended: 0
2026-05-25 19:29:45.523 E  WindowServer[619:1252] [com.apple.coreanimation:Render] timed out batch 73dd6b
2026-05-25 19:29:45.542 E  WindowServer[619:112f] [com.apple.SkyLight:default] _CGXPackagesSetWindowConstraints: Invalid window
2026-05-25 19:29:45.553 E  WindowServer[619:112f] [com.apple.SkyLight:default] _CGXPackagesSetWindowConstraints: Invalid window
2026-05-25 19:29:45.582 E  WindowServer[619:112f] [com.apple.SkyLight:default] _CGXPackagesSetWindowConstraints: Invalid window
2026-05-25 19:29:45.600 E  WindowServer[619:112f] [com.apple.SkyLight:default] _CGXPackagesSetWindowConstraints: Invalid window
2026-05-25 19:29:45.600 E  WindowServer[619:112f] [com.apple.SkyLight:default] _CGXPackagesSetWindowConstraints: Invalid window
2026-05-25 19:29:45.601 E  WindowServer[619:112f] [com.apple.SkyLight:default] _CGXPackagesSetWindowConstraints: Invalid window
2026-05-25 19:29:45.601 E  WindowServer[619:112f] [com.apple.SkyLight:default] _CGXPackagesSetWindowConstraints: Invalid window
2026-05-25 19:29:45.601 E  WindowServer[619:112f] [com.apple.SkyLight:default] _CGXPackagesSetWindowConstraints: Invalid window
2026-05-25 19:29:45.631 E  WindowServer[619:112f] [com.apple.SkyLight:default] _CGXPackagesSetWindowConstraints: Invalid window
2026-05-25 19:29:45.647 E  WindowServer[619:112f] [com.apple.SkyLight:default] _CGXPackagesSetWindowConstraints: Invalid window
2026-05-25 19:29:45.697 E  WindowServer[619:112f] [com.apple.SkyLight:default] _CGXPackagesSetWindowConstraints: Invalid window
2026-05-25 19:29:45.732 E  WindowServer[619:112f] [com.apple.SkyLight:default] _CGXPackagesSetWindowConstraints: Invalid window
2026-05-25 19:29:45.756 Df WindowServer[619:690f6d] [com.apple.Multitouch:Plugin] [TP] Dispatching digitizer event with 2 children, _eventMask=0x2 _childEventMask=0x2 Cancel=0 Touching=0 inRange=1
2026-05-25 19:29:45.944 E  WindowServer[619:112f] [com.apple.SkyLight:default] _CGXPackagesSetWindowConstraints: Invalid window
2026-05-25 19:29:45.976 E  WindowServer[619:112f] [com.apple.SkyLight:default] _CGXPackagesSetWindowConstraints: Invalid window
2026-05-25 19:29:45.998 E  WindowServer[619:112f] [com.apple.SkyLight:default] _CGXPackagesSetWindowConstraints: Invalid window
2026-05-25 19:29:45.998 E  WindowServer[619:112f] [com.apple.SkyLight:default] _CGXPackagesSetWindowConstraints: Invalid window
2026-05-25 19:29:46.214 E  WindowServer[619:112f] [com.apple.SkyLight:default] _CGXPackagesSetWindowConstraints: Invalid window
2026-05-25 19:29:46.335 E  WindowServer[619:112f] [com.apple.SkyLight:default] _CGXPackagesSetWindowConstraints: Invalid window
2026-05-25 19:29:46.553 E  WindowServer[619:112f] [com.apple.SkyLight:default] _CGXPackagesSetWindowConstraints: Invalid window
2026-05-25 19:29:46.553 E  WindowServer[619:112f] [com.apple.SkyLight:default] _CGXPackagesSetWindowConstraints: Invalid window
2026-05-25 19:29:46.553 E  WindowServer[619:112f] [com.apple.SkyLight:default] _CGXPackagesSetWindowConstraints: Invalid window
2026-05-25 19:29:47.537 E  WindowServer[619:112f] [com.apple.SkyLight:default] _CGXPackagesSetWindowConstraints: Invalid window
2026-05-25 19:29:47.538 E  WindowServer[619:112f] [com.apple.SkyLight:default] _CGXPackagesSetWindowConstraints: Invalid window
2026-05-25 19:29:47.568 E  WindowServer[619:112f] [com.apple.SkyLight:default] _CGXPackagesSetWindowConstraints: Invalid window
2026-05-25 19:29:47.801 I  WindowServer[619:112f] [com.apple.SkyLight:packages] a7a13[OrderWindowGroup]: order window: a7 op: 0 relative: 0
2026-05-25 19:29:47.801 I  WindowServer[619:112f] [com.apple.SkyLight:packages] a7a13[OrderWindowGroup]: order window: b1 op: 0 relative: 0
2026-05-25 19:29:47.801 I  WindowServer[619:112f] [com.apple.SkyLight:packages] a7a13[OrderWindowGroup]: order window: a3 op: 0 relative: 0
2026-05-25 19:29:47.801 I  WindowServer[619:112f] [com.apple.SkyLight:packages] a7a13[OrderWindowGroup]: order window: 80 op: 0 relative: 0
2026-05-25 19:29:47.801 I  WindowServer[619:112f] [com.apple.SkyLight:packages] a7a13[OrderWindowGroup]: order window: 82 op: 0 relative: 0
2026-05-25 19:29:47.801 I  WindowServer[619:112f] [com.apple.SkyLight:packages] a7a13[OrderWindowGroup]: order window: 85 op: 0 relative: 0
2026-05-25 19:29:47.801 I  WindowServer[619:112f] [com.apple.SkyLight:packages] a7a13[OrderWindowGroup]: order window: 87 op: 0 relative: 0
2026-05-25 19:29:47.801 I  WindowServer[619:112f] [com.apple.SkyLight:packages] a7a13[OrderWindowGroup]: order window: 89 op: 0 relative: 0
2026-05-25 19:29:47.801 I  WindowServer[619:112f] [com.apple.SkyLight:packages] a7a13[OrderWindowGroup]: order window: 8c op: 0 relative: 0
2026-05-25 19:29:47.801 I  WindowServer[619:112f] [com.apple.SkyLight:packages] a7a13[OrderWindowGroup]: order window: 90 op: 0 relative: 0
2026-05-25 19:29:47.801 I  WindowServer[619:112f] [com.apple.SkyLight:packages] a7a13[OrderWindowGroup]: order window: 92 op: 0 relative: 0
2026-05-25 19:29:47.801 I  WindowServer[619:112f] [com.apple.SkyLight:packages] a7a13[OrderWindowGroup]: order window: 96 op: 0 relative: 0
2026-05-25 19:29:47.801 I  WindowServer[619:112f] [com.apple.SkyLight:packages] a7a13[OrderWindowGroup]: order window: 98 op: 0 relative: 0
2026-05-25 19:29:47.801 I  WindowServer[619:112f] [com.apple.SkyLight:packages] a7a13[OrderWindowGroup]: order window: 9b op: 0 relative: 0
2026-05-25 19:29:47.801 I  WindowServer[619:112f] [com.apple.SkyLight:packages] a7a13[OrderWindowGroup]: order window: 9d op: 0 relative: 0
2026-05-25 19:29:47.801 I  WindowServer[619:112f] [com.apple.SkyLight:packages] a7a13[OrderWindowGroup]: order window: 9f op: 0 relative: 0
2026-05-25 19:29:47.801 I  WindowServer[619:112f] [com.apple.SkyLight:packages] a7a13[OrderWindowGroup]: order window: a1 op: 0 relative: 0
2026-05-25 19:29:47.801 I  WindowServer[619:112f] [com.apple.SkyLight:packages] a7a13[OrderWindowGroup]: order window: a5 op: 0 relative: 0
2026-05-25 19:29:47.801 I  WindowServer[619:112f] [com.apple.SkyLight:packages] a7a13[OrderWindowGroup]: order window: a9 op: 0 relative: 0
2026-05-25 19:29:47.802 I  WindowServer[619:112f] [com.apple.SkyLight:packages] a7a13[OrderWindowGroup]: order window: ab op: 0 relative: 0
2026-05-25 19:29:47.802 I  WindowServer[619:112f] [com.apple.SkyLight:packages] a7a13[OrderWindowGroup]: order window: ad op: 0 relative: 0
2026-05-25 19:29:47.802 I  WindowServer[619:112f] [com.apple.SkyLight:packages] a7a13[OrderWindowGroup]: order window: af op: 0 relative: 0
2026-05-25 19:29:47.802 I  WindowServer[619:112f] [com.apple.SkyLight:packages] a7a13[OrderWindowGroup]: order window: b3 op: 0 relative: 0
2026-05-25 19:29:47.802 I  WindowServer[619:112f] [com.apple.SkyLight:packages] a7a13[OrderWindowGroup]: order window: c8 op: 0 relative: 0
2026-05-25 19:29:47.849 A  WindowServer[619:690fb2] (RunningBoardServices) observedProcessStatesDidChange
2026-05-25 19:29:47.849 Df WindowServer[619:690fb2] [com.apple.runningboard:monitor] Received state update for 1503 (app<application.com.apple.MobileSMS.1152921500311888381.1152921500311888451(501)>, running-active-NotVisible
2026-05-25 19:29:47.851 A  WindowServer[619:690841] (RunningBoardServices) observedProcessStatesDidChange
2026-05-25 19:29:47.851 Df WindowServer[619:690841] [com.apple.runningboard:monitor] Received state update for 17038 (xpcservice<com.apple.PaperKit.extension.ui([app<application.com.apple.Notes.1152921500311894402.1152921500311894407(501)>:1411])(501)>{vt hash: 215804005}{definition:com.apple.PaperKit.extension.ui[extension][client]}, running-active-NotVisible
2026-05-25 19:29:47.851 A  WindowServer[619:690841] (RunningBoardServices) observedProcessStatesDidChange
2026-05-25 19:29:47.851 Df WindowServer[619:690841] [com.apple.runningboard:monitor] Received state update for 19859 (app<application.com.apple.podcasts.1152921500311897422.1152921500311898026(501)>, running-active-NotVisible
2026-05-25 19:29:47.851 A  WindowServer[619:690fb2] (RunningBoardServices) observedProcessStatesDidChange
2026-05-25 19:29:47.851 Df WindowServer[619:690fb2] [com.apple.runningboard:monitor] Received state update for 1526 (app<Unknown(1526)(501)>, running-active-NotVisible
2026-05-25 19:29:47.961 A  WindowServer[619:690841] (RunningBoardServices) observedProcessStatesDidChange
2026-05-25 19:29:47.961 Df WindowServer[619:690841] [com.apple.runningboard:monitor] Received state update for 17038 (xpcservice<com.apple.PaperKit.extension.ui([app<application.com.apple.Notes.1152921500311894402.1152921500311894407(501)>:1411])(501)>{vt hash: 215804005}{definition:com.apple.PaperKit.extension.ui[extension][client]}, running-active-NotVisible
2026-05-25 19:29:47.962 A  WindowServer[619:690fb2] (RunningBoardServices) observedProcessStatesDidChange
2026-05-25 19:29:47.962 Df WindowServer[619:690fb2] [com.apple.runningboard:monitor] Received state update for 1503 (app<application.com.apple.MobileSMS.1152921500311888381.1152921500311888451(501)>, running-active-NotVisible
2026-05-25 19:29:47.962 Df WindowServer[619:690fb2] [com.apple.runningboard:monitor] Received state update for 19859 (app<application.com.apple.podcasts.1152921500311897422.1152921500311898026(501)>, running-active-NotVisible
2026-05-25 19:29:48.011 A  WindowServer[619:690fb2] (RunningBoardServices) observedProcessStatesDidChange
2026-05-25 19:29:48.014 Df WindowServer[619:690fb2] [com.apple.runningboard:process] Hit the server for a process handle c535b8a00002fd8 that resolved to: [xpcservice<com.apple.WebKit.WebContent([app<application.com.apple.Safari.1110010.1110894(501)>:1412])(501)>{vt hash: 0}[uuid:14C436D8-AF15-43C7-86FA-630BDCD0150B]{definition:com.apple.WebKit.WebContent[standard][client]}:12248:12248]
2026-05-25 19:29:48.014 Df WindowServer[619:690fb2] [com.apple.runningboard:monitor] Received state update for 12248 (xpcservice<com.apple.WebKit.WebContent([app<application.com.apple.Safari.1110010.1110894(501)>:1412])(501)>{vt hash: 0}[uuid:14C436D8-AF15-43C7-86FA-630BDCD0150B]{definition:com.apple.WebKit.WebContent[standard][client]}:12248, running-suspended-NotVisible
2026-05-25 19:29:48.018 A  WindowServer[619:690841] (RunningBoardServices) observedProcessStatesDidChange
2026-05-25 19:29:48.018 Df WindowServer[619:690841] [com.apple.runningboard:monitor] Received state update for 12248 (xpcservice<com.apple.WebKit.WebContent([app<application.com.apple.Safari.1110010.1110894(501)>:1412])(501)>{vt hash: 0}[uuid:14C436D8-AF15-43C7-86FA-630BDCD0150B]{definition:com.apple.WebKit.WebContent[standard][client]}:12248, running-active-NotVisible
2026-05-25 19:29:48.065 A  WindowServer[619:690fb2] (RunningBoardServices) observedProcessStatesDidChange
2026-05-25 19:29:48.065 Df WindowServer[619:690fb2] [com.apple.runningboard:monitor] Received state update for 17038 (xpcservice<com.apple.PaperKit.extension.ui([app<application.com.apple.Notes.1152921500311894402.1152921500311894407(501)>:1411])(501)>{vt hash: 215804005}{definition:com.apple.PaperKit.extension.ui[extension][client]}, running-active-NotVisible
2026-05-25 19:29:48.065 A  WindowServer[619:690841] (RunningBoardServices) observedProcessStatesDidChange
2026-05-25 19:29:48.065 Df WindowServer[619:690841] [com.apple.runningboard:monitor] Received state update for 1503 (app<application.com.apple.MobileSMS.1152921500311888381.1152921500311888451(501)>, running-active-NotVisible
2026-05-25 19:29:48.065 Df WindowServer[619:690841] [com.apple.runningboard:monitor] Received state update for 19859 (app<application.com.apple.podcasts.1152921500311897422.1152921500311898026(501)>, running-active-NotVisible
2026-05-25 19:29:48.068 A  WindowServer[619:690fb2] (RunningBoardServices) observedProcessStatesDidChange
2026-05-25 19:29:48.068 Df WindowServer[619:690fb2] [com.apple.runningboard:monitor] Received state update for 17038 (xpcservice<com.apple.PaperKit.extension.ui([app<application.com.apple.Notes.1152921500311894402.1152921500311894407(501)>:1411])(501)>{vt hash: 215804005}{definition:com.apple.PaperKit.extension.ui[extension][client]}, running-active-NotVisible
2026-05-25 19:29:48.068 A  WindowServer[619:690841] (RunningBoardServices) observedProcessStatesDidChange
2026-05-25 19:29:48.068 Df WindowServer[619:690841] [com.apple.runningboard:monitor] Received state update for 1503 (app<application.com.apple.MobileSMS.1152921500311888381.1152921500311888451(501)>, running-active-NotVisible
2026-05-25 19:29:48.068 A  WindowServer[619:690fb2] (RunningBoardServices) observedProcessStatesDidChange
2026-05-25 19:29:48.068 Df WindowServer[619:690fb2] [com.apple.runningboard:monitor] Received state update for 19859 (app<application.com.apple.podcasts.1152921500311897422.1152921500311898026(501)>, running-active-NotVisible
2026-05-25 19:29:48.228 A  WindowServer[619:690841] (RunningBoardServices) observedProcessStatesDidChange
2026-05-25 19:29:48.228 Df WindowServer[619:690841] [com.apple.runningboard:monitor] Received state update for 7243 (xpcservice<com.apple.WebKit.WebContent([app<application.com.apple.Safari.1110010.1110894(501)>:1412])(501)>{vt hash: 0}[uuid:36187C09-EB9F-4B8F-8DA2-2128732013A7]{definition:com.apple.WebKit.WebContent[standard][client]}:7243, running-active-NotVisible
2026-05-25 19:29:48.259 A  WindowServer[619:690841] (RunningBoardServices) observedProcessStatesDidChange
2026-05-25 19:29:48.259 Df WindowServer[619:690841] [com.apple.runningboard:monitor] Received state update for 7243 (xpcservice<com.apple.WebKit.WebContent([app<application.com.apple.Safari.1110010.1110894(501)>:1412])(501)>{vt hash: 0}[uuid:36187C09-EB9F-4B8F-8DA2-2128732013A7]{definition:com.apple.WebKit.WebContent[standard][client]}:7243, running-active-NotVisible
2026-05-25 19:29:48.537 E  WindowServer[619:112f] [com.apple.SkyLight:default] _CGXPackagesSetWindowConstraints: Invalid window
2026-05-25 19:29:48.537 E  WindowServer[619:112f] [com.apple.SkyLight:default] _CGXPackagesSetWindowConstraints: Invalid window
2026-05-25 19:29:48.548 E  WindowServer[619:112f] [com.apple.SkyLight:default] _CGXPackagesSetWindowConstraints: Invalid window
2026-05-25 19:29:48.585 A  WindowServer[619:690fb2] (RunningBoardServices) observedProcessStatesDidChange
2026-05-25 19:29:48.585 Df WindowServer[619:690fb2] [com.apple.runningboard:monitor] Received state update for 1663 (xpcservice<com.apple.WebKit.WebContent([app<application.com.apple.Safari.1110010.1110894(501)>:1412])(501)>{vt hash: 0}[uuid:13B6C258-58E9-4CC3-BF36-5532081C377B]{definition:com.apple.WebKit.WebContent[standard][client]}:1663, running-active-NotVisible
2026-05-25 19:29:48.693 A  WindowServer[619:690841] (RunningBoardServices) observedProcessStatesDidChange
2026-05-25 19:29:48.693 Df WindowServer[619:690841] [com.apple.runningboard:monitor] Received state update for 1663 (xpcservice<com.apple.WebKit.WebContent([app<application.com.apple.Safari.1110010.1110894(501)>:1412])(501)>{vt hash: 0}[uuid:13B6C258-58E9-4CC3-BF36-5532081C377B]{definition:com.apple.WebKit.WebContent[standard][client]}:1663, running-active-NotVisible
2026-05-25 19:29:48.803 A  WindowServer[619:690fb2] (RunningBoardServices) observedProcessStatesDidChange
2026-05-25 19:29:48.803 Df WindowServer[619:690fb2] [com.apple.runningboard:monitor] Received state update for 7276 (xpcservice<com.apple.WebKit.WebContent([app<application.com.apple.Safari.1110010.1110894(501)>:1412])(501)>{vt hash: 0}[uuid:95575FA1-211E-4CEF-A8BE-B3E5A332817C]{definition:com.apple.WebKit.WebContent[standard][client]}:7276, running-active-NotVisible
2026-05-25 19:29:48.883 A  WindowServer[619:690841] (RunningBoardServices) observedProcessStatesDidChange
2026-05-25 19:29:48.883 Df WindowServer[619:690841] [com.apple.runningboard:monitor] Received state update for 1661 (xpcservice<com.apple.WebKit.WebContent([app<application.com.apple.Safari.1110010.1110894(501)>:1412])(501)>{vt hash: 0}[uuid:AC318C03-A129-48A5-8E04-D13348737EFD]{definition:com.apple.WebKit.WebContent[standard][client]}:1661, running-active-NotVisible
2026-05-25 19:29:48.886 A  WindowServer[619:690fb2] (RunningBoardServices) observedProcessStatesDidChange
2026-05-25 19:29:48.886 Df WindowServer[619:690fb2] [com.apple.runningboard:monitor] Received state update for 1673 (xpcservice<com.apple.WebKit.WebContent([app<application.com.apple.Safari.1110010.1110894(501)>:1412])(501)>{vt hash: 0}[uuid:59CA6A95-20DC-41E9-8B89-0951984DA56F]{definition:com.apple.WebKit.WebContent[standard][client]}:1673, running-active-NotVisible
2026-05-25 19:29:48.910 A  WindowServer[619:690841] (RunningBoardServices) observedProcessStatesDidChange
2026-05-25 19:29:48.910 Df WindowServer[619:690841] [com.apple.runningboard:monitor] Received state update for 1673 (xpcservice<com.apple.WebKit.WebContent([app<application.com.apple.Safari.1110010.1110894(501)>:1412])(501)>{vt hash: 0}[uuid:59CA6A95-20DC-41E9-8B89-0951984DA56F]{definition:com.apple.WebKit.WebContent[standard][client]}:1673, running-active-NotVisible
2026-05-25 19:29:48.910 A  WindowServer[619:690fb2] (RunningBoardServices) observedProcessStatesDidChange
2026-05-25 19:29:48.910 Df WindowServer[619:690fb2] [com.apple.runningboard:monitor] Received state update for 7276 (xpcservice<com.apple.WebKit.WebContent([app<application.com.apple.Safari.1110010.1110894(501)>:1412])(501)>{vt hash: 0}[uuid:95575FA1-211E-4CEF-A8BE-B3E5A332817C]{definition:com.apple.WebKit.WebContent[standard][client]}:7276, running-active-NotVisible
2026-05-25 19:29:48.910 Df WindowServer[619:690fb2] [com.apple.runningboard:monitor] Received state update for 1661 (xpcservice<com.apple.WebKit.WebContent([app<application.com.apple.Safari.1110010.1110894(501)>:1412])(501)>{vt hash: 0}[uuid:AC318C03-A129-48A5-8E04-D13348737EFD]{definition:com.apple.WebKit.WebContent[standard][client]}:1661, running-active-NotVisible
2026-05-25 19:29:48.974 A  WindowServer[619:690fb2] (RunningBoardServices) observedProcessStatesDidChange
2026-05-25 19:29:48.974 Df WindowServer[619:690fb2] [com.apple.runningboard:monitor] Received state update for 1671 (xpcservice<com.apple.WebKit.WebContent([app<application.com.apple.Safari.1110010.1110894(501)>:1412])(501)>{vt hash: 0}[uuid:BDBDDFE4-CF81-4A61-82DB-753CFA557978]{definition:com.apple.WebKit.WebContent[standard][client]}:1671, running-active-NotVisible
2026-05-25 19:29:49.077 A  WindowServer[619:690f6d] (RunningBoardServices) observedProcessStatesDidChange
2026-05-25 19:29:49.077 Df WindowServer[619:690f6d] [com.apple.runningboard:monitor] Received state update for 1671 (xpcservice<com.apple.WebKit.WebContent([app<application.com.apple.Safari.1110010.1110894(501)>:1412])(501)>{vt hash: 0}[uuid:BDBDDFE4-CF81-4A61-82DB-753CFA557978]{definition:com.apple.WebKit.WebContent[standard][client]}:1671, running-active-NotVisible
2026-05-25 19:29:49.184 A  WindowServer[619:690fb2] (RunningBoardServices) observedProcessStatesDidChange
2026-05-25 19:29:49.184 Df WindowServer[619:690fb2] [com.apple.runningboard:monitor] Received state update for 35633 (xpcservice<com.apple.WebKit.WebContent([app<application.com.apple.Safari.1110010.1110894(501)>:1412])(501)>{vt hash: 0}[uuid:0A7EAEE2-9D7E-4FA8-B2CB-2867054F1ABB]{definition:com.apple.WebKit.WebContent[standard][client]}:35633, running-active-NotVisible
2026-05-25 19:29:49.188 A  WindowServer[619:690f6d] (RunningBoardServices) observedProcessStatesDidChange
2026-05-25 19:29:49.188 Df WindowServer[619:690f6d] [com.apple.runningboard:monitor] Received state update for 7266 (xpcservice<com.apple.WebKit.WebContent([app<application.com.apple.Safari.1110010.1110894(501)>:1412])(501)>{vt hash: 0}[uuid:28A105A9-F4EC-4393-A025-64582879F5B0]{definition:com.apple.WebKit.WebContent[standard][client]}:7266, running-active-NotVisible
2026-05-25 19:29:49.247 A  WindowServer[619:690fb2] (RunningBoardServices) observedProcessStatesDidChange
2026-05-25 19:29:49.247 Df WindowServer[619:690fb2] [com.apple.runningboard:monitor] Received state update for 7252 (xpcservice<com.apple.WebKit.WebContent([app<application.com.apple.Safari.1110010.1110894(501)>:1412])(501)>{vt hash: 0}[uuid:D5068042-A516-4A02-8C0F-AED806476C9C]{definition:com.apple.WebKit.WebContent[standard][client]}:7252, running-active-NotVisible
2026-05-25 19:29:49.292 A  WindowServer[619:690841] (RunningBoardServices) observedProcessStatesDidChange
2026-05-25 19:29:49.292 Df WindowServer[619:690841] [com.apple.runningboard:monitor] Received state update for 35633 (xpcservice<com.apple.WebKit.WebContent([app<application.com.apple.Safari.1110010.1110894(501)>:1412])(501)>{vt hash: 0}[uuid:0A7EAEE2-9D7E-4FA8-B2CB-2867054F1ABB]{definition:com.apple.WebKit.WebContent[standard][client]}:35633, running-active-NotVisible
2026-05-25 19:29:49.292 A  WindowServer[619:690fb2] (RunningBoardServices) observedProcessStatesDidChange
2026-05-25 19:29:49.292 Df WindowServer[619:690fb2] [com.apple.runningboard:monitor] Received state update for 7243 (xpcservice<com.apple.WebKit.WebContent([app<application.com.apple.Safari.1110010.1110894(501)>:1412])(501)>{vt hash: 0}[uuid:36187C09-EB9F-4B8F-8DA2-2128732013A7]{definition:com.apple.WebKit.WebContent[standard][client]}:7243, running-suspended-NotVisible
2026-05-25 19:29:49.292 Df WindowServer[619:690fb2] [com.apple.runningboard:monitor] Received state update for 7266 (xpcservice<com.apple.WebKit.WebContent([app<application.com.apple.Safari.1110010.1110894(501)>:1412])(501)>{vt hash: 0}[uuid:28A105A9-F4EC-4393-A025-64582879F5B0]{definition:com.apple.WebKit.WebContent[standard][client]}:7266, running-active-NotVisible
2026-05-25 19:29:49.292 Df WindowServer[619:690fb2] [com.apple.runningboard:monitor] Received state update for 7252 (xpcservice<com.apple.WebKit.WebContent([app<application.com.apple.Safari.1110010.1110894(501)>:1412])(501)>{vt hash: 0}[uuid:D5068042-A516-4A02-8C0F-AED806476C9C]{definition:com.apple.WebKit.WebContent[standard][client]}:7252, running-active-NotVisible
2026-05-25 19:29:49.536 E  WindowServer[619:112f] [com.apple.SkyLight:default] _CGXPackagesSetWindowConstraints: Invalid window
2026-05-25 19:29:49.536 E  WindowServer[619:112f] [com.apple.SkyLight:default] _CGXPackagesSetWindowConstraints: Invalid window
2026-05-25 19:29:49.554 E  WindowServer[619:112f] [com.apple.SkyLight:default] _CGXPackagesSetWindowConstraints: Invalid window
2026-05-25 19:29:49.691 A  WindowServer[619:690841] (RunningBoardServices) observedProcessStatesDidChange
2026-05-25 19:29:49.691 Df WindowServer[619:690841] [com.apple.runningboard:monitor] Received state update for 1663 (xpcservice<com.apple.WebKit.WebContent([app<application.com.apple.Safari.1110010.1110894(501)>:1412])(501)>{vt hash: 0}[uuid:13B6C258-58E9-4CC3-BF36-5532081C377B]{definition:com.apple.WebKit.WebContent[standard][client]}:1663, running-suspended-NotVisible
2026-05-25 19:29:49.761 A  WindowServer[619:690fb2] (RunningBoardServices) observedProcessStatesDidChange
2026-05-25 19:29:49.761 Df WindowServer[619:690fb2] [com.apple.runningboard:monitor] Received state update for 54746 (xpcservice<com.apple.WebKit.WebContent([app<application.com.apple.Safari.1110010.1110894(501)>:1412])(501)>{vt hash: 0}[uuid:08A27B57-BC16-4B98-BAF4-3807C2413854]{definition:com.apple.WebKit.WebContent[standard][client]}:54746, running-active-NotVisible
2026-05-25 19:29:49.867 A  WindowServer[619:690841] (RunningBoardServices) observedProcessStatesDidChange
2026-05-25 19:29:49.867 Df WindowServer[619:690841] [com.apple.runningboard:monitor] Received state update for 54746 (xpcservice<com.apple.WebKit.WebContent([app<application.com.apple.Safari.1110010.1110894(501)>:1412])(501)>{vt hash: 0}[uuid:08A27B57-BC16-4B98-BAF4-3807C2413854]{definition:com.apple.WebKit.WebContent[standard][client]}:54746, running-active-NotVisible
2026-05-25 19:29:49.867 A  WindowServer[619:690fb2] (RunningBoardServices) observedProcessStatesDidChange
2026-05-25 19:29:49.867 Df WindowServer[619:690fb2] [com.apple.runningboard:monitor] Received state update for 7276 (xpcservice<com.apple.WebKit.WebContent([app<application.com.apple.Safari.1110010.1110894(501)>:1412])(501)>{vt hash: 0}[uuid:95575FA1-211E-4CEF-A8BE-B3E5A332817C]{definition:com.apple.WebKit.WebContent[standard][client]}:7276, running-suspended-NotVisible
2026-05-25 19:29:49.991 A  WindowServer[619:690fb2] (RunningBoardServices) observedProcessStatesDidChange
2026-05-25 19:29:49.991 Df WindowServer[619:690fb2] [com.apple.runningboard:monitor] Received state update for 1671 (xpcservice<com.apple.WebKit.WebContent([app<application.com.apple.Safari.1110010.1110894(501)>:1412])(501)>{vt hash: 0}[uuid:BDBDDFE4-CF81-4A61-82DB-753CFA557978]{definition:com.apple.WebKit.WebContent[standard][client]}:1671, running-suspended-NotVisible
2026-05-25 19:29:49.991 A  WindowServer[619:690841] (RunningBoardServices) observedProcessStatesDidChange
2026-05-25 19:29:49.991 Df WindowServer[619:690841] [com.apple.runningboard:monitor] Received state update for 1661 (xpcservice<com.apple.WebKit.WebContent([app<application.com.apple.Safari.1110010.1110894(501)>:1412])(501)>{vt hash: 0}[uuid:AC318C03-A129-48A5-8E04-D13348737EFD]{definition:com.apple.WebKit.WebContent[standard][client]}:1661, running-suspended-NotVisible
2026-05-25 19:29:49.991 Df WindowServer[619:690841] [com.apple.runningboard:monitor] Received state update for 1673 (xpcservice<com.apple.WebKit.WebContent([app<application.com.apple.Safari.1110010.1110894(501)>:1412])(501)>{vt hash: 0}[uuid:59CA6A95-20DC-41E9-8B89-0951984DA56F]{definition:com.apple.WebKit.WebContent[standard][client]}:1673, running-suspended-NotVisible
2026-05-25 19:29:50.285 A  WindowServer[619:690841] (RunningBoardServices) observedProcessStatesDidChange
2026-05-25 19:29:50.286 Df WindowServer[619:690841] [com.apple.runningboard:monitor] Received state update for 35633 (xpcservice<com.apple.WebKit.WebContent([app<application.com.apple.Safari.1110010.1110894(501)>:1412])(501)>{vt hash: 0}[uuid:0A7EAEE2-9D7E-4FA8-B2CB-2867054F1ABB]{definition:com.apple.WebKit.WebContent[standard][client]}:35633, running-suspended-NotVisible
2026-05-25 19:29:50.286 A  WindowServer[619:690841] (RunningBoardServices) observedProcessStatesDidChange
2026-05-25 19:29:50.286 Df WindowServer[619:690841] [com.apple.runningboard:monitor] Received state update for 7266 (xpcservice<com.apple.WebKit.WebContent([app<application.com.apple.Safari.1110010.1110894(501)>:1412])(501)>{vt hash: 0}[uuid:28A105A9-F4EC-4393-A025-64582879F5B0]{definition:com.apple.WebKit.WebContent[standard][client]}:7266, running-suspended-NotVisible
2026-05-25 19:29:50.286 Df WindowServer[619:690841] [com.apple.runningboard:monitor] Received state update for 7252 (xpcservice<com.apple.WebKit.WebContent([app<application.com.apple.Safari.1110010.1110894(501)>:1412])(501)>{vt hash: 0}[uuid:D5068042-A516-4A02-8C0F-AED806476C9C]{definition:com.apple.WebKit.WebContent[standard][client]}:7252, running-suspended-NotVisible
2026-05-25 19:29:50.538 E  WindowServer[619:112f] [com.apple.SkyLight:default] _CGXPackagesSetWindowConstraints: Invalid window
2026-05-25 19:29:50.538 E  WindowServer[619:112f] [com.apple.SkyLight:default] _CGXPackagesSetWindowConstraints: Invalid window
2026-05-25 19:29:50.544 A  WindowServer[619:690841] (RunningBoardServices) observedProcessStatesDidChange
2026-05-25 19:29:50.544 Df WindowServer[619:690841] [com.apple.runningboard:monitor] Received state update for 1681 (xpcservice<com.apple.WebKit.WebContent([app<application.com.apple.Safari.1110010.1110894(501)>:1412])(501)>{vt hash: 0}[uuid:11F77417-7386-48A4-8D37-2DD953E19D78]{definition:com.apple.WebKit.WebContent[standard][client]}:1681, running-active-NotVisible
2026-05-25 19:29:50.552 E  WindowServer[619:112f] [com.apple.SkyLight:default] _CGXPackagesSetWindowConstraints: Invalid window
2026-05-25 19:29:50.651 A  WindowServer[619:690fb2] (RunningBoardServices) observedProcessStatesDidChange
2026-05-25 19:29:50.651 Df WindowServer[619:690fb2] [com.apple.runningboard:monitor] Received state update for 1681 (xpcservice<com.apple.WebKit.WebContent([app<application.com.apple.Safari.1110010.1110894(501)>:1412])(501)>{vt hash: 0}[uuid:11F77417-7386-48A4-8D37-2DD953E19D78]{definition:com.apple.WebKit.WebContent[standard][client]}:1681, running-active-NotVisible
2026-05-25 19:29:50.869 A  WindowServer[619:690841] (RunningBoardServices) observedProcessStatesDidChange
2026-05-25 19:29:50.869 Df WindowServer[619:690841] [com.apple.runningboard:monitor] Received state update for 54746 (xpcservice<com.apple.WebKit.WebContent([app<application.com.apple.Safari.1110010.1110894(501)>:1412])(501)>{vt hash: 0}[uuid:08A27B57-BC16-4B98-BAF4-3807C2413854]{definition:com.apple.WebKit.WebContent[standard][client]}:54746, running-suspended-NotVisible
2026-05-25 19:29:51.533 A  WindowServer[619:690841] (RunningBoardServices) observedProcessStatesDidChange
2026-05-25 19:29:51.533 Df WindowServer[619:690841] [com.apple.runningboard:monitor] Received state update for 1680 (xpcservice<com.apple.WebKit.WebContent([app<application.com.apple.Safari.1110010.1110894(501)>:1412])(501)>{vt hash: 0}[uuid:32156920-1821-46F4-AFB9-F3EA9FFD6403]{definition:com.apple.WebKit.WebContent[standard][client]}:1680, running-active-NotVisible
2026-05-25 19:29:51.540 E  WindowServer[619:112f] [com.apple.SkyLight:default] _CGXPackagesSetWindowConstraints: Invalid window
2026-05-25 19:29:51.540 E  WindowServer[619:112f] [com.apple.SkyLight:default] _CGXPackagesSetWindowConstraints: Invalid window
2026-05-25 19:29:51.552 E  WindowServer[619:112f] [com.apple.SkyLight:default] _CGXPackagesSetWindowConstraints: Invalid window
2026-05-25 19:29:51.641 A  WindowServer[619:6900d9] (RunningBoardServices) observedProcessStatesDidChange
2026-05-25 19:29:51.641 Df WindowServer[619:6900d9] [com.apple.runningboard:monitor] Received state update for 1681 (xpcservice<com.apple.WebKit.WebContent([app<application.com.apple.Safari.1110010.1110894(501)>:1412])(501)>{vt hash: 0}[uuid:11F77417-7386-48A4-8D37-2DD953E19D78]{definition:com.apple.WebKit.WebContent[standard][client]}:1681, running-suspended-NotVisible
2026-05-25 19:29:51.641 A  WindowServer[619:690841] (RunningBoardServices) observedProcessStatesDidChange
2026-05-25 19:29:51.641 Df WindowServer[619:690841] [com.apple.runningboard:monitor] Received state update for 1680 (xpcservice<com.apple.WebKit.WebContent([app<application.com.apple.Safari.1110010.1110894(501)>:1412])(501)>{vt hash: 0}[uuid:32156920-1821-46F4-AFB9-F3EA9FFD6403]{definition:com.apple.WebKit.WebContent[standard][client]}:1680, running-active-NotVisible
2026-05-25 19:29:51.954 A  WindowServer[619:6900d9] (RunningBoardServices) observedProcessStatesDidChange
2026-05-25 19:29:51.954 Df WindowServer[619:6900d9] [com.apple.runningboard:monitor] Received state update for 1691 (xpcservice<com.apple.WebKit.WebContent([app<application.com.apple.Safari.1110010.1110894(501)>:1412])(501)>{vt hash: 0}[uuid:647BABEA-C3B7-4552-BECC-34003371E414]{definition:com.apple.WebKit.WebContent[standard][client]}:1691, running-active-NotVisible
2026-05-25 19:29:52.057 A  WindowServer[619:690841] (RunningBoardServices) observedProcessStatesDidChange
2026-05-25 19:29:52.057 Df WindowServer[619:690841] [com.apple.runningboard:monitor] Received state update for 1691 (xpcservice<com.apple.WebKit.WebContent([app<application.com.apple.Safari.1110010.1110894(501)>:1412])(501)>{vt hash: 0}[uuid:647BABEA-C3B7-4552-BECC-34003371E414]{definition:com.apple.WebKit.WebContent[standard][client]}:1691, running-active-NotVisible
2026-05-25 19:29:52.083 A  WindowServer[619:6900d9] (RunningBoardServices) observedProcessStatesDidChange
2026-05-25 19:29:52.083 Df WindowServer[619:6900d9] [com.apple.runningboard:monitor] Received state update for 1591 (xpcservice<com.apple.WebKit.WebContent([app<application.com.apple.Safari.1110010.1110894(501)>:1412])(501)>{vt hash: 0}[uuid:6210405A-4293-4FBF-9F42-ABE16CB2E09B]{definition:com.apple.WebKit.WebContent[standard][client]}:1591, running-active-NotVisible
2026-05-25 19:29:52.189 A  WindowServer[619:690841] (RunningBoardServices) observedProcessStatesDidChange
2026-05-25 19:29:52.190 Df WindowServer[619:690841] [com.apple.runningboard:monitor] Received state update for 1591 (xpcservice<com.apple.WebKit.WebContent([app<application.com.apple.Safari.1110010.1110894(501)>:1412])(501)>{vt hash: 0}[uuid:6210405A-4293-4FBF-9F42-ABE16CB2E09B]{definition:com.apple.WebKit.WebContent[standard][client]}:1591, running-active-NotVisible
2026-05-25 19:29:52.284 A  WindowServer[619:6900d9] (RunningBoardServices) observedProcessStatesDidChange
2026-05-25 19:29:52.284 Df WindowServer[619:6900d9] [com.apple.runningboard:monitor] Received state update for 1677 (xpcservice<com.apple.WebKit.WebContent([app<application.com.apple.Safari.1110010.1110894(501)>:1412])(501)>{vt hash: 0}[uuid:5C2DFB60-B473-4B3C-821A-6CED5680FFDB]{definition:com.apple.WebKit.WebContent[standard][client]}:1677, running-active-NotVisible
2026-05-25 19:29:52.391 A  WindowServer[619:690841] (RunningBoardServices) observedProcessStatesDidChange
2026-05-25 19:29:52.391 Df WindowServer[619:690841] [com.apple.runningboard:monitor] Received state update for 1677 (xpcservice<com.apple.WebKit.WebContent([app<application.com.apple.Safari.1110010.1110894(501)>:1412])(501)>{vt hash: 0}[uuid:5C2DFB60-B473-4B3C-821A-6CED5680FFDB]{definition:com.apple.WebKit.WebContent[standard][client]}:1677, running-active-NotVisible
2026-05-25 19:29:52.538 E  WindowServer[619:112f] [com.apple.SkyLight:default] _CGXPackagesSetWindowConstraints: Invalid window
2026-05-25 19:29:52.538 E  WindowServer[619:112f] [com.apple.SkyLight:default] _CGXPackagesSetWindowConstraints: Invalid window
2026-05-25 19:29:52.555 E  WindowServer[619:112f] [com.apple.SkyLight:default] _CGXPackagesSetWindowConstraints: Invalid window
2026-05-25 19:29:52.642 A  WindowServer[619:6900d9] (RunningBoardServices) observedProcessStatesDidChange
2026-05-25 19:29:52.642 Df WindowServer[619:6900d9] [com.apple.runningboard:monitor] Received state update for 1680 (xpcservice<com.apple.WebKit.WebContent([app<application.com.apple.Safari.1110010.1110894(501)>:1412])(501)>{vt hash: 0}[uuid:32156920-1821-46F4-AFB9-F3EA9FFD6403]{definition:com.apple.WebKit.WebContent[standard][client]}:1680, running-suspended-NotVisible
2026-05-25 19:29:52.725 A  WindowServer[619:690841] (RunningBoardServices) observedProcessStatesDidChange
2026-05-25 19:29:52.725 Df WindowServer[619:690841] [com.apple.runningboard:monitor] Received state update for 1679 (xpcservice<com.apple.WebKit.WebContent([app<application.com.apple.Safari.1110010.1110894(501)>:1412])(501)>{vt hash: 0}[uuid:C6C19F6D-E2E8-4BD8-8D67-B8B26BBA0DF6]{definition:com.apple.WebKit.WebContent[standard][client]}:1679, running-active-NotVisible
2026-05-25 19:29:52.731 A  WindowServer[619:6900d9] (RunningBoardServices) observedProcessStatesDidChange
2026-05-25 19:29:52.731 Df WindowServer[619:6900d9] [com.apple.runningboard:monitor] Received state update for 1664 (xpcservice<com.apple.WebKit.WebContent([app<application.com.apple.Safari.1110010.1110894(501)>:1412])(501)>{vt hash: 0}[uuid:4A24EB36-2519-4CA9-88EB-F04C1FF56095]{definition:com.apple.WebKit.WebContent[standard][client]}:1664, running-active-NotVisible
2026-05-25 19:29:52.833 A  WindowServer[619:690841] (RunningBoardServices) observedProcessStatesDidChange
2026-05-25 19:29:52.833 Df WindowServer[619:690841] [com.apple.runningboard:monitor] Received state update for 1664 (xpcservice<com.apple.WebKit.WebContent([app<application.com.apple.Safari.1110010.1110894(501)>:1412])(501)>{vt hash: 0}[uuid:4A24EB36-2519-4CA9-88EB-F04C1FF56095]{definition:com.apple.WebKit.WebContent[standard][client]}:1664, running-active-NotVisible
2026-05-25 19:29:52.833 A  WindowServer[619:6900d9] (RunningBoardServices) observedProcessStatesDidChange
2026-05-25 19:29:52.833 Df WindowServer[619:6900d9] [com.apple.runningboard:monitor] Received state update for 1679 (xpcservice<com.apple.WebKit.WebContent([app<application.com.apple.Safari.1110010.1110894(501)>:1412])(501)>{vt hash: 0}[uuid:C6C19F6D-E2E8-4BD8-8D67-B8B26BBA0DF6]{definition:com.apple.WebKit.WebContent[standard][client]}:1679, running-active-NotVisible
2026-05-25 19:29:53.060 A  WindowServer[619:6900d9] (RunningBoardServices) observedProcessStatesDidChange
2026-05-25 19:29:53.061 Df WindowServer[619:6900d9] [com.apple.runningboard:monitor] Received state update for 1691 (xpcservice<com.apple.WebKit.WebContent([app<application.com.apple.Safari.1110010.1110894(501)>:1412])(501)>{vt hash: 0}[uuid:647BABEA-C3B7-4552-BECC-34003371E414]{definition:com.apple.WebKit.WebContent[standard][client]}:1691, running-suspended-NotVisible
2026-05-25 19:29:53.175 A  WindowServer[619:690841] (RunningBoardServices) observedProcessStatesDidChange
2026-05-25 19:29:53.175 Df WindowServer[619:690841] [com.apple.runningboard:monitor] Received state update for 1690 (xpcservice<com.apple.WebKit.WebContent([app<application.com.apple.Safari.1110010.1110894(501)>:1412])(501)>{vt hash: 0}[uuid:0D1CC921-6C78-461C-8B5B-66A6C2705DCA]{definition:com.apple.WebKit.WebContent[standard][client]}:1690, running-active-NotVisible
2026-05-25 19:29:53.312 Df WindowServer[619:690841] [com.apple.Multitouch:Plugin] [TP] Dispatching digitizer event with 2 children, _eventMask=0x0 _childEventMask=0x2 Cancel=0 Touching=1 inRange=1
2026-05-25 19:29:53.316 A  WindowServer[619:690841] (RunningBoardServices) observedProcessStatesDidChange
2026-05-25 19:29:53.317 Df WindowServer[619:690841] [com.apple.runningboard:monitor] Received state update for 1690 (xpcservice<com.apple.WebKit.WebContent([app<application.com.apple.Safari.1110010.1110894(501)>:1412])(501)>{vt hash: 0}[uuid:0D1CC921-6C78-461C-8B5B-66A6C2705DCA]{definition:com.apple.WebKit.WebContent[standard][client]}:1690, running-active-NotVisible
2026-05-25 19:29:53.317 A  WindowServer[619:6900d9] (RunningBoardServices) observedProcessStatesDidChange
2026-05-25 19:29:53.317 Df WindowServer[619:6900d9] [com.apple.runningboard:monitor] Received state update for 1677 (xpcservice<com.apple.WebKit.WebContent([app<application.com.apple.Safari.1110010.1110894(501)>:1412])(501)>{vt hash: 0}[uuid:5C2DFB60-B473-4B3C-821A-6CED5680FFDB]{definition:com.apple.WebKit.WebContent[standard][client]}:1677, running-suspended-NotVisible
2026-05-25 19:29:53.318 A  WindowServer[619:690841] (RunningBoardServices) observedProcessStatesDidChange
2026-05-25 19:29:53.318 Df WindowServer[619:690841] [com.apple.runningboard:monitor] Received state update for 1526 (app<Unknown(1526)(501)>, running-active-NotVisible
2026-05-25 19:29:53.320 A  WindowServer[619:6900d9] (RunningBoardServices) observedProcessStatesDidChange
2026-05-25 19:29:53.320 Df WindowServer[619:6900d9] [com.apple.runningboard:monitor] Received state update for 1591 (xpcservice<com.apple.WebKit.WebContent([app<application.com.apple.Safari.1110010.1110894(501)>:1412])(501)>{vt hash: 0}[uuid:6210405A-4293-4FBF-9F42-ABE16CB2E09B]{definition:com.apple.WebKit.WebContent[standard][client]}:1591, running-suspended-NotVisible
2026-05-25 19:29:53.414 A  WindowServer[619:6900d9] (RunningBoardServices) observedProcessStatesDidChange
2026-05-25 19:29:53.414 Df WindowServer[619:6900d9] [com.apple.runningboard:monitor] Received state update for 1696 (xpcservice<com.apple.WebKit.WebContent([app<application.com.apple.Safari.1110010.1110894(501)>:1412])(501)>{vt hash: 0}[uuid:8888C49E-2BCB-48C0-AF29-E726F8F077AA]{definition:com.apple.WebKit.WebContent[standard][client]}:1696, running-active-NotVisible
2026-05-25 19:29:53.521 A  WindowServer[619:6900d9] (RunningBoardServices) observedProcessStatesDidChange
2026-05-25 19:29:53.521 Df WindowServer[619:6900d9] [com.apple.runningboard:monitor] Received state update for 1696 (xpcservice<com.apple.WebKit.WebContent([app<application.com.apple.Safari.1110010.1110894(501)>:1412])(501)>{vt hash: 0}[uuid:8888C49E-2BCB-48C0-AF29-E726F8F077AA]{definition:com.apple.WebKit.WebContent[standard][client]}:1696, running-active-NotVisible
2026-05-25 19:29:53.539 E  WindowServer[619:112f] [com.apple.SkyLight:default] _CGXPackagesSetWindowConstraints: Invalid window
2026-05-25 19:29:53.539 E  WindowServer[619:112f] [com.apple.SkyLight:default] _CGXPackagesSetWindowConstraints: Invalid window
2026-05-25 19:29:53.544 E  WindowServer[619:112f] [com.apple.SkyLight:default] _CGXPackagesSetWindowConstraints: Invalid window
2026-05-25 19:29:53.610 Df WindowServer[619:112f] [com.apple.BackBoard:EventDelivery] destinations for Keyboard event: (<keyboardFocus; iTerm2.1360; token: viewbridge-key-window>)
2026-05-25 19:29:53.610 Df WindowServer[619:112f] [com.apple.SkyLight:KeyboardEvent] delivery manager destinations for kCGSEventKeyDown event: <keyboardFocus; pid: 1360; token: viewbridge-key-window>
2026-05-25 19:29:53.613 Df WindowServer[619:112f] [com.apple.SkyLight:default] pid 1188 failed to act on a ping it dequeued before timing out.
2026-05-25 19:29:53.614 Df WindowServer[619:112f] [com.apple.SkyLight:default] pid 1222 failed to act on a ping it dequeued before timing out.
2026-05-25 19:29:53.615 Df WindowServer[619:112f] [com.apple.SkyLight:default] pid 930 failed to act on a ping it dequeued before timing out.
2026-05-25 19:29:53.635 A  WindowServer[619:690841] (RunningBoardServices) observedProcessStatesDidChange
2026-05-25 19:29:53.635 Df WindowServer[619:690841] [com.apple.runningboard:monitor] Received state update for 69453 (xpcservice<com.apple.WebKit.WebContent([app<application.com.apple.Safari.1110010.1110894(501)>:1412])(501)>{vt hash: 0}[uuid:F60904EA-8068-402B-8661-FBCB7646BA65]{definition:com.apple.WebKit.WebContent[standard][client]}:69453, running-active-NotVisible
2026-05-25 19:29:53.688 E  WindowServer[619:112f] [com.apple.coreanimation:Cursor] Cursor disabled: failed set_cursor_surface
2026-05-25 19:29:53.713 Df WindowServer[619:112f] [com.apple.SkyLight:KeyboardEvent] kCGSEventKeyUp was part of a sequence with destination <keyboardFocus; pid: 1360; token: viewbridge-key-window>
2026-05-25 19:29:53.741 A  WindowServer[619:690841] (RunningBoardServices) observedProcessStatesDidChange
2026-05-25 19:29:53.741 Df WindowServer[619:690841] [com.apple.runningboard:monitor] Received state update for 69453 (xpcservice<com.apple.WebKit.WebContent([app<application.com.apple.Safari.1110010.1110894(501)>:1412])(501)>{vt hash: 0}[uuid:F60904EA-8068-402B-8661-FBCB7646BA65]{definition:com.apple.WebKit.WebContent[standard][client]}:69453, running-active-NotVisible
2026-05-25 19:29:53.741 A  WindowServer[619:6900d9] (RunningBoardServices) observedProcessStatesDidChange
2026-05-25 19:29:53.741 Df WindowServer[619:6900d9] [com.apple.runningboard:monitor] Received state update for 1664 (xpcservice<com.apple.WebKit.WebContent([app<application.com.apple.Safari.1110010.1110894(501)>:1412])(501)>{vt hash: 0}[uuid:4A24EB36-2519-4CA9-88EB-F04C1FF56095]{definition:com.apple.WebKit.WebContent[standard][client]}:1664, running-suspended-NotVisible
2026-05-25 19:29:53.741 Df WindowServer[619:6900d9] [com.apple.runningboard:monitor] Received state update for 1679 (xpcservice<com.apple.WebKit.WebContent([app<application.com.apple.Safari.1110010.1110894(501)>:1412])(501)>{vt hash: 0}[uuid:C6C19F6D-E2E8-4BD8-8D67-B8B26BBA0DF6]{definition:com.apple.WebKit.WebContent[standard][client]}:1679, running-suspended-NotVisible
2026-05-25 19:29:54.014 Df WindowServer[619:112f] [com.apple.BackBoard:EventDelivery] destinations for Keyboard event: (<keyboardFocus; iTerm2.1360; token: viewbridge-key-window>)
2026-05-25 19:29:54.014 Df WindowServer[619:112f] [com.apple.SkyLight:KeyboardEvent] delivery manager destinations for kCGSEventKeyDown event: <keyboardFocus; pid: 1360; token: viewbridge-key-window>
2026-05-25 19:29:54.181 Df WindowServer[619:112f] [com.apple.SkyLight:KeyboardEvent] kCGSEventKeyUp was part of a sequence with destination <keyboardFocus; pid: 1360; token: viewbridge-key-window>
2026-05-25 19:29:54.259 Df WindowServer[619:6900d9] [com.apple.Multitouch:Plugin] [TP] Dispatching digitizer event with 2 children, _eventMask=0x2 _childEventMask=0x2 Cancel=0 Touching=0 inRange=1
2026-05-25 19:29:54.283 A  WindowServer[619:6900d9] (RunningBoardServices) observedProcessStatesDidChange
2026-05-25 19:29:54.283 Df WindowServer[619:6900d9] [com.apple.runningboard:monitor] Received state update for 1690 (xpcservice<com.apple.WebKit.WebContent([app<application.com.apple.Safari.1110010.1110894(501)>:1412])(501)>{vt hash: 0}[uuid:0D1CC921-6C78-461C-8B5B-66A6C2705DCA]{definition:com.apple.WebKit.WebContent[standard][client]}:1690, running-suspended-NotVisible
2026-05-25 19:29:54.520 A  WindowServer[619:6900d9] (RunningBoardServices) observedProcessStatesDidChange
2026-05-25 19:29:54.520 Df WindowServer[619:6900d9] [com.apple.runningboard:monitor] Received state update for 1696 (xpcservice<com.apple.WebKit.WebContent([app<application.com.apple.Safari.1110010.1110894(501)>:1412])(501)>{vt hash: 0}[uuid:8888C49E-2BCB-48C0-AF29-E726F8F077AA]{definition:com.apple.WebKit.WebContent[standard][client]}:1696, running-suspended-NotVisible
2026-05-25 19:29:54.540 E  WindowServer[619:112f] [com.apple.SkyLight:default] _CGXPackagesSetWindowConstraints: Invalid window
2026-05-25 19:29:54.540 E  WindowServer[619:112f] [com.apple.SkyLight:default] _CGXPackagesSetWindowConstraints: Invalid window
2026-05-25 19:29:54.557 E  WindowServer[619:112f] [com.apple.SkyLight:default] _CGXPackagesSetWindowConstraints: Invalid window
2026-05-25 19:29:54.606 A  WindowServer[619:690841] (RunningBoardServices) observedProcessStatesDidChange
2026-05-25 19:29:54.606 Df WindowServer[619:690841] [com.apple.runningboard:monitor] Received state update for 70118 (xpcservice<com.apple.WebKit.WebContent([app<application.com.apple.Safari.1110010.1110894(501)>:1412])(501)>{vt hash: 0}[uuid:D949C908-89F7-420F-B5BA-F6944CF444CD]{definition:com.apple.WebKit.WebContent[standard][client]}:70118, running-active-NotVisible
2026-05-25 19:29:54.711 A  WindowServer[619:6900d9] (RunningBoardServices) observedProcessStatesDidChange
2026-05-25 19:29:54.711 Df WindowServer[619:6900d9] [com.apple.runningboard:monitor] Received state update for 70118 (xpcservice<com.apple.WebKit.WebContent([app<application.com.apple.Safari.1110010.1110894(501)>:1412])(501)>{vt hash: 0}[uuid:D949C908-89F7-420F-B5BA-F6944CF444CD]{definition:com.apple.WebKit.WebContent[standard][client]}:70118, running-active-NotVisible
2026-05-25 19:29:54.711 A  WindowServer[619:690841] (RunningBoardServices) observedProcessStatesDidChange
2026-05-25 19:29:54.711 Df WindowServer[619:690841] [com.apple.runningboard:monitor] Received state update for 69453 (xpcservice<com.apple.WebKit.WebContent([app<application.com.apple.Safari.1110010.1110894(501)>:1412])(501)>{vt hash: 0}[uuid:F60904EA-8068-402B-8661-FBCB7646BA65]{definition:com.apple.WebKit.WebContent[standard][client]}:69453, running-suspended-NotVisible
2026-05-25 19:29:54.714 A  WindowServer[619:6900d9] (RunningBoardServices) observedProcessStatesDidChange
2026-05-25 19:29:54.714 Df WindowServer[619:6900d9] [com.apple.runningboard:monitor] Received state update for 1739 (xpcservice<com.apple.WebKit.WebContent([app<application.com.apple.Safari.1110010.1110894(501)>:1412])(501)>{vt hash: 0}[uuid:273BB704-0CB0-4043-8620-56C5AFD01004]{definition:com.apple.WebKit.WebContent[standard][client]}:1739, running-active-NotVisible
2026-05-25 19:29:54.714 A  WindowServer[619:690841] (RunningBoardServices) observedProcessStatesDidChange
2026-05-25 19:29:54.714 Df WindowServer[619:690841] [com.apple.runningboard:monitor] Received state update for 1669 (xpcservice<com.apple.WebKit.WebContent([app<application.com.apple.Safari.1110010.1110894(501)>:1412])(501)>{vt hash: 0}[uuid:90BDD5E8-C3B4-4B0F-BBBC-A8E68B5B477D]{definition:com.apple.WebKit.WebContent[standard][client]}:1669, running-active-NotVisible
2026-05-25 19:29:54.819 A  WindowServer[619:6900d9] (RunningBoardServices) observedProcessStatesDidChange
2026-05-25 19:29:54.819 Df WindowServer[619:6900d9] [com.apple.runningboard:monitor] Received state update for 1739 (xpcservice<com.apple.WebKit.WebContent([app<application.com.apple.Safari.1110010.1110894(501)>:1412])(501)>{vt hash: 0}[uuid:273BB704-0CB0-4043-8620-56C5AFD01004]{definition:com.apple.WebKit.WebContent[standard][client]}:1739, running-active-NotVisible
2026-05-25 19:29:54.819 A  WindowServer[619:690841] (RunningBoardServices) observedProcessStatesDidChange
2026-05-25 19:29:54.819 Df WindowServer[619:690841] [com.apple.runningboard:monitor] Received state update for 1669 (xpcservice<com.apple.WebKit.WebContent([app<application.com.apple.Safari.1110010.1110894(501)>:1412])(501)>{vt hash: 0}[uuid:90BDD5E8-C3B4-4B0F-BBBC-A8E68B5B477D]{definition:com.apple.WebKit.WebContent[standard][client]}:1669, running-active-NotVisible
2026-05-25 19:29:54.843 Df WindowServer[619:112f] [com.apple.BackBoard:EventDelivery] destinations for Keyboard event: (<keyboardFocus; iTerm2.1360; token: viewbridge-key-window>)
2026-05-25 19:29:54.844 Df WindowServer[619:112f] [com.apple.SkyLight:KeyboardEvent] delivery manager destinations for kCGSEventKeyDown event: <keyboardFocus; pid: 1360; token: viewbridge-key-window>
2026-05-25 19:29:54.976 Df WindowServer[619:112f] [com.apple.SkyLight:KeyboardEvent] kCGSEventKeyUp was part of a sequence with destination <keyboardFocus; pid: 1360; token: viewbridge-key-window>
2026-05-25 19:29:55.341 A  WindowServer[619:690f6d] (RunningBoardServices) observedProcessStatesDidChange
2026-05-25 19:29:55.341 Df WindowServer[619:690f6d] [com.apple.runningboard:monitor] Received state update for 1740 (xpcservice<com.apple.WebKit.WebContent([app<application.com.apple.Safari.1110010.1110894(501)>:1412])(501)>{vt hash: 0}[uuid:40A364D9-67C5-48F1-B4F5-58E9B0A58F9D]{definition:com.apple.WebKit.WebContent[standard][client]}:1740, running-active-NotVisible
2026-05-25 19:29:55.445 A  WindowServer[619:690fb2] (RunningBoardServices) observedProcessStatesDidChange
2026-05-25 19:29:55.445 Df WindowServer[619:690fb2] [com.apple.runningboard:monitor] Received state update for 1740 (xpcservice<com.apple.WebKit.WebContent([app<application.com.apple.Safari.1110010.1110894(501)>:1412])(501)>{vt hash: 0}[uuid:40A364D9-67C5-48F1-B4F5-58E9B0A58F9D]{definition:com.apple.WebKit.WebContent[standard][client]}:1740, running-active-NotVisible
2026-05-25 19:29:55.542 E  WindowServer[619:112f] [com.apple.SkyLight:default] _CGXPackagesSetWindowConstraints: Invalid window
2026-05-25 19:29:55.542 E  WindowServer[619:112f] [com.apple.SkyLight:default] _CGXPackagesSetWindowConstraints: Invalid window
2026-05-25 19:29:55.559 E  WindowServer[619:112f] [com.apple.SkyLight:default] _CGXPackagesSetWindowConstraints: Invalid window
2026-05-25 19:29:55.713 A  WindowServer[619:690f6d] (RunningBoardServices) observedProcessStatesDidChange
2026-05-25 19:29:55.713 Df WindowServer[619:690f6d] [com.apple.runningboard:monitor] Received state update for 70118 (xpcservice<com.apple.WebKit.WebContent([app<application.com.apple.Safari.1110010.1110894(501)>:1412])(501)>{vt hash: 0}[uuid:D949C908-89F7-420F-B5BA-F6944CF444CD]{definition:com.apple.WebKit.WebContent[standard][client]}:70118, running-suspended-NotVisible
2026-05-25 19:29:55.822 A  WindowServer[619:690fb2] (RunningBoardServices) observedProcessStatesDidChange
2026-05-25 19:29:55.822 Df WindowServer[619:690fb2] [com.apple.runningboard:monitor] Received state update for 1739 (xpcservice<com.apple.WebKit.WebContent([app<application.com.apple.Safari.1110010.1110894(501)>:1412])(501)>{vt hash: 0}[uuid:273BB704-0CB0-4043-8620-56C5AFD01004]{definition:com.apple.WebKit.WebContent[standard][client]}:1739, running-suspended-NotVisible
2026-05-25 19:29:55.823 A  WindowServer[619:690f6d] (RunningBoardServices) observedProcessStatesDidChange
2026-05-25 19:29:55.823 Df WindowServer[619:690f6d] [com.apple.runningboard:monitor] Received state update for 1669 (xpcservice<com.apple.WebKit.WebContent([app<application.com.apple.Safari.1110010.1110894(501)>:1412])(501)>{vt hash: 0}[uuid:90BDD5E8-C3B4-4B0F-BBBC-A8E68B5B477D]{definition:com.apple.WebKit.WebContent[standard][client]}:1669, running-suspended-NotVisible
2026-05-25 19:29:56.448 A  WindowServer[619:690fb2] (RunningBoardServices) observedProcessStatesDidChange
2026-05-25 19:29:56.448 Df WindowServer[619:690fb2] [com.apple.runningboard:monitor] Received state update for 1740 (xpcservice<com.apple.WebKit.WebContent([app<application.com.apple.Safari.1110010.1110894(501)>:1412])(501)>{vt hash: 0}[uuid:40A364D9-67C5-48F1-B4F5-58E9B0A58F9D]{definition:com.apple.WebKit.WebContent[standard][client]}:1740, running-suspended-NotVisible
2026-05-25 19:29:56.543 E  WindowServer[619:112f] [com.apple.SkyLight:default] _CGXPackagesSetWindowConstraints: Invalid window
2026-05-25 19:29:56.543 E  WindowServer[619:112f] [com.apple.SkyLight:default] _CGXPackagesSetWindowConstraints: Invalid window
2026-05-25 19:29:56.759 A  WindowServer[619:690f6d] (RunningBoardServices) observedProcessStatesDidChange
2026-05-25 19:29:56.759 Df WindowServer[619:690f6d] [com.apple.runningboard:monitor] Received state update for 1695 (xpcservice<com.apple.WebKit.WebContent([app<application.com.apple.Safari.1110010.1110894(501)>:1412])(501)>{vt hash: 0}[uuid:F6E9D070-11FB-4B9F-A227-631755511F31]{definition:com.apple.WebKit.WebContent[standard][client]}:1695, running-active-NotVisible
2026-05-25 19:29:56.791 A  WindowServer[619:690fb2] (RunningBoardServices) observedProcessStatesDidChange
2026-05-25 19:29:56.791 Df WindowServer[619:690fb2] [com.apple.runningboard:monitor] Received state update for 93095 (xpcservice<com.apple.WebKit.WebContent([app<application.com.apple.Safari.1110010.1110894(501)>:1412])(501)>{vt hash: 0}[uuid:E6E9FAA9-4970-47E2-9E68-E7702351C954]{definition:com.apple.WebKit.WebContent[standard][client]}:93095, running-active-NotVisible
2026-05-25 19:29:56.792 A  WindowServer[619:690f6d] (RunningBoardServices) observedProcessStatesDidChange
2026-05-25 19:29:56.792 Df WindowServer[619:690f6d] [com.apple.runningboard:monitor] Received state update for 1692 (xpcservice<com.apple.WebKit.WebContent([app<application.com.apple.Safari.1110010.1110894(501)>:1412])(501)>{vt hash: 0}[uuid:13FBE47D-B424-4FA5-989F-0909102E3F96]{definition:com.apple.WebKit.WebContent[standard][client]}:1692, running-active-NotVisible
2026-05-25 19:29:56.866 A  WindowServer[619:690fb2] (RunningBoardServices) observedProcessStatesDidChange
2026-05-25 19:29:56.866 Df WindowServer[619:690fb2] [com.apple.runningboard:monitor] Received state update for 1695 (xpcservice<com.apple.WebKit.WebContent([app<application.com.apple.Safari.1110010.1110894(501)>:1412])(501)>{vt hash: 0}[uuid:F6E9D070-11FB-4B9F-A227-631755511F31]{definition:com.apple.WebKit.WebContent[standard][client]}:1695, running-active-NotVisible
2026-05-25 19:29:56.866 A  WindowServer[619:690fb2] (RunningBoardServices) observedProcessStatesDidChange
2026-05-25 19:29:56.866 Df WindowServer[619:690fb2] [com.apple.runningboard:monitor] Received state update for 93095 (xpcservice<com.apple.WebKit.WebContent([app<application.com.apple.Safari.1110010.1110894(501)>:1412])(501)>{vt hash: 0}[uuid:E6E9FAA9-4970-47E2-9E68-E7702351C954]{definition:com.apple.WebKit.WebContent[standard][client]}:93095, running-active-NotVisible
2026-05-25 19:29:56.866 Df WindowServer[619:690fb2] [com.apple.runningboard:monitor] Received state update for 1692 (xpcservice<com.apple.WebKit.WebContent([app<application.com.apple.Safari.1110010.1110894(501)>:1412])(501)>{vt hash: 0}[uuid:13FBE47D-B424-4FA5-989F-0909102E3F96]{definition:com.apple.WebKit.WebContent[standard][client]}:1692, running-active-NotVisible
2026-05-25 19:29:56.911 A  WindowServer[619:690f6d] (RunningBoardServices) observedProcessStatesDidChange
2026-05-25 19:29:56.911 Df WindowServer[619:690f6d] [com.apple.runningboard:monitor] Received state update for 1689 (xpcservice<com.apple.WebKit.WebContent([app<application.com.apple.Safari.1110010.1110894(501)>:1412])(501)>{vt hash: 0}[uuid:0ACF90B4-D679-42CC-BE58-E2549439DEFB]{definition:com.apple.WebKit.WebContent[standard][client]}:1689, running-active-NotVisible
2026-05-25 19:29:57.018 A  WindowServer[619:690fb2] (RunningBoardServices) observedProcessStatesDidChange
2026-05-25 19:29:57.018 Df WindowServer[619:690fb2] [com.apple.runningboard:monitor] Received state update for 1689 (xpcservice<com.apple.WebKit.WebContent([app<application.com.apple.Safari.1110010.1110894(501)>:1412])(501)>{vt hash: 0}[uuid:0ACF90B4-D679-42CC-BE58-E2549439DEFB]{definition:com.apple.WebKit.WebContent[standard][client]}:1689, running-active-NotVisible
2026-05-25 19:29:57.538 E  WindowServer[619:112f] [com.apple.SkyLight:default] _CGXPackagesSetWindowConstraints: Invalid window
2026-05-25 19:29:57.538 E  WindowServer[619:112f] [com.apple.SkyLight:default] _CGXPackagesSetWindowConstraints: Invalid window
2026-05-25 19:29:57.553 E  WindowServer[619:112f] [com.apple.SkyLight:default] _CGXPackagesSetWindowConstraints: Invalid window
2026-05-25 19:29:57.868 A  WindowServer[619:690f6d] (RunningBoardServices) observedProcessStatesDidChange
2026-05-25 19:29:57.868 Df WindowServer[619:690f6d] [com.apple.runningboard:monitor] Received state update for 1695 (xpcservice<com.apple.WebKit.WebContent([app<application.com.apple.Safari.1110010.1110894(501)>:1412])(501)>{vt hash: 0}[uuid:F6E9D070-11FB-4B9F-A227-631755511F31]{definition:com.apple.WebKit.WebContent[standard][client]}:1695, running-suspended-NotVisible
2026-05-25 19:29:57.869 A  WindowServer[619:690fb2] (RunningBoardServices) observedProcessStatesDidChange
2026-05-25 19:29:57.869 Df WindowServer[619:690fb2] [com.apple.runningboard:monitor] Received state update for 93095 (xpcservice<com.apple.WebKit.WebContent([app<application.com.apple.Safari.1110010.1110894(501)>:1412])(501)>{vt hash: 0}[uuid:E6E9FAA9-4970-47E2-9E68-E7702351C954]{definition:com.apple.WebKit.WebContent[standard][client]}:93095, running-suspended-NotVisible
2026-05-25 19:29:57.869 Df WindowServer[619:690fb2] [com.apple.runningboard:monitor] Received state update for 1692 (xpcservice<com.apple.WebKit.WebContent([app<application.com.apple.Safari.1110010.1110894(501)>:1412])(501)>{vt hash: 0}[uuid:13FBE47D-B424-4FA5-989F-0909102E3F96]{definition:com.apple.WebKit.WebContent[standard][client]}:1692, running-suspended-NotVisible
2026-05-25 19:29:58.018 A  WindowServer[619:690fb2] (RunningBoardServices) observedProcessStatesDidChange
2026-05-25 19:29:58.018 Df WindowServer[619:690fb2] [com.apple.runningboard:monitor] Received state update for 1689 (xpcservice<com.apple.WebKit.WebContent([app<application.com.apple.Safari.1110010.1110894(501)>:1412])(501)>{vt hash: 0}[uuid:0ACF90B4-D679-42CC-BE58-E2549439DEFB]{definition:com.apple.WebKit.WebContent[standard][client]}:1689, running-suspended-NotVisible
2026-05-25 19:29:58.230 Df WindowServer[619:112f] [com.apple.BackBoard:EventDelivery] destinations for Keyboard event: (<keyboardFocus; iTerm2.1360; token: viewbridge-key-window>)
2026-05-25 19:29:58.230 Df WindowServer[619:112f] [com.apple.SkyLight:KeyboardEvent] delivery manager destinations for kCGSEventKeyDown event: <keyboardFocus; pid: 1360; token: viewbridge-key-window>
2026-05-25 19:29:58.300 A  WindowServer[619:112f] (TCC) TCCAccessRequest() IPC
2026-05-25 19:29:58.300 Df WindowServer[619:112f] [com.apple.xpc:connection] [0x703dfc8c0] activating connection: mach=true listener=false peer=false name=com.apple.tccd.system
2026-05-25 19:29:58.314 Df WindowServer[619:112f] [com.apple.xpc:connection] [0x703dfc8c0] invalidated after the last release of the connection object
2026-05-25 19:29:58.326 Df WindowServer[619:112f] [com.apple.SkyLight:KeyboardEvent] kCGSEventKeyUp was part of a sequence with destination <keyboardFocus; pid: 1360; token: viewbridge-key-window>
2026-05-25 19:29:58.539 E  WindowServer[619:112f] [com.apple.SkyLight:default] _CGXPackagesSetWindowConstraints: Invalid window
2026-05-25 19:29:58.539 E  WindowServer[619:112f] [com.apple.SkyLight:default] _CGXPackagesSetWindowConstraints: Invalid window
2026-05-25 19:29:58.550 E  WindowServer[619:112f] [com.apple.SkyLight:default] _CGXPackagesSetWindowConstraints: Invalid window
2026-05-25 19:29:59.298 A  WindowServer[619:112f] (TCC) TCCAccessRequest() IPC
2026-05-25 19:29:59.298 Df WindowServer[619:112f] [com.apple.xpc:connection] [0x703dfc8c0] activating connection: mach=true listener=false peer=false name=com.apple.tccd.system
2026-05-25 19:29:59.312 Df WindowServer[619:112f] [com.apple.xpc:connection] [0x703dfc8c0] invalidated after the last release of the connection object
2026-05-25 19:29:59.324 I  WindowServer[619:112f] [com.apple.SkyLight:packages] 0[NewConnectionPort]: resumed connection 50b997
2026-05-25 19:29:59.324 Df WindowServer[619:112f] [com.apple.SkyLight:default] [ ConnectionDebug ] New conn 0x50b997, PID 12290 in session 257 on console
2026-05-25 19:29:59.423 Df WindowServer[619:112f] [com.apple.SkyLight:default] [ ConnectionDebug ] Closing conn 0x50b997, PID 12290 in session 257 on console
2026-05-25 19:29:59.539 E  WindowServer[619:112f] [com.apple.SkyLight:default] _CGXPackagesSetWindowConstraints: Invalid window
2026-05-25 19:29:59.539 E  WindowServer[619:112f] [com.apple.SkyLight:default] _CGXPackagesSetWindowConstraints: Invalid window
2026-05-25 19:29:59.549 E  WindowServer[619:112f] [com.apple.SkyLight:default] _CGXPackagesSetWindowConstraints: Invalid window
2026-05-25 19:30:00.537 E  WindowServer[619:112f] [com.apple.SkyLight:default] _CGXPackagesSetWindowConstraints: Invalid window
2026-05-25 19:30:00.537 E  WindowServer[619:112f] [com.apple.SkyLight:default] _CGXPackagesSetWindowConstraints: Invalid window
2026-05-25 19:30:00.546 E  WindowServer[619:112f] [com.apple.SkyLight:default] _CGXPackagesSetWindowConstraints: Invalid window
2026-05-25 19:30:01.539 E  WindowServer[619:112f] [com.apple.SkyLight:default] _CGXPackagesSetWindowConstraints: Invalid window
2026-05-25 19:30:01.539 E  WindowServer[619:112f] [com.apple.SkyLight:default] _CGXPackagesSetWindowConstraints: Invalid window
2026-05-25 19:30:01.604 E  WindowServer[619:112f] [com.apple.SkyLight:default] _CGXPackagesSetWindowConstraints: Invalid window
2026-05-25 19:30:02.540 E  WindowServer[619:112f] [com.apple.SkyLight:default] _CGXPackagesSetWindowConstraints: Invalid window
2026-05-25 19:30:02.540 E  WindowServer[619:112f] [com.apple.SkyLight:default] _CGXPackagesSetWindowConstraints: Invalid window
2026-05-25 19:30:02.553 E  WindowServer[619:112f] [com.apple.SkyLight:default] _CGXPackagesSetWindowConstraints: Invalid window
2026-05-25 19:30:03.534 E  WindowServer[619:112f] [com.apple.SkyLight:default] _CGXPackagesSetWindowConstraints: Invalid window
2026-05-25 19:30:03.534 E  WindowServer[619:112f] [com.apple.SkyLight:default] _CGXPackagesSetWindowConstraints: Invalid window
2026-05-25 19:30:03.546 E  WindowServer[619:112f] [com.apple.SkyLight:default] _CGXPackagesSetWindowConstraints: Invalid window
2026-05-25 19:30:04.537 E  WindowServer[619:112f] [com.apple.SkyLight:default] _CGXPackagesSetWindowConstraints: Invalid window
2026-05-25 19:30:04.537 E  WindowServer[619:112f] [com.apple.SkyLight:default] _CGXPackagesSetWindowConstraints: Invalid window
2026-05-25 19:30:05.539 E  WindowServer[619:112f] [com.apple.SkyLight:default] _CGXPackagesSetWindowConstraints: Invalid window
2026-05-25 19:30:05.539 E  WindowServer[619:112f] [com.apple.SkyLight:default] _CGXPackagesSetWindowConstraints: Invalid window
2026-05-25 19:30:05.547 E  WindowServer[619:112f] [com.apple.SkyLight:default] _CGXPackagesSetWindowConstraints: Invalid window
2026-05-25 19:30:06.322 I  WindowServer[619:690f6d] [com.apple.iohid:connection] 2B690965-E7B9-4ABC-AE80-1738B2DFACDC: HID activity: 1 -> 0 (service:0x0 event:0)
2026-05-25 19:30:06.322 I  WindowServer[619:690f6d] [com.apple.iohid:connection] 2B690965-E7B9-4ABC-AE80-1738B2DFACDC: iohideventsystem_client_dispatch_properties_changed:0x10004003
2026-05-25 19:30:06.539 E  WindowServer[619:112f] [com.apple.SkyLight:default] _CGXPackagesSetWindowConstraints: Invalid window
2026-05-25 19:30:06.539 E  WindowServer[619:112f] [com.apple.SkyLight:default] _CGXPackagesSetWindowConstraints: Invalid window
2026-05-25 19:30:06.549 E  WindowServer[619:112f] [com.apple.SkyLight:default] _CGXPackagesSetWindowConstraints: Invalid window
2026-05-25 19:30:07.546 E  WindowServer[619:112f] [com.apple.SkyLight:default] _CGXPackagesSetWindowConstraints: Invalid window
2026-05-25 19:30:07.546 E  WindowServer[619:112f] [com.apple.SkyLight:default] _CGXPackagesSetWindowConstraints: Invalid window
2026-05-25 19:30:07.547 E  WindowServer[619:112f] [com.apple.SkyLight:default] _CGXPackagesSetWindowConstraints: Invalid window
2026-05-25 19:30:08.537 E  WindowServer[619:112f] [com.apple.SkyLight:default] _CGXPackagesSetWindowConstraints: Invalid window
2026-05-25 19:30:08.537 E  WindowServer[619:112f] [com.apple.SkyLight:default] _CGXPackagesSetWindowConstraints: Invalid window
2026-05-25 19:30:08.546 E  WindowServer[619:112f] [com.apple.SkyLight:default] _CGXPackagesSetWindowConstraints: Invalid window
2026-05-25 19:30:09.155 I  WindowServer[619:690f6d] [com.apple.iohid:connection] 2B690965-E7B9-4ABC-AE80-1738B2DFACDC: HID activity: 0 -> 1 (service:0x10000096a event:11)
2026-05-25 19:30:09.155 I  WindowServer[619:690f6d] [com.apple.iohid:connection] 2B690965-E7B9-4ABC-AE80-1738B2DFACDC: iohideventsystem_client_dispatch_properties_changed:0x10004003
2026-05-25 19:30:09.163 Df WindowServer[619:6900d9] [com.apple.Multitouch:Plugin] [TP] Dispatching digitizer event with 2 children, _eventMask=0x63 _childEventMask=0x62 Cancel=0 Touching=1 inRange=1
2026-05-25 19:30:09.179 Df WindowServer[619:112f] [com.apple.SkyLight:default] pid 1188 failed to act on a ping it dequeued before timing out.
2026-05-25 19:30:09.179 Df WindowServer[619:112f] [com.apple.SkyLight:default] pid 1222 failed to act on a ping it dequeued before timing out.
2026-05-25 19:30:09.180 Df WindowServer[619:112f] [com.apple.SkyLight:default] pid 930 failed to act on a ping it dequeued before timing out.
2026-05-25 19:30:09.181 I  WindowServer[619:112f] [com.apple.SkyLight:packages] 0[outside of RPC]: order window: 5 op: 1 relative: 0
2026-05-25 19:30:09.201 I  WindowServer[619:112f] [com.apple.SkyLight:packages] 0[outside of RPC]: order window: 5 op: 0 relative: 0
2026-05-25 19:30:09.535 E  WindowServer[619:112f] [com.apple.SkyLight:default] _CGXPackagesSetWindowConstraints: Invalid window
2026-05-25 19:30:09.535 E  WindowServer[619:112f] [com.apple.SkyLight:default] _CGXPackagesSetWindowConstraints: Invalid window
2026-05-25 19:30:09.545 E  WindowServer[619:112f] [com.apple.SkyLight:default] _CGXPackagesSetWindowConstraints: Invalid window
2026-05-25 19:30:10.534 E  WindowServer[619:112f] [com.apple.SkyLight:default] _CGXPackagesSetWindowConstraints: Invalid window
2026-05-25 19:30:10.534 E  WindowServer[619:112f] [com.apple.SkyLight:default] _CGXPackagesSetWindowConstraints: Invalid window
2026-05-25 19:30:10.547 Df WindowServer[619:690f6d] [com.apple.Multitouch:Plugin] Actuation(id=2) was requested (deviceID 0x7000000000000A7)
2026-05-25 19:30:10.552 E  WindowServer[619:112f] [com.apple.SkyLight:default] _CGXPackagesSetWindowConstraints: Invalid window
2026-05-25 19:30:10.552 Df WindowServer[619:690f6d] [com.apple.Multitouch:Plugin] [HID] [MT] <private><private><private> [0x7000000000000A7] Button event(mask=1) was dispatched from HostAlgs-Button
2026-05-25 19:30:10.553 Df WindowServer[619:690f6d] [com.apple.Multitouch:Plugin] [TP] Dispatching digitizer event with 4 children, _eventMask=0x40 _childEventMask=0x40 Cancel=0 Touching=1 inRange=1
2026-05-25 19:30:10.562 Df WindowServer[619:6914b5] [com.apple.SkyLight:default] [Event] Process button state old:0 new:1 SenderID:0x10000096a t:9939905286737
2026-05-25 19:30:10.562 Df WindowServer[619:6914b5] [com.apple.SkyLight:default] [Event] GlobalButtons:1 (Last SenderID:0x10000096a)
2026-05-25 19:30:10.562 Df WindowServer[619:6914b5] [com.apple.SkyLight:default] [Event] context.globalButtons(0) != translator->globalButtons(1) t:9939905286737
2026-05-25 19:30:10.580 I  WindowServer[619:112f] [com.apple.SkyLight:packages] 1c9a0f[DoDeferredOrdering]: order window: 17e op: 1 relative: 0
2026-05-25 19:30:11.537 E  WindowServer[619:112f] [com.apple.SkyLight:default] _CGXPackagesSetWindowConstraints: Invalid window
2026-05-25 19:30:11.537 E  WindowServer[619:112f] [com.apple.SkyLight:default] _CGXPackagesSetWindowConstraints: Invalid window
2026-05-25 19:30:11.548 E  WindowServer[619:112f] [com.apple.SkyLight:default] _CGXPackagesSetWindowConstraints: Invalid window
2026-05-25 19:30:12.542 E  WindowServer[619:112f] [com.apple.SkyLight:default] _CGXPackagesSetWindowConstraints: Invalid window
2026-05-25 19:30:12.542 E  WindowServer[619:112f] [com.apple.SkyLight:default] _CGXPackagesSetWindowConstraints: Invalid window
2026-05-25 19:30:12.553 E  WindowServer[619:112f] [com.apple.SkyLight:default] _CGXPackagesSetWindowConstraints: Invalid window
2026-05-25 19:30:13.007 Df WindowServer[619:6900d9] [com.apple.Multitouch:Plugin] Actuation(id=1) was requested (deviceID 0x7000000000000A7)
2026-05-25 19:30:13.013 Df WindowServer[619:6900d9] [com.apple.Multitouch:Plugin] [HID] [MT] <private><private><private> [0x7000000000000A7] Button event(mask=0) was dispatched from HostAlgs-Button
2026-05-25 19:30:13.013 Df WindowServer[619:6900d9] [com.apple.Multitouch:Plugin] [TP] Dispatching digitizer event with 4 children, _eventMask=0x40 _childEventMask=0x40 Cancel=0 Touching=1 inRange=1
2026-05-25 19:30:13.015 Df WindowServer[619:6900d9] [com.apple.Multitouch:Plugin] [TP] Dispatching digitizer event with 2 children, _eventMask=0x2 _childEventMask=0x2 Cancel=0 Touching=0 inRange=1
2026-05-25 19:30:13.033 Df WindowServer[619:69104a] [com.apple.SkyLight:default] [Event] Process button state old:1 new:0 SenderID:0x10000096a t:9939964339331
2026-05-25 19:30:13.033 Df WindowServer[619:69104a] [com.apple.SkyLight:default] [Event] GlobalButtons:0 (Last SenderID:0x10000096a)
2026-05-25 19:30:13.033 Df WindowServer[619:69104a] [com.apple.SkyLight:default] [Event] context.globalButtons(1) != translator->globalButtons(0) t:9939964339331
2026-05-25 19:30:13.536 Df WindowServer[619:112f] [com.apple.BackBoard:EventDelivery] destinations for Keyboard event: (<keyboardFocus; iTerm2.1360; token: viewbridge-key-window>)
2026-05-25 19:30:13.536 Df WindowServer[619:112f] [com.apple.SkyLight:KeyboardEvent] delivery manager destinations for kCGSEventFlagsChanged event: <keyboardFocus; pid: 1360; token: viewbridge-key-window>
2026-05-25 19:30:13.540 E  WindowServer[619:112f] [com.apple.SkyLight:default] _CGXPackagesSetWindowConstraints: Invalid window
2026-05-25 19:30:13.540 E  WindowServer[619:112f] [com.apple.SkyLight:default] _CGXPackagesSetWindowConstraints: Invalid window
2026-05-25 19:30:13.553 E  WindowServer[619:112f] [com.apple.SkyLight:default] _CGXPackagesSetWindowConstraints: Invalid window
2026-05-25 19:30:13.643 Df WindowServer[619:112f] [com.apple.BackBoard:EventDelivery] destinations for Keyboard event: (<keyboardFocus; iTerm2.1360; token: viewbridge-key-window>)
2026-05-25 19:30:13.643 Df WindowServer[619:112f] [com.apple.SkyLight:KeyboardEvent] delivery manager destinations for kCGSEventKeyDown event: <keyboardFocus; pid: 1360; token: viewbridge-key-window>
2026-05-25 19:30:13.853 Df WindowServer[619:112f] [com.apple.SkyLight:KeyboardEvent] kCGSEventKeyUp was part of a sequence with destination <keyboardFocus; pid: 1360; token: viewbridge-key-window>
2026-05-25 19:30:13.878 Df WindowServer[619:112f] [com.apple.BackBoard:EventDelivery] destinations for Keyboard event: (<keyboardFocus; iTerm2.1360; token: viewbridge-key-window>)
2026-05-25 19:30:13.878 Df WindowServer[619:112f] [com.apple.SkyLight:KeyboardEvent] delivery manager destinations for kCGSEventFlagsChanged event: <keyboardFocus; pid: 1360; token: viewbridge-key-window>
2026-05-25 19:30:13.988 I  WindowServer[619:112f] [com.apple.SkyLight:packages] 0[outside of RPC]: location status 0
2026-05-25 19:30:13.997 I  WindowServer[619:112f] [com.apple.SkyLight:packages] 0[outside of RPC]: window b0f0 joined space 25
2026-05-25 19:30:13.997 I  WindowServer[619:112f] [com.apple.SkyLight:packages] 0[outside of RPC]: order window: b0f0 op: 1 relative: 0
2026-05-25 19:30:14.001 I  WindowServer[619:112f] [com.apple.SkyLight:packages] 0[outside of RPC]: window b0f1 joined space 25
2026-05-25 19:30:14.001 I  WindowServer[619:112f] [com.apple.SkyLight:packages] 0[outside of RPC]: order window: b0f1 op: 1 relative: 0
2026-05-25 19:30:14.163 Df WindowServer[619:112f] [com.apple.BackBoard:EventDelivery] destinations for Keyboard event: (<keyboardFocus; iTerm2.1360; token: viewbridge-key-window>)
2026-05-25 19:30:14.163 Df WindowServer[619:112f] [com.apple.SkyLight:KeyboardEvent] delivery manager destinations for kCGSEventFlagsChanged event: <keyboardFocus; pid: 1360; token: viewbridge-key-window>
2026-05-25 19:30:14.377 Df WindowServer[619:112f] [com.apple.SkyLight:KeyboardEvent] [specialkey] - processHotKeyEvent: Entering special key mode appSwitchFWD since a special key hot key was pressed ( startOfSequence = YES )
2026-05-25 19:30:14.377 Df WindowServer[619:112f] [com.apple.SkyLight:KeyboardEvent] [specialkey] - processHotKeyEvent: frontmost process iTerm allows special key appSwitchFWD, so entering special key mode
2026-05-25 19:30:14.377 Df WindowServer[619:112f] [com.apple.SkyLight:KeyboardEvent] [specialkey] - Posting special key appSwitchFWD event kCGSEventKeyDown to owning application Dock
2026-05-25 19:30:14.381 Df WindowServer[619:690f6d] [com.apple.iohid:default] Connection added: IOHIDEventSystemConnection uuid:D9186BC7-0661-441C-A120-DF789F2087C2 pid:1504 process:Dock type:Simple entitlements:0x0 caller:Dock: Dock + 1046680 attributes:(null) state:0x0 events:0 mask:0x0 dropped:0 dropStatus:0 droppedMask:0x0 lastDroppedTime:NONE
2026-05-25 19:30:14.384 Df WindowServer[619:690f6d] [com.apple.iohid:default] Connection removed: IOHIDEventSystemConnection uuid:D9186BC7-0661-441C-A120-DF789F2087C2 pid:1504 process:Dock type:Simple entitlements:0x0 caller:Dock: Dock + 1046680 attributes:(null) state:0x1 events:0 mask:0x0 dropped:0 dropStatus:0 droppedMask:0x0 lastDroppedTime:NONE
2026-05-25 19:30:14.540 E  WindowServer[619:112f] [com.apple.SkyLight:default] _CGXPackagesSetWindowConstraints: Invalid window
2026-05-25 19:30:14.540 E  WindowServer[619:112f] [com.apple.SkyLight:default] _CGXPackagesSetWindowConstraints: Invalid window
2026-05-25 19:30:14.540 I  WindowServer[619:112f] [com.apple.SkyLight:packages] 5f503[SpaceCreate]: create space 3399 (managed? 0)
2026-05-25 19:30:14.541 I  WindowServer[619:112f] [com.apple.SkyLight:packages] 0[NewConnectionPort]: resumed connection 7b4d83
2026-05-25 19:30:14.541 Df WindowServer[619:112f] [com.apple.SkyLight:default] [ ConnectionDebug ] New conn 0x7b4d83, PID 1504 in session 257 on console
2026-05-25 19:30:14.545 I  WindowServer[619:112f] [com.apple.SkyLight:packages] 7b4d83[AddWindowsToSpaces]: window b0f2 joined space 3399
2026-05-25 19:30:14.547 I  WindowServer[619:112f] [com.apple.SkyLight:packages] 5f503[OrderWindowGroup]: order window: b0f2 op: 1 relative: 0
2026-05-25 19:30:14.549 E  WindowServer[619:112f] [com.apple.SkyLight:default] _CGXPackagesSetWindowConstraints: Invalid window
2026-05-25 19:30:14.579 Df WindowServer[619:112f] [com.apple.SkyLight:KeyboardEvent] [specialkey] - Posting special key appSwitchFWD event kCGSEventKeyUp to owning application Dock
2026-05-25 19:30:15.538 E  WindowServer[619:112f] [com.apple.SkyLight:default] _CGXPackagesSetWindowConstraints: Invalid window
2026-05-25 19:30:15.538 E  WindowServer[619:112f] [com.apple.SkyLight:default] _CGXPackagesSetWindowConstraints: Invalid window
2026-05-25 19:30:15.555 E  WindowServer[619:112f] [com.apple.SkyLight:default] _CGXPackagesSetWindowConstraints: Invalid window
2026-05-25 19:30:16.259 Df WindowServer[619:112f] [com.apple.SkyLight:KeyboardEvent] [specialkey] - Exiting special key mode wildcard due client Dock request
2026-05-25 19:30:16.260 Df WindowServer[619:112f] [com.apple.SkyLight.processes:Focus] 5f503[SetFrontProcess]: [DataSource] Making <private> 0x0-0x2635633 the front process in session 0x186b0
2026-05-25 19:30:16.262 Df WindowServer[619:112f] [com.apple.SkyLight.processes:Focus] 5f503[SetFrontProcess]: [DeferringManager] Updating policy {
    advicePolicy: .frontmost;
    frontmostProcess: 0x0-0x2635633 (Claude) mainConnectionID: 6E3333;
} for reason: updated frontmost process
2026-05-25 19:30:16.262 Df WindowServer[619:112f] [com.apple.BackBoard:EventDelivery] <BSCompoundAssertion:0x72ac154c0> (com.apple.backboard.hid.delivery.localDelivery.preventFlushing) acquire for reason:updated frontmost process <8696> acq:0x7006192e0 count:1
2026-05-25 19:30:16.262 Df WindowServer[619:112f] [com.apple.SkyLight.processes:Focus] 5f503[SetFrontProcess]: [DeferringManager] Deferring events from frontmost process PSN 0x0-0x2635633 (Claude) -> <pid: 69468>
2026-05-25 19:30:16.262 Df WindowServer[619:112f] [com.apple.BackBoard:EventDelivery] <BSCompoundAssertion:0x72ac154c0> (com.apple.backboard.hid.delivery.localDelivery.preventFlushing) invalidate acq:0x7006192e0 count:1
2026-05-25 19:30:16.262 Df WindowServer[619:112f] [com.apple.BackBoard:EventDelivery] flushing changes: {
    contentsMask: 0x2; deferringRules: [[619-658C], [619-658D], [619-658E]];
}
2026-05-25 19:30:16.262 Df WindowServer[619:112f] [com.apple.BackBoard:EventDelivery] new deferring rules for pid:619: [
    [619-658E]; <keyboardFocus; Claude:0x0-0x2635633>; () -> <pid: 69468>; reason: frontmost PSN --> outbound target,
    [619-658D]; <keyboardFocus; <frontmost>>; () -> <token: Claude:0x0-0x2635633; pid: 619>; reason: frontmost PSN,
    [619-658C]; <keyboardFocus>; () -> <token: <frontmost>; pid: 619>; reason: Deferring to <frontmost>
]
2026-05-25 19:30:16.262 Df WindowServer[619:112f] [com.apple.BackBoard:EventDelivery] [keyboardFocus 0x72acc2170] setRules:forPID(619): [
    [619-658E]; <keyboardFocus; Claude:0x0-0x2635633>; () -> <pid: 69468>; reason: frontmost PSN --> outbound target,
    [619-658D]; <keyboardFocus; <frontmost>>; () -> <token: Claude:0x0-0x2635633; pid: 619>; reason: frontmost PSN,
    [619-658C]; <keyboardFocus>; () -> <token: <frontmost>; pid: 619>; reason: Deferring to <frontmost>
]
2026-05-25 19:30:16.263 Df WindowServer[619:112f] [com.apple.BackBoard:EventDelivery] chain did update (setDeferringRules) <keyboardFocus; display: null> containsEndOfChain: YES; [
    <token: <frontmost>; pid: 619>,
    <token: Claude:0x0-0x2635633; pid: 619>,
    <pid: 69468>,
    <token: viewbridge-key-window; pid: 69468>
]
2026-05-25 19:30:16.266 Df WindowServer[619:112f] [com.apple.FuseBoard:SkyBridge] Process now frontmost: <private>
2026-05-25 19:30:16.266 I  WindowServer[619:112f] [com.apple.SkyLight:packages] 5f503[SetFrontProcess]: new foreground connection 6e3333 com.anthropic.claudefordesktop
2026-05-25 19:30:16.324 I  WindowServer[619:112f] [com.apple.SkyLight:packages] 6e3333[SetFrontProcessWithInfo]: new foreground connection 6e3333 com.anthropic.claudefordesktop
2026-05-25 19:30:16.328 I  WindowServer[619:112f] [com.apple.SkyLight:packages] 6e3333[SetWindowHasKeyAppearance]: request window 93f9 set active key appearance
2026-05-25 19:30:16.328 I  WindowServer[619:112f] [com.apple.SkyLight:packages] 6e3333[SetWindowHasKeyAppearance]: space 1 front connection changed from 1c9a0f to 6e3333
2026-05-25 19:30:16.328 I  WindowServer[619:112f] [com.apple.SkyLight:packages] 6e3333[SetWindowHasKeyAppearance]: requesting window 17e resign key appearance
2026-05-25 19:30:16.328 I  WindowServer[619:112f] [com.apple.SkyLight:packages] 6e3333[SetWindowHasKeyAppearance]: requesting window 17e resign main appearance
2026-05-25 19:30:16.328 I  WindowServer[619:112f] [com.apple.SkyLight:packages] 6e3333[SetWindowHasKeyAppearance]: requesting window 17e resign key appearance
2026-05-25 19:30:16.328 I  WindowServer[619:112f] [com.apple.SkyLight:packages] 6e3333[SetWindowHasKeyAppearance]: requesting window 17e resign main appearance
2026-05-25 19:30:16.328 I  WindowServer[619:112f] [com.apple.SkyLight:packages] 6e3333[SetWindowHasKeyAppearance]: requesting window 17e resign key appearance
2026-05-25 19:30:16.328 I  WindowServer[619:112f] [com.apple.SkyLight:packages] 6e3333[SetWindowHasMainAppearance]: request window 93f9 set active main appearance
2026-05-25 19:30:16.328 I  WindowServer[619:112f] [com.apple.SkyLight:packages] 6e3333[SetWindowHasMainAppearance]: requesting window 17e resign main appearance
2026-05-25 19:30:16.328 I  WindowServer[619:112f] [com.apple.SkyLight:packages] 6e3333[SetWindowHasMainAppearance]: requesting window 17e resign main appearance
2026-05-25 19:30:16.328 I  WindowServer[619:112f] [com.apple.SkyLight:packages] 6e3333[OrderWindowGroupFrontConditionally]: order window: 93f9 op: 1 relative: 0
2026-05-25 19:30:16.328 I  WindowServer[619:112f] [com.apple.SkyLight:packages] 6e3333[ReorderWindows]: order window: 93f9 op: 1 relative: 0
2026-05-25 19:30:16.360 I  WindowServer[619:112f] [com.apple.SkyLight:packages] 6e3333[OrderWindowGroupFrontConditionally]: order window: 93f9 op: 1 relative: 0
2026-05-25 19:30:16.379 Df WindowServer[619:112f] [com.apple.FuseBoard:SkyBridge] <private> updated window 382 from "visible" to "occluded".
2026-05-25 19:30:16.379 Df WindowServer[619:112f] [com.apple.FuseBoard:SkyBridge] <private> overall window state is now "occluded"
2026-05-25 19:30:16.390 I  WindowServer[619:112f] [com.apple.SkyLight:packages] 2431db[OrderWindowGroup]: order window: aeeb op: 0 relative: 0
2026-05-25 19:30:16.409 I  WindowServer[619:112f] [com.apple.SkyLight:packages] 1c9a0f[SetWindowHasKeyAppearance]: request window 17e set inactive key appearance
2026-05-25 19:30:16.409 I  WindowServer[619:112f] [com.apple.SkyLight:packages] 1c9a0f[SetWindowHasMainAppearance]: request window 17e set inactive main appearance
2026-05-25 19:30:16.510 I  WindowServer[619:112f] [com.apple.SkyLight:packages] 7b4d83[OrderWindowGroup]: order window: b0f2 op: 0 relative: 0
2026-05-25 19:30:16.510 I  WindowServer[619:112f] [com.apple.SkyLight:packages] 5f503[SpaceDestroy]: destroy space 3399
2026-05-25 19:30:16.511 I  WindowServer[619:112f] [com.apple.SkyLight:packages] 5f503[SpaceDestroy]: window b0f2 parted space 3399
2026-05-25 19:30:16.515 Df WindowServer[619:112f] [com.apple.SkyLight:default] [ ConnectionDebug ] Closing conn 0x7b4d83, PID 1504 in session 257 on console
2026-05-25 19:30:16.517 Df WindowServer[619:112f] [com.apple.BackBoard:EventDelivery] destinations for Keyboard event: (<keyboardFocus; Claude.69468; token: viewbridge-key-window>)
2026-05-25 19:30:16.517 Df WindowServer[619:112f] [com.apple.SkyLight:KeyboardEvent] delivery manager destinations for kCGSEventFlagsChanged event: <keyboardFocus; pid: 69468; token: viewbridge-key-window>
2026-05-25 19:30:16.540 E  WindowServer[619:112f] [com.apple.SkyLight:default] _CGXPackagesSetWindowConstraints: Invalid window
2026-05-25 19:30:16.543 E  WindowServer[619:112f] [com.apple.SkyLight:default] _CGXPackagesSetWindowConstraints: Invalid window
2026-05-25 19:30:16.556 E  WindowServer[619:112f] [com.apple.SkyLight:default] _CGXPackagesSetWindowConstraints: Invalid window
2026-05-25 19:30:17.395 Df WindowServer[619:6900d9] [com.apple.Multitouch:Plugin] [TP] Dispatching digitizer event with 2 children, _eventMask=0x63 _childEventMask=0x62 Cancel=0 Touching=1 inRange=1
2026-05-25 19:30:17.542 E  WindowServer[619:112f] [com.apple.SkyLight:default] _CGXPackagesSetWindowConstraints: Invalid window
2026-05-25 19:30:17.543 E  WindowServer[619:112f] [com.apple.SkyLight:default] _CGXPackagesSetWindowConstraints: Invalid window
2026-05-25 19:30:17.576 E  WindowServer[619:112f] [com.apple.SkyLight:default] _CGXPackagesSetWindowConstraints: Invalid window
2026-05-25 19:30:17.978 Df WindowServer[619:690f6d] [com.apple.Multitouch:Plugin] [TP] Dispatching digitizer event with 2 children, _eventMask=0x23 _childEventMask=0x3 Cancel=0 Touching=0 inRange=0
2026-05-25 19:30:18.132 Df WindowServer[619:6915c8] [com.apple.Multitouch:Plugin] [TP] Dispatching digitizer event with 2 children, _eventMask=0x63 _childEventMask=0x62 Cancel=0 Touching=1 inRange=1
2026-05-25 19:30:18.165 A  WindowServer[619:6915c8] (RunningBoardServices) observedProcessStatesDidChange
2026-05-25 19:30:18.165 Df WindowServer[619:6915c8] [com.apple.runningboard:monitor] Received state update for 12237 (xpcservice<com.apple.WebKit.WebContent([app<application.com.apple.Safari.1110010.1110894(501)>:1412])(501)>{vt hash: 0}[uuid:947A61D9-7C21-4ACF-9304-B8AA98800060]{definition:com.apple.WebKit.WebContent[standard][client]}:12237, running-active-NotVisible
2026-05-25 19:30:18.169 A  WindowServer[619:6915c8] (RunningBoardServices) observedProcessStatesDidChange
2026-05-25 19:30:18.169 Df WindowServer[619:6915c8] [com.apple.runningboard:monitor] Received state update for 12237 (xpcservice<com.apple.WebKit.WebContent([app<application.com.apple.Safari.1110010.1110894(501)>:1412])(501)>{vt hash: 0}[uuid:947A61D9-7C21-4ACF-9304-B8AA98800060]{definition:com.apple.WebKit.WebContent[standard][client]}:12237, none-NotVisible
2026-05-25 19:30:18.169 A  WindowServer[619:690f6d] (RunningBoardServices) observedProcessStatesDidChange
2026-05-25 19:30:18.169 Df WindowServer[619:690f6d] [com.apple.runningboard:monitor] Received state update for 12237 (xpcservice<com.apple.WebKit.WebContent([app<application.com.apple.Safari.1110010.1110894(501)>:1412])(501)>{vt hash: 0}[uuid:947A61D9-7C21-4ACF-9304-B8AA98800060]{definition:com.apple.WebKit.WebContent[standard][client]}:12237, none-NotVisible
2026-05-25 19:30:18.426 I  WindowServer[619:112f] [com.apple.SkyLight:packages] 0[outside of RPC]: order window: b0f1 op: 0 relative: 0
2026-05-25 19:30:18.426 I  WindowServer[619:112f] [com.apple.SkyLight:packages] 0[outside of RPC]: window b0f1 parted space 25
2026-05-25 19:30:18.428 I  WindowServer[619:112f] [com.apple.SkyLight:packages] 0[outside of RPC]: order window: b0f0 op: 0 relative: 0
2026-05-25 19:30:18.428 I  WindowServer[619:112f] [com.apple.SkyLight:packages] 0[outside of RPC]: window b0f0 parted space 25
2026-05-25 19:30:18.544 E  WindowServer[619:112f] [com.apple.SkyLight:default] _CGXPackagesSetWindowConstraints: Invalid window
2026-05-25 19:30:18.544 E  WindowServer[619:112f] [com.apple.SkyLight:default] _CGXPackagesSetWindowConstraints: Invalid window
2026-05-25 19:30:18.551 E  WindowServer[619:112f] [com.apple.SkyLight:default] _CGXPackagesSetWindowConstraints: Invalid window
2026-05-25 19:30:18.645 A  WindowServer[619:6915c8] (RunningBoardServices) observedProcessStatesDidChange
2026-05-25 19:30:18.645 Df WindowServer[619:6915c8] [com.apple.runningboard:process] Hit the server for a process handle 1937262900003035 that resolved to: [xpcservice<com.apple.mlhost.CloudWorker([osservice<com.apple.mlhostd(501)>:4001])(501)>{vt hash: 145023239}[uuid:625ADF8A-7A84-452B-82F8-413FC3A35705]{definition:com.apple.mlhost.CloudWorker[extension][client]}:12341]
2026-05-25 19:30:18.645 Df WindowServer[619:6915c8] [com.apple.runningboard:monitor] Received state update for 12341 (xpcservice<com.apple.mlhost.CloudWorker([osservice<com.apple.mlhostd(501)>:4001])(501)>{vt hash: 145023239}[uuid:625ADF8A-7A84-452B-82F8-413FC3A35705]{definition:com.apple.mlhost.CloudWorker[extension][client]}, running-suspended-NotVisible
2026-05-25 19:30:18.649 A  WindowServer[619:690f6d] (RunningBoardServices) observedProcessStatesDidChange
2026-05-25 19:30:18.649 Df WindowServer[619:690f6d] [com.apple.runningboard:monitor] Received state update for 12341 (xpcservice<com.apple.mlhost.CloudWorker([osservice<com.apple.mlhostd(501)>:4001])(501)>{vt hash: 145023239}[uuid:625ADF8A-7A84-452B-82F8-413FC3A35705]{definition:com.apple.mlhost.CloudWorker[extension][client]}, running-active-NotVisible
2026-05-25 19:30:18.804 Df WindowServer[619:690f6d] [com.apple.Multitouch:Plugin] Actuation(id=2) was requested (deviceID 0x7000000000000A7)
2026-05-25 19:30:18.810 Df WindowServer[619:690f6d] [com.apple.Multitouch:Plugin] [HID] [MT] <private><private><private> [0x7000000000000A7] Button event(mask=1) was dispatched from HostAlgs-Button
2026-05-25 19:30:18.810 Df WindowServer[619:690f6d] [com.apple.Multitouch:Plugin] [TP] Dispatching digitizer event with 4 children, _eventMask=0x40 _childEventMask=0x40 Cancel=0 Touching=1 inRange=1
2026-05-25 19:30:18.825 Df WindowServer[619:69158c] [com.apple.SkyLight:default] [Event] Process button state old:0 new:1 SenderID:0x10000096a t:9940103455324
2026-05-25 19:30:18.825 Df WindowServer[619:69158c] [com.apple.SkyLight:default] [Event] GlobalButtons:1 (Last SenderID:0x10000096a)
2026-05-25 19:30:18.825 Df WindowServer[619:69158c] [com.apple.SkyLight:default] [Event] context.globalButtons(0) != translator->globalButtons(1) t:9940103455324
2026-05-25 19:30:18.841 I  WindowServer[619:112f] [com.apple.SkyLight:packages] 6e3333[DoDeferredOrdering]: order window: 93f9 op: 1 relative: 0
2026-05-25 19:30:18.901 Df WindowServer[619:6915c8] [com.apple.Multitouch:Plugin] Actuation(id=1) was requested (deviceID 0x7000000000000A7)
2026-05-25 19:30:18.907 Df WindowServer[619:6915c8] [com.apple.Multitouch:Plugin] [HID] [MT] <private><private><private> [0x7000000000000A7] Button event(mask=0) was dispatched from HostAlgs-Button
2026-05-25 19:30:18.907 Df WindowServer[619:6915c8] [com.apple.Multitouch:Plugin] [TP] Dispatching digitizer event with 4 children, _eventMask=0x40 _childEventMask=0x40 Cancel=0 Touching=1 inRange=1
2026-05-25 19:30:18.926 Df WindowServer[619:6914b5] [com.apple.SkyLight:default] [Event] Process button state old:1 new:0 SenderID:0x10000096a t:9940105782978
2026-05-25 19:30:18.926 Df WindowServer[619:6914b5] [com.apple.SkyLight:default] [Event] GlobalButtons:0 (Last SenderID:0x10000096a)
2026-05-25 19:30:18.926 Df WindowServer[619:6914b5] [com.apple.SkyLight:default] [Event] context.globalButtons(1) != translator->globalButtons(0) t:9940105782978
2026-05-25 19:30:18.949 Df WindowServer[619:6915c8] [com.apple.Multitouch:Plugin] [TP] Dispatching digitizer event with 2 children, _eventMask=0x42 _childEventMask=0x42 Cancel=0 Touching=0 inRange=1
2026-05-25 19:30:19.004 Df WindowServer[619:6915c8] [com.apple.BackBoard:EventDelivery] new deferring rules for pid:69468: [[69468-389]; <keyboardFocus>; () -> <token: viewbridge-key-window; pid: 69468>; reason: …RemoteView deferKeyboardEventsToParticularWindow:forReason:]]
2026-05-25 19:30:19.004 Df WindowServer[619:6915c8] [com.apple.BackBoard:EventDelivery] [keyboardFocus 0x72acc2170] setRules:forPID(69468): [[69468-389]; <keyboardFocus>; () -> <token: viewbridge-key-window; pid: 69468>; reason: -[NSRemoteView deferKeyboardEventsToParticularWindow:forReason:]]
2026-05-25 19:30:19.004 Df WindowServer[619:6915c8] [com.apple.BackBoard:EventDelivery] chain did update (setDeferringRules) <keyboardFocus; display: null> containsEndOfChain: YES; [
    <token: <frontmost>; pid: 619>,
    <token: Claude:0x0-0x2635633; pid: 619>,
    <pid: 69468>,
    <token: viewbridge-key-window; pid: 69468>
]
2026-05-25 19:30:19.004 Df WindowServer[619:6915c8] [com.apple.BackBoard:EventDelivery] new deferring rules for pid:69468: [[69468-38A]; <keyboardFocus>; () -> <token: viewbridge-key-window; pid: 69468>; reason: …RemoteView deferKeyboardEventsToParticularWindow:forReason:]]
2026-05-25 19:30:19.004 Df WindowServer[619:6915c8] [com.apple.BackBoard:EventDelivery] [keyboardFocus 0x72acc2170] setRules:forPID(69468): [[69468-38A]; <keyboardFocus>; () -> <token: viewbridge-key-window; pid: 69468>; reason: -[NSRemoteView deferKeyboardEventsToParticularWindow:forReason:]]
2026-05-25 19:30:19.004 Df WindowServer[619:6915c8] [com.apple.BackBoard:EventDelivery] chain did update (setDeferringRules) <keyboardFocus; display: null> containsEndOfChain: YES; [
    <token: <frontmost>; pid: 619>,
    <token: Claude:0x0-0x2635633; pid: 619>,
    <pid: 69468>,
    <token: viewbridge-key-window; pid: 69468>
]
2026-05-25 19:30:19.065 A  WindowServer[619:6915c8] (RunningBoardServices) observedProcessStatesDidChange
2026-05-25 19:30:19.065 Df WindowServer[619:6915c8] [com.apple.runningboard:monitor] Received state update for 12341 (xpcservice<com.apple.mlhost.CloudWorker([osservice<com.apple.mlhostd(501)>:4001])(501)>{vt hash: 145023239}[uuid:625ADF8A-7A84-452B-82F8-413FC3A35705]{definition:com.apple.mlhost.CloudWorker[extension][client]}, none-NotVisible
2026-05-25 19:30:19.066 A  WindowServer[619:6900d9] (RunningBoardServices) observedProcessStatesDidChange
2026-05-25 19:30:19.066 Df WindowServer[619:6900d9] [com.apple.runningboard:monitor] Received state update for 12341 (xpcservice<com.apple.mlhost.CloudWorker([osservice<com.apple.mlhostd(501)>:4001])(501)>{vt hash: 145023239}[uuid:625ADF8A-7A84-452B-82F8-413FC3A35705]{definition:com.apple.mlhost.CloudWorker[extension][client]}, none-NotVisible
2026-05-25 19:30:19.545 E  WindowServer[619:112f] [com.apple.SkyLight:default] _CGXPackagesSetWindowConstraints: Invalid window
2026-05-25 19:30:19.545 E  WindowServer[619:112f] [com.apple.SkyLight:default] _CGXPackagesSetWindowConstraints: Invalid window
2026-05-25 19:30:19.552 E  WindowServer[619:112f] [com.apple.SkyLight:default] _CGXPackagesSetWindowConstraints: Invalid window
2026-05-25 19:30:19.647 Df WindowServer[619:112f] [com.apple.BackBoard:EventDelivery] destinations for Keyboard event: (<keyboardFocus; Claude.69468; token: viewbridge-key-window>)
2026-05-25 19:30:19.647 Df WindowServer[619:112f] [com.apple.SkyLight:KeyboardEvent] delivery manager destinations for kCGSEventFlagsChanged event: <keyboardFocus; pid: 69468; token: viewbridge-key-window>
2026-05-25 19:30:19.852 Df WindowServer[619:112f] [com.apple.BackBoard:EventDelivery] destinations for Keyboard event: (<keyboardFocus; Claude.69468; token: viewbridge-key-window>)
2026-05-25 19:30:19.852 Df WindowServer[619:112f] [com.apple.SkyLight:KeyboardEvent] delivery manager destinations for kCGSEventFlagsChanged event: <keyboardFocus; pid: 69468; token: viewbridge-key-window>
2026-05-25 19:30:20.463 Df WindowServer[619:112f] [com.apple.BackBoard:EventDelivery] destinations for Keyboard event: (<keyboardFocus; Claude.69468; token: viewbridge-key-window>)
2026-05-25 19:30:20.463 Df WindowServer[619:112f] [com.apple.SkyLight:KeyboardEvent] delivery manager destinations for kCGSEventKeyDown event: <keyboardFocus; pid: 69468; token: viewbridge-key-window>
2026-05-25 19:30:20.468 Df WindowServer[619:112f] [com.apple.SkyLight:default] pid 1188 failed to act on a ping it dequeued before timing out.
2026-05-25 19:30:20.468 Df WindowServer[619:112f] [com.apple.SkyLight:default] pid 1222 failed to act on a ping it dequeued before timing out.
2026-05-25 19:30:20.469 Df WindowServer[619:112f] [com.apple.SkyLight:default] pid 930 failed to act on a ping it dequeued before timing out.
2026-05-25 19:30:20.546 E  WindowServer[619:112f] [com.apple.SkyLight:default] _CGXPackagesSetWindowConstraints: Invalid window
2026-05-25 19:30:20.546 E  WindowServer[619:112f] [com.apple.SkyLight:default] _CGXPackagesSetWindowConstraints: Invalid window
2026-05-25 19:30:20.562 E  WindowServer[619:112f] [com.apple.SkyLight:default] _CGXPackagesSetWindowConstraints: Invalid window
2026-05-25 19:30:20.616 Df WindowServer[619:112f] [com.apple.SkyLight:KeyboardEvent] kCGSEventKeyUp was part of a sequence with destination <keyboardFocus; pid: 69468; token: viewbridge-key-window>
2026-05-25 19:30:20.663 Df WindowServer[619:112f] [com.apple.BackBoard:EventDelivery] destinations for Keyboard event: (<keyboardFocus; Claude.69468; token: viewbridge-key-window>)
2026-05-25 19:30:20.663 Df WindowServer[619:112f] [com.apple.SkyLight:KeyboardEvent] delivery manager destinations for kCGSEventKeyDown event: <keyboardFocus; pid: 69468; token: viewbridge-key-window>
2026-05-25 19:30:20.767 Df WindowServer[619:112f] [com.apple.SkyLight:KeyboardEvent] kCGSEventKeyUp was part of a sequence with destination <keyboardFocus; pid: 69468; token: viewbridge-key-window>
2026-05-25 19:30:20.817 Df WindowServer[619:112f] [com.apple.BackBoard:EventDelivery] destinations for Keyboard event: (<keyboardFocus; Claude.69468; token: viewbridge-key-window>)
2026-05-25 19:30:20.817 Df WindowServer[619:112f] [com.apple.SkyLight:KeyboardEvent] delivery manager destinations for kCGSEventKeyDown event: <keyboardFocus; pid: 69468; token: viewbridge-key-window>
2026-05-25 19:30:20.864 E  WindowServer[619:112f] [com.apple.coreanimation:Cursor] Cursor disabled: failed set_cursor_surface
2026-05-25 19:30:20.968 Df WindowServer[619:112f] [com.apple.SkyLight:KeyboardEvent] kCGSEventKeyUp was part of a sequence with destination <keyboardFocus; pid: 69468; token: viewbridge-key-window>
2026-05-25 19:30:21.337 Df WindowServer[619:112f] [com.apple.BackBoard:EventDelivery] destinations for Keyboard event: (<keyboardFocus; Claude.69468; token: viewbridge-key-window>)
2026-05-25 19:30:21.337 Df WindowServer[619:112f] [com.apple.SkyLight:KeyboardEvent] delivery manager destinations for kCGSEventFlagsChanged event: <keyboardFocus; pid: 69468; token: viewbridge-key-window>
2026-05-25 19:30:21.485 Df WindowServer[619:112f] [com.apple.BackBoard:EventDelivery] destinations for Keyboard event: (<keyboardFocus; Claude.69468; token: viewbridge-key-window>)
2026-05-25 19:30:21.485 Df WindowServer[619:112f] [com.apple.SkyLight:KeyboardEvent] delivery manager destinations for kCGSEventKeyDown event: <keyboardFocus; pid: 69468; token: viewbridge-key-window>
2026-05-25 19:30:21.540 E  WindowServer[619:112f] [com.apple.SkyLight:default] _CGXPackagesSetWindowConstraints: Invalid window
2026-05-25 19:30:21.540 E  WindowServer[619:112f] [com.apple.SkyLight:default] _CGXPackagesSetWindowConstraints: Invalid window
2026-05-25 19:30:21.553 E  WindowServer[619:112f] [com.apple.SkyLight:default] _CGXPackagesSetWindowConstraints: Invalid window
2026-05-25 19:30:21.572 Df WindowServer[619:112f] [com.apple.SkyLight:KeyboardEvent] kCGSEventKeyUp was part of a sequence with destination <keyboardFocus; pid: 69468; token: viewbridge-key-window>
2026-05-25 19:30:21.637 Df WindowServer[619:112f] [com.apple.BackBoard:EventDelivery] destinations for Keyboard event: (<keyboardFocus; Claude.69468; token: viewbridge-key-window>)
2026-05-25 19:30:21.637 Df WindowServer[619:112f] [com.apple.SkyLight:KeyboardEvent] delivery manager destinations for kCGSEventKeyDown event: <keyboardFocus; pid: 69468; token: viewbridge-key-window>
2026-05-25 19:30:21.781 Df WindowServer[619:112f] [com.apple.SkyLight:KeyboardEvent] kCGSEventKeyUp was part of a sequence with destination <keyboardFocus; pid: 69468; token: viewbridge-key-window>
2026-05-25 19:30:21.882 I  WindowServer[619:112f] [com.apple.SkyLight:packages] 0[outside of RPC]: location status 1
2026-05-25 19:30:21.893 I  WindowServer[619:112f] [com.apple.SkyLight:packages] 0[outside of RPC]: window b0f4 joined space 25
2026-05-25 19:30:21.893 I  WindowServer[619:112f] [com.apple.SkyLight:packages] 0[outside of RPC]: order window: b0f4 op: 1 relative: 0
2026-05-25 19:30:21.896 I  WindowServer[619:112f] [com.apple.SkyLight:packages] 0[outside of RPC]: window b0f5 joined space 25
2026-05-25 19:30:21.896 I  WindowServer[619:112f] [com.apple.SkyLight:packages] 0[outside of RPC]: order window: b0f5 op: 1 relative: 0
2026-05-25 19:30:22.537 E  WindowServer[619:112f] [com.apple.SkyLight:default] _CGXPackagesSetWindowConstraints: Invalid window
2026-05-25 19:30:22.537 E  WindowServer[619:112f] [com.apple.SkyLight:default] _CGXPackagesSetWindowConstraints: Invalid window
2026-05-25 19:30:22.551 E  WindowServer[619:112f] [com.apple.SkyLight:default] _CGXPackagesSetWindowConstraints: Invalid window
2026-05-25 19:30:22.956 Df WindowServer[619:112f] [com.apple.BackBoard:EventDelivery] destinations for Keyboard event: (<keyboardFocus; Claude.69468; token: viewbridge-key-window>)
2026-05-25 19:30:22.956 Df WindowServer[619:112f] [com.apple.SkyLight:KeyboardEvent] delivery manager destinations for kCGSEventFlagsChanged event: <keyboardFocus; pid: 69468; token: viewbridge-key-window>
2026-05-25 19:30:23.540 E  WindowServer[619:112f] [com.apple.SkyLight:default] _CGXPackagesSetWindowConstraints: Invalid window
2026-05-25 19:30:23.541 E  WindowServer[619:112f] [com.apple.SkyLight:default] _CGXPackagesSetWindowConstraints: Invalid window
2026-05-25 19:30:23.554 E  WindowServer[619:112f] [com.apple.SkyLight:default] _CGXPackagesSetWindowConstraints: Invalid window
2026-05-25 19:30:23.605 Df WindowServer[619:112f] [com.apple.BackBoard:EventDelivery] destinations for Keyboard event: (<keyboardFocus; Claude.69468; token: viewbridge-key-window>)
2026-05-25 19:30:23.605 Df WindowServer[619:112f] [com.apple.SkyLight:KeyboardEvent] delivery manager destinations for kCGSEventFlagsChanged event: <keyboardFocus; pid: 69468; token: viewbridge-key-window>
2026-05-25 19:30:23.794 Df WindowServer[619:112f] [com.apple.BackBoard:EventDelivery] destinations for Keyboard event: (<keyboardFocus; Claude.69468; token: viewbridge-key-window>)
2026-05-25 19:30:23.794 Df WindowServer[619:112f] [com.apple.SkyLight:KeyboardEvent] delivery manager destinations for kCGSEventKeyDown event: <keyboardFocus; pid: 69468; token: viewbridge-key-window>
2026-05-25 19:30:23.919 Df WindowServer[619:112f] [com.apple.SkyLight:KeyboardEvent] kCGSEventKeyUp was part of a sequence with destination <keyboardFocus; pid: 69468; token: viewbridge-key-window>
2026-05-25 19:30:23.935 Df WindowServer[619:112f] [com.apple.BackBoard:EventDelivery] destinations for Keyboard event: (<keyboardFocus; Claude.69468; token: viewbridge-key-window>)
2026-05-25 19:30:23.935 Df WindowServer[619:112f] [com.apple.SkyLight:KeyboardEvent] delivery manager destinations for kCGSEventFlagsChanged event: <keyboardFocus; pid: 69468; token: viewbridge-key-window>
2026-05-25 19:30:24.153 Df WindowServer[619:112f] [com.apple.BackBoard:EventDelivery] destinations for Keyboard event: (<keyboardFocus; Claude.69468; token: viewbridge-key-window>)
2026-05-25 19:30:24.153 Df WindowServer[619:112f] [com.apple.SkyLight:KeyboardEvent] delivery manager destinations for kCGSEventKeyDown event: <keyboardFocus; pid: 69468; token: viewbridge-key-window>
2026-05-25 19:30:24.244 Df WindowServer[619:112f] [com.apple.SkyLight:KeyboardEvent] kCGSEventKeyUp was part of a sequence with destination <keyboardFocus; pid: 69468; token: viewbridge-key-window>
2026-05-25 19:30:24.475 Df WindowServer[619:112f] [com.apple.BackBoard:EventDelivery] destinations for Keyboard event: (<keyboardFocus; Claude.69468; token: viewbridge-key-window>)
2026-05-25 19:30:24.475 Df WindowServer[619:112f] [com.apple.SkyLight:KeyboardEvent] delivery manager destinations for kCGSEventKeyDown event: <keyboardFocus; pid: 69468; token: viewbridge-key-window>
2026-05-25 19:30:24.544 E  WindowServer[619:112f] [com.apple.SkyLight:default] _CGXPackagesSetWindowConstraints: Invalid window
2026-05-25 19:30:24.544 E  WindowServer[619:112f] [com.apple.SkyLight:default] _CGXPackagesSetWindowConstraints: Invalid window
2026-05-25 19:30:24.554 E  WindowServer[619:112f] [com.apple.SkyLight:default] _CGXPackagesSetWindowConstraints: Invalid window
2026-05-25 19:30:24.607 Df WindowServer[619:112f] [com.apple.SkyLight:KeyboardEvent] kCGSEventKeyUp was part of a sequence with destination <keyboardFocus; pid: 69468; token: viewbridge-key-window>
2026-05-25 19:30:24.807 Df WindowServer[619:112f] [com.apple.BackBoard:EventDelivery] destinations for Keyboard event: (<keyboardFocus; Claude.69468; token: viewbridge-key-window>)
2026-05-25 19:30:24.807 Df WindowServer[619:112f] [com.apple.SkyLight:KeyboardEvent] delivery manager destinations for kCGSEventKeyDown event: <keyboardFocus; pid: 69468; token: viewbridge-key-window>
2026-05-25 19:30:24.923 Df WindowServer[619:112f] [com.apple.SkyLight:KeyboardEvent] kCGSEventKeyUp was part of a sequence with destination <keyboardFocus; pid: 69468; token: viewbridge-key-window>
2026-05-25 19:30:25.021 Df WindowServer[619:112f] [com.apple.BackBoard:EventDelivery] destinations for Keyboard event: (<keyboardFocus; Claude.69468; token: viewbridge-key-window>)
2026-05-25 19:30:25.021 Df WindowServer[619:112f] [com.apple.SkyLight:KeyboardEvent] delivery manager destinations for kCGSEventKeyDown event: <keyboardFocus; pid: 69468; token: viewbridge-key-window>
2026-05-25 19:30:25.124 Df WindowServer[619:112f] [com.apple.SkyLight:KeyboardEvent] kCGSEventKeyUp was part of a sequence with destination <keyboardFocus; pid: 69468; token: viewbridge-key-window>
2026-05-25 19:30:25.290 Df WindowServer[619:112f] [com.apple.BackBoard:EventDelivery] destinations for Keyboard event: (<keyboardFocus; Claude.69468; token: viewbridge-key-window>)
2026-05-25 19:30:25.290 Df WindowServer[619:112f] [com.apple.SkyLight:KeyboardEvent] delivery manager destinations for kCGSEventKeyDown event: <keyboardFocus; pid: 69468; token: viewbridge-key-window>
2026-05-25 19:30:25.423 Df WindowServer[619:112f] [com.apple.SkyLight:KeyboardEvent] kCGSEventKeyUp was part of a sequence with destination <keyboardFocus; pid: 69468; token: viewbridge-key-window>
2026-05-25 19:30:25.427 Df WindowServer[619:690f6d] [com.apple.Multitouch:Plugin] [TP] Dispatching digitizer event with 2 children, _eventMask=0x21 _childEventMask=0x3 Cancel=0 Touching=0 inRange=0
2026-05-25 19:30:25.536 E  WindowServer[619:112f] [com.apple.SkyLight:default] _CGXPackagesSetWindowConstraints: Invalid window
2026-05-25 19:30:25.536 E  WindowServer[619:112f] [com.apple.SkyLight:default] _CGXPackagesSetWindowConstraints: Invalid window
2026-05-25 19:30:25.547 E  WindowServer[619:112f] [com.apple.SkyLight:default] _CGXPackagesSetWindowConstraints: Invalid window
2026-05-25 19:30:26.538 E  WindowServer[619:112f] [com.apple.SkyLight:default] _CGXPackagesSetWindowConstraints: Invalid window
2026-05-25 19:30:26.538 E  WindowServer[619:112f] [com.apple.SkyLight:default] _CGXPackagesSetWindowConstraints: Invalid window
2026-05-25 19:30:26.556 E  WindowServer[619:112f] [com.apple.SkyLight:default] _CGXPackagesSetWindowConstraints: Invalid window
2026-05-25 19:30:27.442 Df WindowServer[619:112f] [com.apple.BackBoard:EventDelivery] destinations for Keyboard event: (<keyboardFocus; Claude.69468; token: viewbridge-key-window>)
2026-05-25 19:30:27.442 Df WindowServer[619:112f] [com.apple.SkyLight:KeyboardEvent] delivery manager destinations for kCGSEventKeyDown event: <keyboardFocus; pid: 69468; token: viewbridge-key-window>
2026-05-25 19:30:27.541 E  WindowServer[619:112f] [com.apple.SkyLight:default] _CGXPackagesSetWindowConstraints: Invalid window
2026-05-25 19:30:27.541 E  WindowServer[619:112f] [com.apple.SkyLight:default] _CGXPackagesSetWindowConstraints: Invalid window
2026-05-25 19:30:27.550 Df WindowServer[619:112f] [com.apple.SkyLight:KeyboardEvent] kCGSEventKeyUp was part of a sequence with destination <keyboardFocus; pid: 69468; token: viewbridge-key-window>
2026-05-25 19:30:27.557 E  WindowServer[619:112f] [com.apple.SkyLight:default] _CGXPackagesSetWindowConstraints: Invalid window
2026-05-25 19:30:28.148 Df WindowServer[619:112f] [com.apple.BackBoard:EventDelivery] destinations for Keyboard event: (<keyboardFocus; Claude.69468; token: viewbridge-key-window>)
2026-05-25 19:30:28.148 Df WindowServer[619:112f] [com.apple.SkyLight:KeyboardEvent] delivery manager destinations for kCGSEventKeyDown event: <keyboardFocus; pid: 69468; token: viewbridge-key-window>
2026-05-25 19:30:28.275 Df WindowServer[619:112f] [com.apple.SkyLight:KeyboardEvent] kCGSEventKeyUp was part of a sequence with destination <keyboardFocus; pid: 69468; token: viewbridge-key-window>
2026-05-25 19:30:28.542 E  WindowServer[619:112f] [com.apple.SkyLight:default] _CGXPackagesSetWindowConstraints: Invalid window
2026-05-25 19:30:28.542 E  WindowServer[619:112f] [com.apple.SkyLight:default] _CGXPackagesSetWindowConstraints: Invalid window
2026-05-25 19:30:28.551 E  WindowServer[619:112f] [com.apple.SkyLight:default] _CGXPackagesSetWindowConstraints: Invalid window
2026-05-25 19:30:28.610 Df WindowServer[619:112f] [com.apple.BackBoard:EventDelivery] destinations for Keyboard event: (<keyboardFocus; Claude.69468; token: viewbridge-key-window>)
2026-05-25 19:30:28.610 Df WindowServer[619:112f] [com.apple.SkyLight:KeyboardEvent] delivery manager destinations for kCGSEventKeyDown event: <keyboardFocus; pid: 69468; token: viewbridge-key-window>
2026-05-25 19:30:28.761 Df WindowServer[619:112f] [com.apple.SkyLight:KeyboardEvent] kCGSEventKeyUp was part of a sequence with destination <keyboardFocus; pid: 69468; token: viewbridge-key-window>
2026-05-25 19:30:28.953 Df WindowServer[619:112f] [com.apple.BackBoard:EventDelivery] destinations for Keyboard event: (<keyboardFocus; Claude.69468; token: viewbridge-key-window>)
2026-05-25 19:30:28.953 Df WindowServer[619:112f] [com.apple.SkyLight:KeyboardEvent] delivery manager destinations for kCGSEventKeyDown event: <keyboardFocus; pid: 69468; token: viewbridge-key-window>
2026-05-25 19:30:29.059 Df WindowServer[619:112f] [com.apple.SkyLight:KeyboardEvent] kCGSEventKeyUp was part of a sequence with destination <keyboardFocus; pid: 69468; token: viewbridge-key-window>
2026-05-25 19:30:29.300 Df WindowServer[619:112f] [com.apple.BackBoard:EventDelivery] destinations for Keyboard event: (<keyboardFocus; Claude.69468; token: viewbridge-key-window>)
2026-05-25 19:30:29.300 Df WindowServer[619:112f] [com.apple.SkyLight:KeyboardEvent] delivery manager destinations for kCGSEventKeyDown event: <keyboardFocus; pid: 69468; token: viewbridge-key-window>
2026-05-25 19:30:29.397 Df WindowServer[619:112f] [com.apple.SkyLight:KeyboardEvent] kCGSEventKeyUp was part of a sequence with destination <keyboardFocus; pid: 69468; token: viewbridge-key-window>
2026-05-25 19:30:29.543 E  WindowServer[619:112f] [com.apple.SkyLight:default] _CGXPackagesSetWindowConstraints: Invalid window
2026-05-25 19:30:29.543 E  WindowServer[619:112f] [com.apple.SkyLight:default] _CGXPackagesSetWindowConstraints: Invalid window
2026-05-25 19:30:29.553 E  WindowServer[619:112f] [com.apple.SkyLight:default] _CGXPackagesSetWindowConstraints: Invalid window
2026-05-25 19:30:29.677 Df WindowServer[619:112f] [com.apple.BackBoard:EventDelivery] destinations for Keyboard event: (<keyboardFocus; Claude.69468; token: viewbridge-key-window>)
2026-05-25 19:30:29.677 Df WindowServer[619:112f] [com.apple.SkyLight:KeyboardEvent] delivery manager destinations for kCGSEventKeyDown event: <keyboardFocus; pid: 69468; token: viewbridge-key-window>
2026-05-25 19:30:29.712 E  WindowServer[619:112f] [com.apple.SkyLight:default] _CGXPackagesSetWindowConstraints: Invalid window
2026-05-25 19:30:29.761 Df WindowServer[619:112f] [com.apple.SkyLight:KeyboardEvent] kCGSEventKeyUp was part of a sequence with destination <keyboardFocus; pid: 69468; token: viewbridge-key-window>
2026-05-25 19:30:30.429 Df WindowServer[619:112f] [com.apple.BackBoard:EventDelivery] destinations for Keyboard event: (<keyboardFocus; Claude.69468; token: viewbridge-key-window>)
2026-05-25 19:30:30.429 Df WindowServer[619:112f] [com.apple.SkyLight:KeyboardEvent] delivery manager destinations for kCGSEventKeyDown event: <keyboardFocus; pid: 69468; token: viewbridge-key-window>
2026-05-25 19:30:30.515 Df WindowServer[619:112f] [com.apple.SkyLight:KeyboardEvent] kCGSEventKeyUp was part of a sequence with destination <keyboardFocus; pid: 69468; token: viewbridge-key-window>
2026-05-25 19:30:30.534 E  WindowServer[619:112f] [com.apple.SkyLight:default] _CGXPackagesSetWindowConstraints: Invalid window
2026-05-25 19:30:30.534 E  WindowServer[619:112f] [com.apple.SkyLight:default] _CGXPackagesSetWindowConstraints: Invalid window
2026-05-25 19:30:30.763 Df WindowServer[619:112f] [com.apple.BackBoard:EventDelivery] destinations for Keyboard event: (<keyboardFocus; Claude.69468; token: viewbridge-key-window>)
2026-05-25 19:30:30.763 Df WindowServer[619:112f] [com.apple.SkyLight:KeyboardEvent] delivery manager destinations for kCGSEventKeyDown event: <keyboardFocus; pid: 69468; token: viewbridge-key-window>
2026-05-25 19:30:30.834 Df WindowServer[619:112f] [com.apple.SkyLight:KeyboardEvent] kCGSEventKeyUp was part of a sequence with destination <keyboardFocus; pid: 69468; token: viewbridge-key-window>
2026-05-25 19:30:30.969 Df WindowServer[619:112f] [com.apple.BackBoard:EventDelivery] destinations for Keyboard event: (<keyboardFocus; Claude.69468; token: viewbridge-key-window>)
2026-05-25 19:30:30.969 Df WindowServer[619:112f] [com.apple.SkyLight:KeyboardEvent] delivery manager destinations for kCGSEventKeyDown event: <keyboardFocus; pid: 69468; token: viewbridge-key-window>
2026-05-25 19:30:31.046 Df WindowServer[619:112f] [com.apple.SkyLight:KeyboardEvent] kCGSEventKeyUp was part of a sequence with destination <keyboardFocus; pid: 69468; token: viewbridge-key-window>
2026-05-25 19:30:31.264 Df WindowServer[619:112f] [com.apple.BackBoard:EventDelivery] destinations for Keyboard event: (<keyboardFocus; Claude.69468; token: viewbridge-key-window>)
2026-05-25 19:30:31.264 Df WindowServer[619:112f] [com.apple.SkyLight:KeyboardEvent] delivery manager destinations for kCGSEventKeyDown event: <keyboardFocus; pid: 69468; token: viewbridge-key-window>
2026-05-25 19:30:31.368 Df WindowServer[619:112f] [com.apple.SkyLight:KeyboardEvent] kCGSEventKeyUp was part of a sequence with destination <keyboardFocus; pid: 69468; token: viewbridge-key-window>
2026-05-25 19:30:31.535 E  WindowServer[619:112f] [com.apple.SkyLight:default] _CGXPackagesSetWindowConstraints: Invalid window
2026-05-25 19:30:31.535 E  WindowServer[619:112f] [com.apple.SkyLight:default] _CGXPackagesSetWindowConstraints: Invalid window
2026-05-25 19:30:31.546 E  WindowServer[619:112f] [com.apple.SkyLight:default] _CGXPackagesSetWindowConstraints: Invalid window
2026-05-25 19:30:31.937 I  WindowServer[619:112f] [com.apple.SkyLight:packages] 0[outside of RPC]: location status 0
2026-05-25 19:30:32.535 E  WindowServer[619:112f] [com.apple.SkyLight:default] _CGXPackagesSetWindowConstraints: Invalid window
2026-05-25 19:30:32.535 E  WindowServer[619:112f] [com.apple.SkyLight:default] _CGXPackagesSetWindowConstraints: Invalid window
2026-05-25 19:30:32.550 E  WindowServer[619:112f] [com.apple.SkyLight:default] _CGXPackagesSetWindowConstraints: Invalid window
2026-05-25 19:30:32.743 I  WindowServer[619:112f] [com.apple.SkyLight:packages] 0[outside of RPC]: order window: b0f5 op: 0 relative: 0
2026-05-25 19:30:32.743 I  WindowServer[619:112f] [com.apple.SkyLight:packages] 0[outside of RPC]: window b0f5 parted space 25
2026-05-25 19:30:32.745 I  WindowServer[619:112f] [com.apple.SkyLight:packages] 0[outside of RPC]: order window: b0f4 op: 0 relative: 0
2026-05-25 19:30:32.745 I  WindowServer[619:112f] [com.apple.SkyLight:packages] 0[outside of RPC]: window b0f4 parted space 25
2026-05-25 19:30:33.116 Df WindowServer[619:112f] [com.apple.BackBoard:EventDelivery] destinations for Keyboard event: (<keyboardFocus; Claude.69468; token: viewbridge-key-window>)
2026-05-25 19:30:33.116 Df WindowServer[619:112f] [com.apple.SkyLight:KeyboardEvent] delivery manager destinations for kCGSEventKeyDown event: <keyboardFocus; pid: 69468; token: viewbridge-key-window>
2026-05-25 19:30:33.233 Df WindowServer[619:112f] [com.apple.SkyLight:KeyboardEvent] kCGSEventKeyUp was part of a sequence with destination <keyboardFocus; pid: 69468; token: viewbridge-key-window>
2026-05-25 19:30:33.540 E  WindowServer[619:112f] [com.apple.SkyLight:default] _CGXPackagesSetWindowConstraints: Invalid window
2026-05-25 19:30:33.540 E  WindowServer[619:112f] [com.apple.SkyLight:default] _CGXPackagesSetWindowConstraints: Invalid window
2026-05-25 19:30:33.568 E  WindowServer[619:112f] [com.apple.SkyLight:default] _CGXPackagesSetWindowConstraints: Invalid window
2026-05-25 19:30:33.818 Df WindowServer[619:112f] [com.apple.BackBoard:EventDelivery] destinations for Keyboard event: (<keyboardFocus; Claude.69468; token: viewbridge-key-window>)
2026-05-25 19:30:33.818 Df WindowServer[619:112f] [com.apple.SkyLight:KeyboardEvent] delivery manager destinations for kCGSEventKeyDown event: <keyboardFocus; pid: 69468; token: viewbridge-key-window>
2026-05-25 19:30:33.955 Df WindowServer[619:112f] [com.apple.SkyLight:KeyboardEvent] kCGSEventKeyUp was part of a sequence with destination <keyboardFocus; pid: 69468; token: viewbridge-key-window>
2026-05-25 19:30:34.106 Df WindowServer[619:112f] [com.apple.BackBoard:EventDelivery] destinations for Keyboard event: (<keyboardFocus; Claude.69468; token: viewbridge-key-window>)
2026-05-25 19:30:34.106 Df WindowServer[619:112f] [com.apple.SkyLight:KeyboardEvent] delivery manager destinations for kCGSEventKeyDown event: <keyboardFocus; pid: 69468; token: viewbridge-key-window>
2026-05-25 19:30:34.216 Df WindowServer[619:112f] [com.apple.SkyLight:KeyboardEvent] kCGSEventKeyUp was part of a sequence with destination <keyboardFocus; pid: 69468; token: viewbridge-key-window>
2026-05-25 19:30:34.394 A  WindowServer[619:690f6d] (RunningBoardServices) observedProcessStatesDidChange
2026-05-25 19:30:34.395 Df WindowServer[619:690f6d] [com.apple.runningboard:monitor] Received state update for 19859 (app<application.com.apple.podcasts.1152921500311897422.1152921500311898026(501)>, running-active-NotVisible
2026-05-25 19:30:34.471 Df WindowServer[619:112f] [com.apple.BackBoard:EventDelivery] destinations for Keyboard event: (<keyboardFocus; Claude.69468; token: viewbridge-key-window>)
2026-05-25 19:30:34.471 Df WindowServer[619:112f] [com.apple.SkyLight:KeyboardEvent] delivery manager destinations for kCGSEventKeyDown event: <keyboardFocus; pid: 69468; token: viewbridge-key-window>
2026-05-25 19:30:34.539 E  WindowServer[619:112f] [com.apple.SkyLight:default] _CGXPackagesSetWindowConstraints: Invalid window
2026-05-25 19:30:34.540 E  WindowServer[619:112f] [com.apple.SkyLight:default] _CGXPackagesSetWindowConstraints: Invalid window
2026-05-25 19:30:34.553 E  WindowServer[619:112f] [com.apple.SkyLight:default] _CGXPackagesSetWindowConstraints: Invalid window
2026-05-25 19:30:34.569 Df WindowServer[619:112f] [com.apple.SkyLight:KeyboardEvent] kCGSEventKeyUp was part of a sequence with destination <keyboardFocus; pid: 69468; token: viewbridge-key-window>
2026-05-25 19:30:34.600 A  WindowServer[619:690f6d] (RunningBoardServices) observedProcessStatesDidChange
2026-05-25 19:30:34.600 Df WindowServer[619:690f6d] [com.apple.runningboard:monitor] Received state update for 19859 (app<application.com.apple.podcasts.1152921500311897422.1152921500311898026(501)>, running-active-NotVisible
2026-05-25 19:30:34.739 Df WindowServer[619:112f] [com.apple.BackBoard:EventDelivery] destinations for Keyboard event: (<keyboardFocus; Claude.69468; token: viewbridge-key-window>)
2026-05-25 19:30:34.739 Df WindowServer[619:112f] [com.apple.SkyLight:KeyboardEvent] delivery manager destinations for kCGSEventKeyDown event: <keyboardFocus; pid: 69468; token: viewbridge-key-window>
2026-05-25 19:30:34.760 A  WindowServer[619:6915c8] (RunningBoardServices) observedProcessStatesDidChange
2026-05-25 19:30:34.760 Df WindowServer[619:6915c8] [com.apple.runningboard:monitor] Received state update for 19859 (app<application.com.apple.podcasts.1152921500311897422.1152921500311898026(501)>, running-active-NotVisible
2026-05-25 19:30:34.860 Df WindowServer[619:112f] [com.apple.SkyLight:KeyboardEvent] kCGSEventKeyUp was part of a sequence with destination <keyboardFocus; pid: 69468; token: viewbridge-key-window>
2026-05-25 19:30:34.957 A  WindowServer[619:690f6d] (RunningBoardServices) observedProcessStatesDidChange
2026-05-25 19:30:34.957 Df WindowServer[619:690f6d] [com.apple.runningboard:monitor] Received state update for 19859 (app<application.com.apple.podcasts.1152921500311897422.1152921500311898026(501)>, running-active-NotVisible
2026-05-25 19:30:35.069 Df WindowServer[619:112f] [com.apple.BackBoard:EventDelivery] destinations for Keyboard event: (<keyboardFocus; Claude.69468; token: viewbridge-key-window>)
2026-05-25 19:30:35.069 Df WindowServer[619:112f] [com.apple.SkyLight:KeyboardEvent] delivery manager destinations for kCGSEventKeyDown event: <keyboardFocus; pid: 69468; token: viewbridge-key-window>
2026-05-25 19:30:35.135 Df WindowServer[619:112f] [com.apple.SkyLight:KeyboardEvent] kCGSEventKeyUp was part of a sequence with destination <keyboardFocus; pid: 69468; token: viewbridge-key-window>
2026-05-25 19:30:35.219 Df WindowServer[619:112f] [com.apple.BackBoard:EventDelivery] destinations for Keyboard event: (<keyboardFocus; Claude.69468; token: viewbridge-key-window>)
2026-05-25 19:30:35.219 Df WindowServer[619:112f] [com.apple.SkyLight:KeyboardEvent] delivery manager destinations for kCGSEventKeyDown event: <keyboardFocus; pid: 69468; token: viewbridge-key-window>
2026-05-25 19:30:35.328 Df WindowServer[619:6915c8] [com.apple.Multitouch:Plugin] [TP] Dispatching digitizer event with 2 children, _eventMask=0x0 _childEventMask=0x2 Cancel=0 Touching=1 inRange=1
2026-05-25 19:30:35.362 Df WindowServer[619:112f] [com.apple.SkyLight:KeyboardEvent] kCGSEventKeyUp was part of a sequence with destination <keyboardFocus; pid: 69468; token: viewbridge-key-window>
2026-05-25 19:30:35.369 Df WindowServer[619:6915c8] [com.apple.Multitouch:Plugin] [TP] Dispatching digitizer event with 2 children, _eventMask=0x2 _childEventMask=0x2 Cancel=0 Touching=0 inRange=1
2026-05-25 19:30:35.536 Df WindowServer[619:112f] [com.apple.BackBoard:EventDelivery] destinations for Keyboard event: (<keyboardFocus; Claude.69468; token: viewbridge-key-window>)
2026-05-25 19:30:35.536 Df WindowServer[619:112f] [com.apple.SkyLight:KeyboardEvent] delivery manager destinations for kCGSEventKeyDown event: <keyboardFocus; pid: 69468; token: viewbridge-key-window>
2026-05-25 19:30:35.541 E  WindowServer[619:112f] [com.apple.SkyLight:default] _CGXPackagesSetWindowConstraints: Invalid window
2026-05-25 19:30:35.554 E  WindowServer[619:112f] [com.apple.SkyLight:default] _CGXPackagesSetWindowConstraints: Invalid window
2026-05-25 19:30:35.559 E  WindowServer[619:112f] [com.apple.SkyLight:default] _CGXPackagesSetWindowConstraints: Invalid window
2026-05-25 19:30:35.653 Df WindowServer[619:112f] [com.apple.SkyLight:KeyboardEvent] kCGSEventKeyUp was part of a sequence with destination <keyboardFocus; pid: 69468; token: viewbridge-key-window>
2026-05-25 19:30:35.878 Df WindowServer[619:112f] [com.apple.BackBoard:EventDelivery] destinations for Keyboard event: (<keyboardFocus; Claude.69468; token: viewbridge-key-window>)
2026-05-25 19:30:35.878 Df WindowServer[619:112f] [com.apple.SkyLight:KeyboardEvent] delivery manager destinations for kCGSEventKeyDown event: <keyboardFocus; pid: 69468; token: viewbridge-key-window>
2026-05-25 19:30:35.954 Df WindowServer[619:112f] [com.apple.SkyLight:KeyboardEvent] kCGSEventKeyUp was part of a sequence with destination <keyboardFocus; pid: 69468; token: viewbridge-key-window>
2026-05-25 19:30:36.061 Df WindowServer[619:112f] [com.apple.BackBoard:EventDelivery] destinations for Keyboard event: (<keyboardFocus; Claude.69468; token: viewbridge-key-window>)
2026-05-25 19:30:36.061 Df WindowServer[619:112f] [com.apple.SkyLight:KeyboardEvent] delivery manager destinations for kCGSEventKeyDown event: <keyboardFocus; pid: 69468; token: viewbridge-key-window>
2026-05-25 19:30:36.161 Df WindowServer[619:112f] [com.apple.SkyLight:KeyboardEvent] kCGSEventKeyUp was part of a sequence with destination <keyboardFocus; pid: 69468; token: viewbridge-key-window>
2026-05-25 19:30:36.308 Df WindowServer[619:112f] [com.apple.BackBoard:EventDelivery] destinations for Keyboard event: (<keyboardFocus; Claude.69468; token: viewbridge-key-window>)
2026-05-25 19:30:36.308 Df WindowServer[619:112f] [com.apple.SkyLight:KeyboardEvent] delivery manager destinations for kCGSEventKeyDown event: <keyboardFocus; pid: 69468; token: viewbridge-key-window>
2026-05-25 19:30:36.407 Df WindowServer[619:112f] [com.apple.SkyLight:KeyboardEvent] kCGSEventKeyUp was part of a sequence with destination <keyboardFocus; pid: 69468; token: viewbridge-key-window>
2026-05-25 19:30:36.541 E  WindowServer[619:112f] [com.apple.SkyLight:default] _CGXPackagesSetWindowConstraints: Invalid window
2026-05-25 19:30:36.541 E  WindowServer[619:112f] [com.apple.SkyLight:default] _CGXPackagesSetWindowConstraints: Invalid window
2026-05-25 19:30:36.554 E  WindowServer[619:112f] [com.apple.SkyLight:default] _CGXPackagesSetWindowConstraints: Invalid window
2026-05-25 19:30:36.746 Df WindowServer[619:112f] [com.apple.BackBoard:EventDelivery] destinations for Keyboard event: (<keyboardFocus; Claude.69468; token: viewbridge-key-window>)
2026-05-25 19:30:36.746 Df WindowServer[619:112f] [com.apple.SkyLight:KeyboardEvent] delivery manager destinations for kCGSEventKeyDown event: <keyboardFocus; pid: 69468; token: viewbridge-key-window>
2026-05-25 19:30:36.872 Df WindowServer[619:112f] [com.apple.SkyLight:KeyboardEvent] kCGSEventKeyUp was part of a sequence with destination <keyboardFocus; pid: 69468; token: viewbridge-key-window>
2026-05-25 19:30:37.030 Df WindowServer[619:112f] [com.apple.BackBoard:EventDelivery] destinations for Keyboard event: (<keyboardFocus; Claude.69468; token: viewbridge-key-window>)
2026-05-25 19:30:37.030 Df WindowServer[619:112f] [com.apple.SkyLight:KeyboardEvent] delivery manager destinations for kCGSEventKeyDown event: <keyboardFocus; pid: 69468; token: viewbridge-key-window>
2026-05-25 19:30:37.142 Df WindowServer[619:112f] [com.apple.SkyLight:KeyboardEvent] kCGSEventKeyUp was part of a sequence with destination <keyboardFocus; pid: 69468; token: viewbridge-key-window>
2026-05-25 19:30:37.345 A  WindowServer[619:690f6d] (RunningBoardServices) observedProcessStatesDidChange
2026-05-25 19:30:37.345 Df WindowServer[619:690f6d] [com.apple.runningboard:monitor] Received state update for 1712 (xpcservice<com.apple.WebKit.WebContent([app<application.com.apple.Safari.1110010.1110894(501)>:1412])(501)>{vt hash: 0}[uuid:E39C338D-2123-4866-B4F2-EBBA649D947A]{definition:com.apple.WebKit.WebContent[standard][client]}:1712, running-active-NotVisible
2026-05-25 19:30:37.451 A  WindowServer[619:6916a0] (RunningBoardServices) observedProcessStatesDidChange
2026-05-25 19:30:37.451 Df WindowServer[619:6916a0] [com.apple.runningboard:monitor] Received state update for 1712 (xpcservice<com.apple.WebKit.WebContent([app<application.com.apple.Safari.1110010.1110894(501)>:1412])(501)>{vt hash: 0}[uuid:E39C338D-2123-4866-B4F2-EBBA649D947A]{definition:com.apple.WebKit.WebContent[standard][client]}:1712, running-active-NotVisible
2026-05-25 19:30:37.540 E  WindowServer[619:112f] [com.apple.SkyLight:default] _CGXPackagesSetWindowConstraints: Invalid window
2026-05-25 19:30:37.541 E  WindowServer[619:112f] [com.apple.SkyLight:default] _CGXPackagesSetWindowConstraints: Invalid window
2026-05-25 19:30:37.558 E  WindowServer[619:112f] [com.apple.SkyLight:default] _CGXPackagesSetWindowConstraints: Invalid window
2026-05-25 19:30:37.740 Df WindowServer[619:112f] [com.apple.BackBoard:EventDelivery] destinations for Keyboard event: (<keyboardFocus; Claude.69468; token: viewbridge-key-window>)
2026-05-25 19:30:37.740 Df WindowServer[619:112f] [com.apple.SkyLight:KeyboardEvent] delivery manager destinations for kCGSEventFlagsChanged event: <keyboardFocus; pid: 69468; token: viewbridge-key-window>
2026-05-25 19:30:38.273 Df WindowServer[619:112f] [com.apple.BackBoard:EventDelivery] destinations for Keyboard event: (<keyboardFocus; Claude.69468; token: viewbridge-key-window>)
2026-05-25 19:30:38.273 Df WindowServer[619:112f] [com.apple.SkyLight:KeyboardEvent] delivery manager destinations for kCGSEventFlagsChanged event: <keyboardFocus; pid: 69468; token: viewbridge-key-window>
2026-05-25 19:30:38.453 A  WindowServer[619:690f6d] (RunningBoardServices) observedProcessStatesDidChange
2026-05-25 19:30:38.453 Df WindowServer[619:690f6d] [com.apple.runningboard:monitor] Received state update for 1712 (xpcservice<com.apple.WebKit.WebContent([app<application.com.apple.Safari.1110010.1110894(501)>:1412])(501)>{vt hash: 0}[uuid:E39C338D-2123-4866-B4F2-EBBA649D947A]{definition:com.apple.WebKit.WebContent[standard][client]}:1712, running-suspended-NotVisible
2026-05-25 19:30:38.541 E  WindowServer[619:112f] [com.apple.SkyLight:default] _CGXPackagesSetWindowConstraints: Invalid window
2026-05-25 19:30:38.541 E  WindowServer[619:112f] [com.apple.SkyLight:default] _CGXPackagesSetWindowConstraints: Invalid window
2026-05-25 19:30:38.559 E  WindowServer[619:112f] [com.apple.SkyLight:default] _CGXPackagesSetWindowConstraints: Invalid window
2026-05-25 19:30:38.783 Df WindowServer[619:112f] [com.apple.BackBoard:EventDelivery] destinations for Keyboard event: (<keyboardFocus; Claude.69468; token: viewbridge-key-window>)
2026-05-25 19:30:38.783 Df WindowServer[619:112f] [com.apple.SkyLight:KeyboardEvent] delivery manager destinations for kCGSEventKeyDown event: <keyboardFocus; pid: 69468; token: viewbridge-key-window>
2026-05-25 19:30:38.891 Df WindowServer[619:112f] [com.apple.SkyLight:KeyboardEvent] kCGSEventKeyUp was part of a sequence with destination <keyboardFocus; pid: 69468; token: viewbridge-key-window>
2026-05-25 19:30:39.542 E  WindowServer[619:112f] [com.apple.SkyLight:default] _CGXPackagesSetWindowConstraints: Invalid window
2026-05-25 19:30:39.542 E  WindowServer[619:112f] [com.apple.SkyLight:default] _CGXPackagesSetWindowConstraints: Invalid window
2026-05-25 19:30:39.559 E  WindowServer[619:112f] [com.apple.SkyLight:default] _CGXPackagesSetWindowConstraints: Invalid window
2026-05-25 19:30:39.582 Df WindowServer[619:112f] [com.apple.BackBoard:EventDelivery] destinations for Keyboard event: (<keyboardFocus; Claude.69468; token: viewbridge-key-window>)
2026-05-25 19:30:39.582 Df WindowServer[619:112f] [com.apple.SkyLight:KeyboardEvent] delivery manager destinations for kCGSEventFlagsChanged event: <keyboardFocus; pid: 69468; token: viewbridge-key-window>
2026-05-25 19:30:40.029 Df WindowServer[619:112f] [com.apple.BackBoard:EventDelivery] destinations for Keyboard event: (<keyboardFocus; Claude.69468; token: viewbridge-key-window>)
2026-05-25 19:30:40.029 Df WindowServer[619:112f] [com.apple.SkyLight:KeyboardEvent] delivery manager destinations for kCGSEventKeyDown event: <keyboardFocus; pid: 69468; token: viewbridge-key-window>
2026-05-25 19:30:40.217 Df WindowServer[619:112f] [com.apple.SkyLight:KeyboardEvent] kCGSEventKeyUp was part of a sequence with destination <keyboardFocus; pid: 69468; token: viewbridge-key-window>
2026-05-25 19:30:40.428 Df WindowServer[619:112f] [com.apple.BackBoard:EventDelivery] destinations for Keyboard event: (<keyboardFocus; Claude.69468; token: viewbridge-key-window>)
2026-05-25 19:30:40.428 Df WindowServer[619:112f] [com.apple.SkyLight:KeyboardEvent] delivery manager destinations for kCGSEventFlagsChanged event: <keyboardFocus; pid: 69468; token: viewbridge-key-window>
2026-05-25 19:30:40.543 E  WindowServer[619:112f] [com.apple.SkyLight:default] _CGXPackagesSetWindowConstraints: Invalid window
2026-05-25 19:30:40.543 E  WindowServer[619:112f] [com.apple.SkyLight:default] _CGXPackagesSetWindowConstraints: Invalid window
2026-05-25 19:30:40.560 E  WindowServer[619:112f] [com.apple.SkyLight:default] _CGXPackagesSetWindowConstraints: Invalid window
2026-05-25 19:30:40.639 A  WindowServer[619:690f6d] (RunningBoardServices) observedProcessStatesDidChange
2026-05-25 19:30:40.639 Df WindowServer[619:690f6d] [com.apple.runningboard:monitor] Received state update for 1670 (xpcservice<com.apple.WebKit.WebContent([app<application.com.apple.Safari.1110010.1110894(501)>:1412])(501)>{vt hash: 0}[uuid:535B0C90-083D-431F-BE4E-C3F2356A399D]{definition:com.apple.WebKit.WebContent[standard][client]}:1670, running-active-NotVisible
2026-05-25 19:30:40.742 A  WindowServer[619:6916a0] (RunningBoardServices) observedProcessStatesDidChange
2026-05-25 19:30:40.742 Df WindowServer[619:6916a0] [com.apple.runningboard:monitor] Received state update for 1670 (xpcservice<com.apple.WebKit.WebContent([app<application.com.apple.Safari.1110010.1110894(501)>:1412])(501)>{vt hash: 0}[uuid:535B0C90-083D-431F-BE4E-C3F2356A399D]{definition:com.apple.WebKit.WebContent[standard][client]}:1670, running-active-NotVisible
2026-05-25 19:30:40.763 Df WindowServer[619:112f] [com.apple.SkyLight:packages] 0[outside of RPC]: user_is_idle_for_appearance_switch user is not idle (try again in 59.663902)
2026-05-25 19:30:40.763 Df WindowServer[619:112f] [com.apple.SkyLight:packages] 0[outside of RPC]: PKGReconcileAutomaticAppearanceTheme kicking idle timer
2026-05-25 19:30:41.316 E  WindowServer[619:112f] [com.apple.SkyLight:default] _CGXPackagesSetWindowConstraints: Invalid window
2026-05-25 19:30:41.345 Df WindowServer[619:112f] [com.apple.BackBoard:EventDelivery] destinations for Keyboard event: (<keyboardFocus; Claude.69468; token: viewbridge-key-window>)
2026-05-25 19:30:41.345 Df WindowServer[619:112f] [com.apple.SkyLight:KeyboardEvent] delivery manager destinations for kCGSEventKeyDown event: <keyboardFocus; pid: 69468; token: viewbridge-key-window>
2026-05-25 19:30:41.434 Df WindowServer[619:112f] [com.apple.SkyLight:KeyboardEvent] kCGSEventKeyUp was part of a sequence with destination <keyboardFocus; pid: 69468; token: viewbridge-key-window>
2026-05-25 19:30:41.545 E  WindowServer[619:112f] [com.apple.SkyLight:default] _CGXPackagesSetWindowConstraints: Invalid window
2026-05-25 19:30:41.545 E  WindowServer[619:112f] [com.apple.SkyLight:default] _CGXPackagesSetWindowConstraints: Invalid window
2026-05-25 19:30:41.554 E  WindowServer[619:112f] [com.apple.SkyLight:default] _CGXPackagesSetWindowConstraints: Invalid window
2026-05-25 19:30:41.744 A  WindowServer[619:690f6d] (RunningBoardServices) observedProcessStatesDidChange
2026-05-25 19:30:41.744 Df WindowServer[619:690f6d] [com.apple.runningboard:monitor] Received state update for 1670 (xpcservice<com.apple.WebKit.WebContent([app<application.com.apple.Safari.1110010.1110894(501)>:1412])(501)>{vt hash: 0}[uuid:535B0C90-083D-431F-BE4E-C3F2356A399D]{definition:com.apple.WebKit.WebContent[standard][client]}:1670, running-suspended-NotVisible
2026-05-25 19:30:42.540 E  WindowServer[619:112f] [com.apple.SkyLight:default] _CGXPackagesSetWindowConstraints: Invalid window
2026-05-25 19:30:42.540 E  WindowServer[619:112f] [com.apple.SkyLight:default] _CGXPackagesSetWindowConstraints: Invalid window
2026-05-25 19:30:42.553 E  WindowServer[619:112f] [com.apple.SkyLight:default] _CGXPackagesSetWindowConstraints: Invalid window
2026-05-25 19:30:43.541 E  WindowServer[619:112f] [com.apple.SkyLight:default] _CGXPackagesSetWindowConstraints: Invalid window
2026-05-25 19:30:43.541 E  WindowServer[619:112f] [com.apple.SkyLight:default] _CGXPackagesSetWindowConstraints: Invalid window
2026-05-25 19:30:43.555 E  WindowServer[619:112f] [com.apple.SkyLight:default] _CGXPackagesSetWindowConstraints: Invalid window
2026-05-25 19:30:44.540 E  WindowServer[619:112f] [com.apple.SkyLight:default] _CGXPackagesSetWindowConstraints: Invalid window
2026-05-25 19:30:44.540 E  WindowServer[619:112f] [com.apple.SkyLight:default] _CGXPackagesSetWindowConstraints: Invalid window
2026-05-25 19:30:44.558 E  WindowServer[619:112f] [com.apple.SkyLight:default] _CGXPackagesSetWindowConstraints: Invalid window
2026-05-25 19:30:45.540 E  WindowServer[619:112f] [com.apple.SkyLight:default] _CGXPackagesSetWindowConstraints: Invalid window
2026-05-25 19:30:45.541 E  WindowServer[619:112f] [com.apple.SkyLight:default] _CGXPackagesSetWindowConstraints: Invalid window
2026-05-25 19:30:45.553 E  WindowServer[619:112f] [com.apple.SkyLight:default] _CGXPackagesSetWindowConstraints: Invalid window
2026-05-25 19:30:46.342 Df WindowServer[619:112f] [com.apple.BackBoard:EventDelivery] destinations for Keyboard event: (<keyboardFocus; Claude.69468; token: viewbridge-key-window>)
2026-05-25 19:30:46.342 Df WindowServer[619:112f] [com.apple.SkyLight:KeyboardEvent] delivery manager destinations for kCGSEventKeyDown event: <keyboardFocus; pid: 69468; token: viewbridge-key-window>
2026-05-25 19:30:46.420 Df WindowServer[619:112f] [com.apple.SkyLight:KeyboardEvent] kCGSEventKeyUp was part of a sequence with destination <keyboardFocus; pid: 69468; token: viewbridge-key-window>
2026-05-25 19:30:46.543 E  WindowServer[619:112f] [com.apple.SkyLight:default] _CGXPackagesSetWindowConstraints: Invalid window
2026-05-25 19:30:46.543 E  WindowServer[619:112f] [com.apple.SkyLight:default] _CGXPackagesSetWindowConstraints: Invalid window
2026-05-25 19:30:46.556 E  WindowServer[619:112f] [com.apple.SkyLight:default] _CGXPackagesSetWindowConstraints: Invalid window
2026-05-25 19:30:46.854 Df WindowServer[619:112f] [com.apple.BackBoard:EventDelivery] destinations for Keyboard event: (<keyboardFocus; Claude.69468; token: viewbridge-key-window>)
2026-05-25 19:30:46.854 Df WindowServer[619:112f] [com.apple.SkyLight:KeyboardEvent] delivery manager destinations for kCGSEventKeyDown event: <keyboardFocus; pid: 69468; token: viewbridge-key-window>
2026-05-25 19:30:46.954 Df WindowServer[619:112f] [com.apple.SkyLight:KeyboardEvent] kCGSEventKeyUp was part of a sequence with destination <keyboardFocus; pid: 69468; token: viewbridge-key-window>
2026-05-25 19:30:47.179 Df WindowServer[619:112f] [com.apple.BackBoard:EventDelivery] destinations for Keyboard event: (<keyboardFocus; Claude.69468; token: viewbridge-key-window>)
2026-05-25 19:30:47.179 Df WindowServer[619:112f] [com.apple.SkyLight:KeyboardEvent] delivery manager destinations for kCGSEventKeyDown event: <keyboardFocus; pid: 69468; token: viewbridge-key-window>
2026-05-25 19:30:47.288 Df WindowServer[619:112f] [com.apple.SkyLight:KeyboardEvent] kCGSEventKeyUp was part of a sequence with destination <keyboardFocus; pid: 69468; token: viewbridge-key-window>
2026-05-25 19:30:47.441 Df WindowServer[619:112f] [com.apple.BackBoard:EventDelivery] destinations for Keyboard event: (<keyboardFocus; Claude.69468; token: viewbridge-key-window>)
2026-05-25 19:30:47.441 Df WindowServer[619:112f] [com.apple.SkyLight:KeyboardEvent] delivery manager destinations for kCGSEventKeyDown event: <keyboardFocus; pid: 69468; token: viewbridge-key-window>
2026-05-25 19:30:47.539 E  WindowServer[619:112f] [com.apple.SkyLight:default] _CGXPackagesSetWindowConstraints: Invalid window
2026-05-25 19:30:47.540 E  WindowServer[619:112f] [com.apple.SkyLight:default] _CGXPackagesSetWindowConstraints: Invalid window
2026-05-25 19:30:47.553 E  WindowServer[619:112f] [com.apple.SkyLight:default] _CGXPackagesSetWindowConstraints: Invalid window
2026-05-25 19:30:47.570 Df WindowServer[619:112f] [com.apple.SkyLight:KeyboardEvent] kCGSEventKeyUp was part of a sequence with destination <keyboardFocus; pid: 69468; token: viewbridge-key-window>
2026-05-25 19:30:47.723 Df WindowServer[619:112f] [com.apple.BackBoard:EventDelivery] destinations for Keyboard event: (<keyboardFocus; Claude.69468; token: viewbridge-key-window>)
2026-05-25 19:30:47.723 Df WindowServer[619:112f] [com.apple.SkyLight:KeyboardEvent] delivery manager destinations for kCGSEventKeyDown event: <keyboardFocus; pid: 69468; token: viewbridge-key-window>
2026-05-25 19:30:47.772 I  WindowServer[619:112f] [com.apple.SkyLight:packages] 0[outside of RPC]: location status 1
2026-05-25 19:30:47.782 I  WindowServer[619:112f] [com.apple.SkyLight:packages] 0[outside of RPC]: window b0f6 joined space 25
2026-05-25 19:30:47.782 I  WindowServer[619:112f] [com.apple.SkyLight:packages] 0[outside of RPC]: order window: b0f6 op: 1 relative: 0
2026-05-25 19:30:47.785 I  WindowServer[619:112f] [com.apple.SkyLight:packages] 0[outside of RPC]: window b0f7 joined space 25
2026-05-25 19:30:47.786 I  WindowServer[619:112f] [com.apple.SkyLight:packages] 0[outside of RPC]: order window: b0f7 op: 1 relative: 0
2026-05-25 19:30:47.824 Df WindowServer[619:112f] [com.apple.SkyLight:KeyboardEvent] kCGSEventKeyUp was part of a sequence with destination <keyboardFocus; pid: 69468; token: viewbridge-key-window>
2026-05-25 19:30:47.927 Df WindowServer[619:112f] [com.apple.BackBoard:EventDelivery] destinations for Keyboard event: (<keyboardFocus; Claude.69468; token: viewbridge-key-window>)
2026-05-25 19:30:47.927 Df WindowServer[619:112f] [com.apple.SkyLight:KeyboardEvent] delivery manager destinations for kCGSEventKeyDown event: <keyboardFocus; pid: 69468; token: viewbridge-key-window>
2026-05-25 19:30:48.047 Df WindowServer[619:112f] [com.apple.SkyLight:KeyboardEvent] kCGSEventKeyUp was part of a sequence with destination <keyboardFocus; pid: 69468; token: viewbridge-key-window>
2026-05-25 19:30:48.089 Df WindowServer[619:112f] [com.apple.BackBoard:EventDelivery] destinations for Keyboard event: (<keyboardFocus; Claude.69468; token: viewbridge-key-window>)
2026-05-25 19:30:48.089 Df WindowServer[619:112f] [com.apple.SkyLight:KeyboardEvent] delivery manager destinations for kCGSEventKeyDown event: <keyboardFocus; pid: 69468; token: viewbridge-key-window>
2026-05-25 19:30:48.174 Df WindowServer[619:112f] [com.apple.SkyLight:KeyboardEvent] kCGSEventKeyUp was part of a sequence with destination <keyboardFocus; pid: 69468; token: viewbridge-key-window>
2026-05-25 19:30:48.182 A  WindowServer[619:6915c8] (RunningBoardServices) observedProcessStatesDidChange
2026-05-25 19:30:48.183 Df WindowServer[619:6915c8] [com.apple.runningboard:monitor] Received state update for 1503 (app<application.com.apple.MobileSMS.1152921500311888381.1152921500311888451(501)>, running-active-NotVisible
2026-05-25 19:30:48.184 A  WindowServer[619:6917fd] (RunningBoardServices) observedProcessStatesDidChange
2026-05-25 19:30:48.184 Df WindowServer[619:6917fd] [com.apple.runningboard:monitor] Received state update for 17038 (xpcservice<com.apple.PaperKit.extension.ui([app<application.com.apple.Notes.1152921500311894402.1152921500311894407(501)>:1411])(501)>{vt hash: 215804005}{definition:com.apple.PaperKit.extension.ui[extension][client]}, running-active-NotVisible
2026-05-25 19:30:48.184 Df WindowServer[619:6917fd] [com.apple.runningboard:monitor] Received state update for 19859 (app<application.com.apple.podcasts.1152921500311897422.1152921500311898026(501)>, running-active-NotVisible
2026-05-25 19:30:48.184 A  WindowServer[619:6917fd] (RunningBoardServices) observedProcessStatesDidChange
2026-05-25 19:30:48.184 Df WindowServer[619:6917fd] [com.apple.runningboard:monitor] Received state update for 1526 (app<Unknown(1526)(501)>, running-active-NotVisible
2026-05-25 19:30:48.273 A  WindowServer[619:6917fd] (RunningBoardServices) observedProcessStatesDidChange
2026-05-25 19:30:48.274 Df WindowServer[619:6917fd] [com.apple.runningboard:process] Hit the server for a process handle 1801b1e90000303b that resolved to: [xpcservice<com.apple.WebKit.WebContent([app<application.com.apple.Safari.1110010.1110894(501)>:1412])(501)>{vt hash: 0}[uuid:50041E48-8D47-4386-95D1-8F6BF49DB3C6]{definition:com.apple.WebKit.WebContent[standard][client]}:12347:12347]
2026-05-25 19:30:48.274 Df WindowServer[619:6917fd] [com.apple.runningboard:monitor] Received state update for 12347 (xpcservice<com.apple.WebKit.WebContent([app<application.com.apple.Safari.1110010.1110894(501)>:1412])(501)>{vt hash: 0}[uuid:50041E48-8D47-4386-95D1-8F6BF49DB3C6]{definition:com.apple.WebKit.WebContent[standard][client]}:12347, running-suspended-NotVisible
2026-05-25 19:30:48.275 A  WindowServer[619:6915c8] (RunningBoardServices) observedProcessStatesDidChange
2026-05-25 19:30:48.275 Df WindowServer[619:6915c8] [com.apple.runningboard:monitor] Received state update for 12347 (xpcservice<com.apple.WebKit.WebContent([app<application.com.apple.Safari.1110010.1110894(501)>:1412])(501)>{vt hash: 0}[uuid:50041E48-8D47-4386-95D1-8F6BF49DB3C6]{definition:com.apple.WebKit.WebContent[standard][client]}:12347, running-active-NotVisible
2026-05-25 19:30:48.290 A  WindowServer[619:6917fd] (RunningBoardServices) observedProcessStatesDidChange
2026-05-25 19:30:48.290 Df WindowServer[619:6917fd] [com.apple.runningboard:monitor] Received state update for 1503 (app<application.com.apple.MobileSMS.1152921500311888381.1152921500311888451(501)>, running-active-NotVisible
2026-05-25 19:30:48.290 A  WindowServer[619:6915c8] (RunningBoardServices) observedProcessStatesDidChange
2026-05-25 19:30:48.290 Df WindowServer[619:6915c8] [com.apple.runningboard:monitor] Received state update for 17038 (xpcservice<com.apple.PaperKit.extension.ui([app<application.com.apple.Notes.1152921500311894402.1152921500311894407(501)>:1411])(501)>{vt hash: 215804005}{definition:com.apple.PaperKit.extension.ui[extension][client]}, running-active-NotVisible
2026-05-25 19:30:48.290 Df WindowServer[619:6915c8] [com.apple.runningboard:monitor] Received state update for 19859 (app<application.com.apple.podcasts.1152921500311897422.1152921500311898026(501)>, running-active-NotVisible
2026-05-25 19:30:48.297 Df WindowServer[619:112f] [com.apple.BackBoard:EventDelivery] destinations for Keyboard event: (<keyboardFocus; Claude.69468; token: viewbridge-key-window>)
2026-05-25 19:30:48.297 Df WindowServer[619:112f] [com.apple.SkyLight:KeyboardEvent] delivery manager destinations for kCGSEventKeyDown event: <keyboardFocus; pid: 69468; token: viewbridge-key-window>
2026-05-25 19:30:48.393 Df WindowServer[619:112f] [com.apple.SkyLight:KeyboardEvent] kCGSEventKeyUp was part of a sequence with destination <keyboardFocus; pid: 69468; token: viewbridge-key-window>
2026-05-25 19:30:48.542 E  WindowServer[619:112f] [com.apple.SkyLight:default] _CGXPackagesSetWindowConstraints: Invalid window
2026-05-25 19:30:48.542 E  WindowServer[619:112f] [com.apple.SkyLight:default] _CGXPackagesSetWindowConstraints: Invalid window
2026-05-25 19:30:48.556 E  WindowServer[619:112f] [com.apple.SkyLight:default] _CGXPackagesSetWindowConstraints: Invalid window
2026-05-25 19:30:48.564 Df WindowServer[619:112f] [com.apple.BackBoard:EventDelivery] destinations for Keyboard event: (<keyboardFocus; Claude.69468; token: viewbridge-key-window>)
2026-05-25 19:30:48.564 Df WindowServer[619:112f] [com.apple.SkyLight:KeyboardEvent] delivery manager destinations for kCGSEventKeyDown event: <keyboardFocus; pid: 69468; token: viewbridge-key-window>
2026-05-25 19:30:48.644 Df WindowServer[619:112f] [com.apple.SkyLight:KeyboardEvent] kCGSEventKeyUp was part of a sequence with destination <keyboardFocus; pid: 69468; token: viewbridge-key-window>
2026-05-25 19:30:48.744 Df WindowServer[619:112f] [com.apple.BackBoard:EventDelivery] destinations for Keyboard event: (<keyboardFocus; Claude.69468; token: viewbridge-key-window>)
2026-05-25 19:30:48.744 Df WindowServer[619:112f] [com.apple.SkyLight:KeyboardEvent] delivery manager destinations for kCGSEventKeyDown event: <keyboardFocus; pid: 69468; token: viewbridge-key-window>
2026-05-25 19:30:48.857 Df WindowServer[619:112f] [com.apple.SkyLight:KeyboardEvent] kCGSEventKeyUp was part of a sequence with destination <keyboardFocus; pid: 69468; token: viewbridge-key-window>
2026-05-25 19:30:49.163 Df WindowServer[619:112f] [com.apple.BackBoard:EventDelivery] destinations for Keyboard event: (<keyboardFocus; Claude.69468; token: viewbridge-key-window>)
2026-05-25 19:30:49.163 Df WindowServer[619:112f] [com.apple.SkyLight:KeyboardEvent] delivery manager destinations for kCGSEventKeyDown event: <keyboardFocus; pid: 69468; token: viewbridge-key-window>
2026-05-25 19:30:49.252 Df WindowServer[619:112f] [com.apple.SkyLight:KeyboardEvent] kCGSEventKeyUp was part of a sequence with destination <keyboardFocus; pid: 69468; token: viewbridge-key-window>
2026-05-25 19:30:49.540 E  WindowServer[619:112f] [com.apple.SkyLight:default] _CGXPackagesSetWindowConstraints: Invalid window
2026-05-25 19:30:49.544 E  WindowServer[619:112f] [com.apple.SkyLight:default] _CGXPackagesSetWindowConstraints: Invalid window
2026-05-25 19:30:49.574 E  WindowServer[619:112f] [com.apple.SkyLight:default] _CGXPackagesSetWindowConstraints: Invalid window
2026-05-25 19:30:49.975 Df WindowServer[619:112f] [com.apple.BackBoard:EventDelivery] destinations for Keyboard event: (<keyboardFocus; Claude.69468; token: viewbridge-key-window>)
2026-05-25 19:30:49.975 Df WindowServer[619:112f] [com.apple.SkyLight:KeyboardEvent] delivery manager destinations for kCGSEventKeyDown event: <keyboardFocus; pid: 69468; token: viewbridge-key-window>
2026-05-25 19:30:50.049 Df WindowServer[619:112f] [com.apple.SkyLight:KeyboardEvent] kCGSEventKeyUp was part of a sequence with destination <keyboardFocus; pid: 69468; token: viewbridge-key-window>
2026-05-25 19:30:50.195 Df WindowServer[619:112f] [com.apple.BackBoard:EventDelivery] destinations for Keyboard event: (<keyboardFocus; Claude.69468; token: viewbridge-key-window>)
2026-05-25 19:30:50.195 Df WindowServer[619:112f] [com.apple.SkyLight:KeyboardEvent] delivery manager destinations for kCGSEventKeyDown event: <keyboardFocus; pid: 69468; token: viewbridge-key-window>
2026-05-25 19:30:50.276 Df WindowServer[619:112f] [com.apple.SkyLight:KeyboardEvent] kCGSEventKeyUp was part of a sequence with destination <keyboardFocus; pid: 69468; token: viewbridge-key-window>
2026-05-25 19:30:50.401 Df WindowServer[619:112f] [com.apple.BackBoard:EventDelivery] destinations for Keyboard event: (<keyboardFocus; Claude.69468; token: viewbridge-key-window>)
2026-05-25 19:30:50.402 Df WindowServer[619:112f] [com.apple.SkyLight:KeyboardEvent] delivery manager destinations for kCGSEventKeyDown event: <keyboardFocus; pid: 69468; token: viewbridge-key-window>
2026-05-25 19:30:50.509 Df WindowServer[619:112f] [com.apple.SkyLight:KeyboardEvent] kCGSEventKeyUp was part of a sequence with destination <keyboardFocus; pid: 69468; token: viewbridge-key-window>
2026-05-25 19:30:50.541 E  WindowServer[619:112f] [com.apple.SkyLight:default] _CGXPackagesSetWindowConstraints: Invalid window
2026-05-25 19:30:50.541 E  WindowServer[619:112f] [com.apple.SkyLight:default] _CGXPackagesSetWindowConstraints: Invalid window
2026-05-25 19:30:50.557 E  WindowServer[619:112f] [com.apple.SkyLight:default] _CGXPackagesSetWindowConstraints: Invalid window
2026-05-25 19:30:50.996 Df WindowServer[619:112f] [com.apple.BackBoard:EventDelivery] destinations for Keyboard event: (<keyboardFocus; Claude.69468; token: viewbridge-key-window>)
2026-05-25 19:30:50.996 Df WindowServer[619:112f] [com.apple.SkyLight:KeyboardEvent] delivery manager destinations for kCGSEventKeyDown event: <keyboardFocus; pid: 69468; token: viewbridge-key-window>
2026-05-25 19:30:51.102 Df WindowServer[619:112f] [com.apple.SkyLight:KeyboardEvent] kCGSEventKeyUp was part of a sequence with destination <keyboardFocus; pid: 69468; token: viewbridge-key-window>
2026-05-25 19:30:51.542 E  WindowServer[619:112f] [com.apple.SkyLight:default] _CGXPackagesSetWindowConstraints: Invalid window
2026-05-25 19:30:51.542 E  WindowServer[619:112f] [com.apple.SkyLight:default] _CGXPackagesSetWindowConstraints: Invalid window
2026-05-25 19:30:51.552 E  WindowServer[619:112f] [com.apple.SkyLight:default] _CGXPackagesSetWindowConstraints: Invalid window
2026-05-25 19:30:51.727 Df WindowServer[619:112f] [com.apple.BackBoard:EventDelivery] destinations for Keyboard event: (<keyboardFocus; Claude.69468; token: viewbridge-key-window>)
2026-05-25 19:30:51.727 Df WindowServer[619:112f] [com.apple.SkyLight:KeyboardEvent] delivery manager destinations for kCGSEventKeyDown event: <keyboardFocus; pid: 69468; token: viewbridge-key-window>
2026-05-25 19:30:51.795 Df WindowServer[619:112f] [com.apple.BackBoard:EventDelivery] destinations for Keyboard event: (<keyboardFocus; Claude.69468; token: viewbridge-key-window>)
2026-05-25 19:30:51.795 Df WindowServer[619:112f] [com.apple.SkyLight:KeyboardEvent] delivery manager destinations for kCGSEventKeyDown event: <keyboardFocus; pid: 69468; token: viewbridge-key-window>
2026-05-25 19:30:51.878 Df WindowServer[619:112f] [com.apple.SkyLight:KeyboardEvent] kCGSEventKeyUp was part of a sequence with destination <keyboardFocus; pid: 69468; token: viewbridge-key-window>
2026-05-25 19:30:51.928 Df WindowServer[619:112f] [com.apple.SkyLight:KeyboardEvent] kCGSEventKeyUp was part of a sequence with destination <keyboardFocus; pid: 69468; token: viewbridge-key-window>
2026-05-25 19:30:52.062 Df WindowServer[619:112f] [com.apple.BackBoard:EventDelivery] destinations for Keyboard event: (<keyboardFocus; Claude.69468; token: viewbridge-key-window>)
2026-05-25 19:30:52.062 Df WindowServer[619:112f] [com.apple.SkyLight:KeyboardEvent] delivery manager destinations for kCGSEventKeyDown event: <keyboardFocus; pid: 69468; token: viewbridge-key-window>
2026-05-25 19:30:52.178 Df WindowServer[619:112f] [com.apple.SkyLight:KeyboardEvent] kCGSEventKeyUp was part of a sequence with destination <keyboardFocus; pid: 69468; token: viewbridge-key-window>
2026-05-25 19:30:52.472 Df WindowServer[619:112f] [com.apple.BackBoard:EventDelivery] destinations for Keyboard event: (<keyboardFocus; Claude.69468; token: viewbridge-key-window>)
2026-05-25 19:30:52.472 Df WindowServer[619:112f] [com.apple.SkyLight:KeyboardEvent] delivery manager destinations for kCGSEventKeyDown event: <keyboardFocus; pid: 69468; token: viewbridge-key-window>
2026-05-25 19:30:52.544 E  WindowServer[619:112f] [com.apple.SkyLight:default] _CGXPackagesSetWindowConstraints: Invalid window
2026-05-25 19:30:52.544 E  WindowServer[619:112f] [com.apple.SkyLight:default] _CGXPackagesSetWindowConstraints: Invalid window
2026-05-25 19:30:52.554 E  WindowServer[619:112f] [com.apple.SkyLight:default] _CGXPackagesSetWindowConstraints: Invalid window
2026-05-25 19:30:52.572 Df WindowServer[619:112f] [com.apple.SkyLight:KeyboardEvent] kCGSEventKeyUp was part of a sequence with destination <keyboardFocus; pid: 69468; token: viewbridge-key-window>
2026-05-25 19:30:52.962 Df WindowServer[619:6917fd] [com.apple.Multitouch:Plugin] [TP] Dispatching digitizer event with 2 children, _eventMask=0x21 _childEventMask=0x3 Cancel=0 Touching=0 inRange=0
2026-05-25 19:30:53.540 E  WindowServer[619:112f] [com.apple.SkyLight:default] _CGXPackagesSetWindowConstraints: Invalid window
2026-05-25 19:30:53.540 E  WindowServer[619:112f] [com.apple.SkyLight:default] _CGXPackagesSetWindowConstraints: Invalid window
2026-05-25 19:30:53.553 E  WindowServer[619:112f] [com.apple.SkyLight:default] _CGXPackagesSetWindowConstraints: Invalid window
2026-05-25 19:30:53.573 Df WindowServer[619:112f] [com.apple.BackBoard:EventDelivery] destinations for Keyboard event: (<keyboardFocus; Claude.69468; token: viewbridge-key-window>)
2026-05-25 19:30:53.573 Df WindowServer[619:112f] [com.apple.SkyLight:KeyboardEvent] delivery manager destinations for kCGSEventKeyDown event: <keyboardFocus; pid: 69468; token: viewbridge-key-window>
2026-05-25 19:30:53.646 Df WindowServer[619:112f] [com.apple.SkyLight:KeyboardEvent] kCGSEventKeyUp was part of a sequence with destination <keyboardFocus; pid: 69468; token: viewbridge-key-window>
2026-05-25 19:30:54.382 A  WindowServer[619:690f6d] (RunningBoardServices) observedProcessStatesDidChange
2026-05-25 19:30:54.382 Df WindowServer[619:690f6d] [com.apple.runningboard:monitor] Received state update for 1526 (app<Unknown(1526)(501)>, running-active-NotVisible
2026-05-25 19:30:54.494 Df WindowServer[619:690f6d] [com.apple.Multitouch:Plugin] [TP] Dispatching digitizer event with 2 children, _eventMask=0x61 _childEventMask=0x62 Cancel=0 Touching=1 inRange=1
2026-05-25 19:30:54.540 E  WindowServer[619:112f] [com.apple.SkyLight:default] _CGXPackagesSetWindowConstraints: Invalid window
2026-05-25 19:30:54.541 E  WindowServer[619:112f] [com.apple.SkyLight:default] _CGXPackagesSetWindowConstraints: Invalid window
2026-05-25 19:30:54.553 E  WindowServer[619:112f] [com.apple.SkyLight:default] _CGXPackagesSetWindowConstraints: Invalid window
2026-05-25 19:30:54.624 Df WindowServer[619:690f6d] [com.apple.Multitouch:Plugin] [TP] Dispatching digitizer event with 2 children, _eventMask=0x23 _childEventMask=0x3 Cancel=0 Touching=0 inRange=0
2026-05-25 19:30:54.808 Df WindowServer[619:112f] [com.apple.BackBoard:EventDelivery] destinations for Keyboard event: (<keyboardFocus; Claude.69468; token: viewbridge-key-window>)
2026-05-25 19:30:54.808 Df WindowServer[619:112f] [com.apple.SkyLight:KeyboardEvent] delivery manager destinations for kCGSEventKeyDown event: <keyboardFocus; pid: 69468; token: viewbridge-key-window>
2026-05-25 19:30:54.891 Df WindowServer[619:112f] [com.apple.SkyLight:KeyboardEvent] kCGSEventKeyUp was part of a sequence with destination <keyboardFocus; pid: 69468; token: viewbridge-key-window>
2026-05-25 19:30:55.541 E  WindowServer[619:112f] [com.apple.SkyLight:default] _CGXPackagesSetWindowConstraints: Invalid window
2026-05-25 19:30:55.541 E  WindowServer[619:112f] [com.apple.SkyLight:default] _CGXPackagesSetWindowConstraints: Invalid window
2026-05-25 19:30:55.552 E  WindowServer[619:112f] [com.apple.SkyLight:default] _CGXPackagesSetWindowConstraints: Invalid window
2026-05-25 19:30:56.540 E  WindowServer[619:112f] [com.apple.SkyLight:default] _CGXPackagesSetWindowConstraints: Invalid window
2026-05-25 19:30:56.541 E  WindowServer[619:112f] [com.apple.SkyLight:default] _CGXPackagesSetWindowConstraints: Invalid window
2026-05-25 19:30:56.553 E  WindowServer[619:112f] [com.apple.SkyLight:default] _CGXPackagesSetWindowConstraints: Invalid window
2026-05-25 19:30:57.473 Df WindowServer[619:112f] [com.apple.BackBoard:EventDelivery] destinations for Keyboard event: (<keyboardFocus; Claude.69468; token: viewbridge-key-window>)
2026-05-25 19:30:57.473 Df WindowServer[619:112f] [com.apple.SkyLight:KeyboardEvent] delivery manager destinations for kCGSEventFlagsChanged event: <keyboardFocus; pid: 69468; token: viewbridge-key-window>
2026-05-25 19:30:57.540 E  WindowServer[619:112f] [com.apple.SkyLight:default] _CGXPackagesSetWindowConstraints: Invalid window
2026-05-25 19:30:57.541 E  WindowServer[619:112f] [com.apple.SkyLight:default] _CGXPackagesSetWindowConstraints: Invalid window
2026-05-25 19:30:57.554 E  WindowServer[619:112f] [com.apple.SkyLight:default] _CGXPackagesSetWindowConstraints: Invalid window
2026-05-25 19:30:57.838 I  WindowServer[619:112f] [com.apple.SkyLight:packages] 0[outside of RPC]: location status 0
2026-05-25 19:30:58.322 Df WindowServer[619:112f] [com.apple.BackBoard:EventDelivery] destinations for Keyboard event: (<keyboardFocus; Claude.69468; token: viewbridge-key-window>)
2026-05-25 19:30:58.322 Df WindowServer[619:112f] [com.apple.SkyLight:KeyboardEvent] delivery manager destinations for kCGSEventFlagsChanged event: <keyboardFocus; pid: 69468; token: viewbridge-key-window>
2026-05-25 19:30:58.539 E  WindowServer[619:112f] [com.apple.SkyLight:default] _CGXPackagesSetWindowConstraints: Invalid window
2026-05-25 19:30:58.540 E  WindowServer[619:112f] [com.apple.SkyLight:default] _CGXPackagesSetWindowConstraints: Invalid window
2026-05-25 19:30:58.555 E  WindowServer[619:112f] [com.apple.SkyLight:default] _CGXPackagesSetWindowConstraints: Invalid window
2026-05-25 19:30:58.654 I  WindowServer[619:112f] [com.apple.SkyLight:packages] 0[outside of RPC]: order window: b0f7 op: 0 relative: 0
2026-05-25 19:30:58.655 I  WindowServer[619:112f] [com.apple.SkyLight:packages] 0[outside of RPC]: window b0f7 parted space 25
2026-05-25 19:30:58.667 I  WindowServer[619:112f] [com.apple.SkyLight:packages] 0[outside of RPC]: order window: b0f6 op: 0 relative: 0
2026-05-25 19:30:58.667 I  WindowServer[619:112f] [com.apple.SkyLight:packages] 0[outside of RPC]: window b0f6 parted space 25
2026-05-25 19:30:59.212 Df WindowServer[619:112f] [com.apple.BackBoard:EventDelivery] destinations for Keyboard event: (<keyboardFocus; Claude.69468; token: viewbridge-key-window>)
2026-05-25 19:30:59.212 Df WindowServer[619:112f] [com.apple.SkyLight:KeyboardEvent] delivery manager destinations for kCGSEventFlagsChanged event: <keyboardFocus; pid: 69468; token: viewbridge-key-window>
2026-05-25 19:30:59.540 E  WindowServer[619:112f] [com.apple.SkyLight:default] _CGXPackagesSetWindowConstraints: Invalid window
2026-05-25 19:30:59.540 E  WindowServer[619:112f] [com.apple.SkyLight:default] _CGXPackagesSetWindowConstraints: Invalid window
2026-05-25 19:30:59.555 E  WindowServer[619:112f] [com.apple.SkyLight:default] _CGXPackagesSetWindowConstraints: Invalid window
2026-05-25 19:31:00.241 Df WindowServer[619:112f] [com.apple.BackBoard:EventDelivery] destinations for Keyboard event: (<keyboardFocus; Claude.69468; token: viewbridge-key-window>)
2026-05-25 19:31:00.241 Df WindowServer[619:112f] [com.apple.SkyLight:KeyboardEvent] delivery manager destinations for kCGSEventKeyDown event: <keyboardFocus; pid: 69468; token: viewbridge-key-window>
2026-05-25 19:31:00.363 Df WindowServer[619:112f] [com.apple.BackBoard:EventDelivery] destinations for Keyboard event: (<keyboardFocus; Claude.69468; token: viewbridge-key-window>)
2026-05-25 19:31:00.363 Df WindowServer[619:112f] [com.apple.SkyLight:KeyboardEvent] delivery manager destinations for kCGSEventFlagsChanged event: <keyboardFocus; pid: 69468; token: viewbridge-key-window>
2026-05-25 19:31:00.375 Df WindowServer[619:112f] [com.apple.SkyLight:KeyboardEvent] kCGSEventKeyUp was part of a sequence with destination <keyboardFocus; pid: 69468; token: viewbridge-key-window>
2026-05-25 19:31:00.541 E  WindowServer[619:112f] [com.apple.SkyLight:default] _CGXPackagesSetWindowConstraints: Invalid window
2026-05-25 19:31:00.541 E  WindowServer[619:112f] [com.apple.SkyLight:default] _CGXPackagesSetWindowConstraints: Invalid window
2026-05-25 19:31:00.550 E  WindowServer[619:112f] [com.apple.SkyLight:default] _CGXPackagesSetWindowConstraints: Invalid window
2026-05-25 19:31:01.542 E  WindowServer[619:112f] [com.apple.SkyLight:default] _CGXPackagesSetWindowConstraints: Invalid window
2026-05-25 19:31:01.542 E  WindowServer[619:112f] [com.apple.SkyLight:default] _CGXPackagesSetWindowConstraints: Invalid window
2026-05-25 19:31:01.552 E  WindowServer[619:112f] [com.apple.SkyLight:default] _CGXPackagesSetWindowConstraints: Invalid window
2026-05-25 19:31:01.627 Df WindowServer[619:112f] [com.apple.BackBoard:EventDelivery] destinations for Keyboard event: (<keyboardFocus; Claude.69468; token: viewbridge-key-window>)
2026-05-25 19:31:01.627 Df WindowServer[619:112f] [com.apple.SkyLight:KeyboardEvent] delivery manager destinations for kCGSEventKeyDown event: <keyboardFocus; pid: 69468; token: viewbridge-key-window>
2026-05-25 19:31:01.693 Df WindowServer[619:112f] [com.apple.SkyLight:KeyboardEvent] kCGSEventKeyUp was part of a sequence with destination <keyboardFocus; pid: 69468; token: viewbridge-key-window>
2026-05-25 19:31:01.775 Df WindowServer[619:112f] [com.apple.BackBoard:EventDelivery] destinations for Keyboard event: (<keyboardFocus; Claude.69468; token: viewbridge-key-window>)
2026-05-25 19:31:01.775 Df WindowServer[619:112f] [com.apple.SkyLight:KeyboardEvent] delivery manager destinations for kCGSEventKeyDown event: <keyboardFocus; pid: 69468; token: viewbridge-key-window>
2026-05-25 19:31:01.859 Df WindowServer[619:112f] [com.apple.SkyLight:KeyboardEvent] kCGSEventKeyUp was part of a sequence with destination <keyboardFocus; pid: 69468; token: viewbridge-key-window>
2026-05-25 19:31:01.910 Df WindowServer[619:112f] [com.apple.BackBoard:EventDelivery] destinations for Keyboard event: (<keyboardFocus; Claude.69468; token: viewbridge-key-window>)
2026-05-25 19:31:01.910 Df WindowServer[619:112f] [com.apple.SkyLight:KeyboardEvent] delivery manager destinations for kCGSEventKeyDown event: <keyboardFocus; pid: 69468; token: viewbridge-key-window>
2026-05-25 19:31:02.010 Df WindowServer[619:112f] [com.apple.SkyLight:KeyboardEvent] kCGSEventKeyUp was part of a sequence with destination <keyboardFocus; pid: 69468; token: viewbridge-key-window>
2026-05-25 19:31:02.360 Df WindowServer[619:112f] [com.apple.BackBoard:EventDelivery] destinations for Keyboard event: (<keyboardFocus; Claude.69468; token: viewbridge-key-window>)
2026-05-25 19:31:02.360 Df WindowServer[619:112f] [com.apple.SkyLight:KeyboardEvent] delivery manager destinations for kCGSEventKeyDown event: <keyboardFocus; pid: 69468; token: viewbridge-key-window>
2026-05-25 19:31:02.410 Df WindowServer[619:112f] [com.apple.SkyLight:KeyboardEvent] kCGSEventKeyUp was part of a sequence with destination <keyboardFocus; pid: 69468; token: viewbridge-key-window>
2026-05-25 19:31:02.543 E  WindowServer[619:112f] [com.apple.SkyLight:default] _CGXPackagesSetWindowConstraints: Invalid window
2026-05-25 19:31:02.543 E  WindowServer[619:112f] [com.apple.SkyLight:default] _CGXPackagesSetWindowConstraints: Invalid window
2026-05-25 19:31:02.545 Df WindowServer[619:112f] [com.apple.BackBoard:EventDelivery] destinations for Keyboard event: (<keyboardFocus; Claude.69468; token: viewbridge-key-window>)
2026-05-25 19:31:02.545 Df WindowServer[619:112f] [com.apple.SkyLight:KeyboardEvent] delivery manager destinations for kCGSEventKeyDown event: <keyboardFocus; pid: 69468; token: viewbridge-key-window>
2026-05-25 19:31:02.554 E  WindowServer[619:112f] [com.apple.SkyLight:default] _CGXPackagesSetWindowConstraints: Invalid window
2026-05-25 19:31:02.645 Df WindowServer[619:112f] [com.apple.SkyLight:KeyboardEvent] kCGSEventKeyUp was part of a sequence with destination <keyboardFocus; pid: 69468; token: viewbridge-key-window>
2026-05-25 19:31:02.815 Df WindowServer[619:112f] [com.apple.BackBoard:EventDelivery] destinations for Keyboard event: (<keyboardFocus; Claude.69468; token: viewbridge-key-window>)
2026-05-25 19:31:02.815 Df WindowServer[619:112f] [com.apple.SkyLight:KeyboardEvent] delivery manager destinations for kCGSEventFlagsChanged event: <keyboardFocus; pid: 69468; token: viewbridge-key-window>
2026-05-25 19:31:03.004 Df WindowServer[619:112f] [com.apple.BackBoard:EventDelivery] destinations for Keyboard event: (<keyboardFocus; Claude.69468; token: viewbridge-key-window>)
2026-05-25 19:31:03.004 Df WindowServer[619:112f] [com.apple.SkyLight:KeyboardEvent] delivery manager destinations for kCGSEventKeyDown event: <keyboardFocus; pid: 69468; token: viewbridge-key-window>
2026-05-25 19:31:03.112 Df WindowServer[619:112f] [com.apple.BackBoard:EventDelivery] destinations for Keyboard event: (<keyboardFocus; Claude.69468; token: viewbridge-key-window>)
2026-05-25 19:31:03.112 Df WindowServer[619:112f] [com.apple.SkyLight:KeyboardEvent] delivery manager destinations for kCGSEventFlagsChanged event: <keyboardFocus; pid: 69468; token: viewbridge-key-window>
2026-05-25 19:31:03.145 Df WindowServer[619:112f] [com.apple.SkyLight:KeyboardEvent] kCGSEventKeyUp was part of a sequence with destination <keyboardFocus; pid: 69468; token: viewbridge-key-window>
2026-05-25 19:31:03.281 Df WindowServer[619:112f] [com.apple.BackBoard:EventDelivery] destinations for Keyboard event: (<keyboardFocus; Claude.69468; token: viewbridge-key-window>)
2026-05-25 19:31:03.281 Df WindowServer[619:112f] [com.apple.SkyLight:KeyboardEvent] delivery manager destinations for kCGSEventKeyDown event: <keyboardFocus; pid: 69468; token: viewbridge-key-window>
2026-05-25 19:31:03.398 Df WindowServer[619:112f] [com.apple.SkyLight:KeyboardEvent] kCGSEventKeyUp was part of a sequence with destination <keyboardFocus; pid: 69468; token: viewbridge-key-window>
2026-05-25 19:31:03.544 E  WindowServer[619:112f] [com.apple.SkyLight:default] _CGXPackagesSetWindowConstraints: Invalid window
2026-05-25 19:31:03.544 E  WindowServer[619:112f] [com.apple.SkyLight:default] _CGXPackagesSetWindowConstraints: Invalid window
2026-05-25 19:31:03.565 Df WindowServer[619:112f] [com.apple.BackBoard:EventDelivery] destinations for Keyboard event: (<keyboardFocus; Claude.69468; token: viewbridge-key-window>)
2026-05-25 19:31:03.565 Df WindowServer[619:112f] [com.apple.SkyLight:KeyboardEvent] delivery manager destinations for kCGSEventKeyDown event: <keyboardFocus; pid: 69468; token: viewbridge-key-window>
2026-05-25 19:31:03.666 Df WindowServer[619:112f] [com.apple.SkyLight:KeyboardEvent] kCGSEventKeyUp was part of a sequence with destination <keyboardFocus; pid: 69468; token: viewbridge-key-window>
2026-05-25 19:31:04.182 Df WindowServer[619:112f] [com.apple.BackBoard:EventDelivery] destinations for Keyboard event: (<keyboardFocus; Claude.69468; token: viewbridge-key-window>)
2026-05-25 19:31:04.182 Df WindowServer[619:112f] [com.apple.SkyLight:KeyboardEvent] delivery manager destinations for kCGSEventKeyDown event: <keyboardFocus; pid: 69468; token: viewbridge-key-window>
2026-05-25 19:31:04.256 A  WindowServer[619:6918e7] (RunningBoardServices) observedProcessStatesDidChange
2026-05-25 19:31:04.256 Df WindowServer[619:6918e7] [com.apple.runningboard:monitor] Received state update for 12236 (xpcservice<com.apple.WebKit.WebContent([app<application.com.apple.Safari.1110010.1110894(501)>:1412])(501)>{vt hash: 0}[uuid:DAD0AF84-E9D6-42DB-89EF-062F86C9E2C9]{definition:com.apple.WebKit.WebContent[standard][client]}:12236, running-active-NotVisible
2026-05-25 19:31:04.266 A  WindowServer[619:6915c8] (RunningBoardServices) observedProcessStatesDidChange
2026-05-25 19:31:04.266 Df WindowServer[619:6915c8] [com.apple.runningboard:monitor] Received state update for 12236 (xpcservice<com.apple.WebKit.WebContent([app<application.com.apple.Safari.1110010.1110894(501)>:1412])(501)>{vt hash: 0}[uuid:DAD0AF84-E9D6-42DB-89EF-062F86C9E2C9]{definition:com.apple.WebKit.WebContent[standard][client]}:12236, none-NotVisible
2026-05-25 19:31:04.266 A  WindowServer[619:6915c8] (RunningBoardServices) observedProcessStatesDidChange
2026-05-25 19:31:04.266 Df WindowServer[619:6915c8] [com.apple.runningboard:monitor] Received state update for 12236 (xpcservice<com.apple.WebKit.WebContent([app<application.com.apple.Safari.1110010.1110894(501)>:1412])(501)>{vt hash: 0}[uuid:DAD0AF84-E9D6-42DB-89EF-062F86C9E2C9]{definition:com.apple.WebKit.WebContent[standard][client]}:12236, none-NotVisible
2026-05-25 19:31:04.297 Df WindowServer[619:112f] [com.apple.SkyLight:KeyboardEvent] kCGSEventKeyUp was part of a sequence with destination <keyboardFocus; pid: 69468; token: viewbridge-key-window>
2026-05-25 19:31:04.430 Df WindowServer[619:112f] [com.apple.BackBoard:EventDelivery] destinations for Keyboard event: (<keyboardFocus; Claude.69468; token: viewbridge-key-window>)
2026-05-25 19:31:04.430 Df WindowServer[619:112f] [com.apple.SkyLight:KeyboardEvent] delivery manager destinations for kCGSEventKeyDown event: <keyboardFocus; pid: 69468; token: viewbridge-key-window>
2026-05-25 19:31:04.532 Df WindowServer[619:112f] [com.apple.SkyLight:KeyboardEvent] kCGSEventKeyUp was part of a sequence with destination <keyboardFocus; pid: 69468; token: viewbridge-key-window>
2026-05-25 19:31:04.540 E  WindowServer[619:112f] [com.apple.SkyLight:default] _CGXPackagesSetWindowConstraints: Invalid window
2026-05-25 19:31:04.540 E  WindowServer[619:112f] [com.apple.SkyLight:default] _CGXPackagesSetWindowConstraints: Invalid window
2026-05-25 19:31:04.552 E  WindowServer[619:112f] [com.apple.SkyLight:default] _CGXPackagesSetWindowConstraints: Invalid window
2026-05-25 19:31:04.685 Df WindowServer[619:112f] [com.apple.BackBoard:EventDelivery] destinations for Keyboard event: (<keyboardFocus; Claude.69468; token: viewbridge-key-window>)
2026-05-25 19:31:04.685 Df WindowServer[619:112f] [com.apple.SkyLight:KeyboardEvent] delivery manager destinations for kCGSEventKeyDown event: <keyboardFocus; pid: 69468; token: viewbridge-key-window>
2026-05-25 19:31:04.805 Df WindowServer[619:112f] [com.apple.SkyLight:KeyboardEvent] kCGSEventKeyUp was part of a sequence with destination <keyboardFocus; pid: 69468; token: viewbridge-key-window>
2026-05-25 19:31:04.940 Df WindowServer[619:112f] [com.apple.BackBoard:EventDelivery] destinations for Keyboard event: (<keyboardFocus; Claude.69468; token: viewbridge-key-window>)
2026-05-25 19:31:04.940 Df WindowServer[619:112f] [com.apple.SkyLight:KeyboardEvent] delivery manager destinations for kCGSEventKeyDown event: <keyboardFocus; pid: 69468; token: viewbridge-key-window>
2026-05-25 19:31:05.036 Df WindowServer[619:112f] [com.apple.SkyLight:KeyboardEvent] kCGSEventKeyUp was part of a sequence with destination <keyboardFocus; pid: 69468; token: viewbridge-key-window>
2026-05-25 19:31:05.181 Df WindowServer[619:112f] [com.apple.BackBoard:EventDelivery] destinations for Keyboard event: (<keyboardFocus; Claude.69468; token: viewbridge-key-window>)
2026-05-25 19:31:05.181 Df WindowServer[619:112f] [com.apple.SkyLight:KeyboardEvent] delivery manager destinations for kCGSEventKeyDown event: <keyboardFocus; pid: 69468; token: viewbridge-key-window>
2026-05-25 19:31:05.273 Df WindowServer[619:112f] [com.apple.SkyLight:KeyboardEvent] kCGSEventKeyUp was part of a sequence with destination <keyboardFocus; pid: 69468; token: viewbridge-key-window>
2026-05-25 19:31:05.369 Df WindowServer[619:112f] [com.apple.BackBoard:EventDelivery] destinations for Keyboard event: (<keyboardFocus; Claude.69468; token: viewbridge-key-window>)
2026-05-25 19:31:05.369 Df WindowServer[619:112f] [com.apple.SkyLight:KeyboardEvent] delivery manager destinations for kCGSEventKeyDown event: <keyboardFocus; pid: 69468; token: viewbridge-key-window>
2026-05-25 19:31:05.466 Df WindowServer[619:112f] [com.apple.SkyLight:KeyboardEvent] kCGSEventKeyUp was part of a sequence with destination <keyboardFocus; pid: 69468; token: viewbridge-key-window>
2026-05-25 19:31:05.539 E  WindowServer[619:112f] [com.apple.SkyLight:default] _CGXPackagesSetWindowConstraints: Invalid window
2026-05-25 19:31:05.539 E  WindowServer[619:112f] [com.apple.SkyLight:default] _CGXPackagesSetWindowConstraints: Invalid window
2026-05-25 19:31:05.567 E  WindowServer[619:112f] [com.apple.SkyLight:default] _CGXPackagesSetWindowConstraints: Invalid window
2026-05-25 19:31:05.590 Df WindowServer[619:112f] [com.apple.BackBoard:EventDelivery] destinations for Keyboard event: (<keyboardFocus; Claude.69468; token: viewbridge-key-window>)
2026-05-25 19:31:05.590 Df WindowServer[619:112f] [com.apple.SkyLight:KeyboardEvent] delivery manager destinations for kCGSEventKeyDown event: <keyboardFocus; pid: 69468; token: viewbridge-key-window>
2026-05-25 19:31:05.682 Df WindowServer[619:112f] [com.apple.SkyLight:KeyboardEvent] kCGSEventKeyUp was part of a sequence with destination <keyboardFocus; pid: 69468; token: viewbridge-key-window>
2026-05-25 19:31:05.933 Df WindowServer[619:112f] [com.apple.BackBoard:EventDelivery] destinations for Keyboard event: (<keyboardFocus; Claude.69468; token: viewbridge-key-window>)
2026-05-25 19:31:05.933 Df WindowServer[619:112f] [com.apple.SkyLight:KeyboardEvent] delivery manager destinations for kCGSEventKeyDown event: <keyboardFocus; pid: 69468; token: viewbridge-key-window>
2026-05-25 19:31:06.016 Df WindowServer[619:112f] [com.apple.SkyLight:KeyboardEvent] kCGSEventKeyUp was part of a sequence with destination <keyboardFocus; pid: 69468; token: viewbridge-key-window>
2026-05-25 19:31:06.540 E  WindowServer[619:112f] [com.apple.SkyLight:default] _CGXPackagesSetWindowConstraints: Invalid window
2026-05-25 19:31:06.540 E  WindowServer[619:112f] [com.apple.SkyLight:default] _CGXPackagesSetWindowConstraints: Invalid window
2026-05-25 19:31:06.553 E  WindowServer[619:112f] [com.apple.SkyLight:default] _CGXPackagesSetWindowConstraints: Invalid window
2026-05-25 19:31:06.571 Df WindowServer[619:112f] [com.apple.BackBoard:EventDelivery] destinations for Keyboard event: (<keyboardFocus; Claude.69468; token: viewbridge-key-window>)
2026-05-25 19:31:06.571 Df WindowServer[619:112f] [com.apple.SkyLight:KeyboardEvent] delivery manager destinations for kCGSEventKeyDown event: <keyboardFocus; pid: 69468; token: viewbridge-key-window>
2026-05-25 19:31:06.618 Df WindowServer[619:112f] [com.apple.SkyLight:KeyboardEvent] kCGSEventKeyUp was part of a sequence with destination <keyboardFocus; pid: 69468; token: viewbridge-key-window>
2026-05-25 19:31:07.151 Df WindowServer[619:112f] [com.apple.BackBoard:EventDelivery] destinations for Keyboard event: (<keyboardFocus; Claude.69468; token: viewbridge-key-window>)
2026-05-25 19:31:07.151 Df WindowServer[619:112f] [com.apple.SkyLight:KeyboardEvent] delivery manager destinations for kCGSEventKeyDown event: <keyboardFocus; pid: 69468; token: viewbridge-key-window>
2026-05-25 19:31:07.258 Df WindowServer[619:112f] [com.apple.SkyLight:KeyboardEvent] kCGSEventKeyUp was part of a sequence with destination <keyboardFocus; pid: 69468; token: viewbridge-key-window>
2026-05-25 19:31:07.485 Df WindowServer[619:112f] [com.apple.BackBoard:EventDelivery] destinations for Keyboard event: (<keyboardFocus; Claude.69468; token: viewbridge-key-window>)
2026-05-25 19:31:07.485 Df WindowServer[619:112f] [com.apple.SkyLight:KeyboardEvent] delivery manager destinations for kCGSEventKeyDown event: <keyboardFocus; pid: 69468; token: viewbridge-key-window>
2026-05-25 19:31:07.540 E  WindowServer[619:112f] [com.apple.SkyLight:default] _CGXPackagesSetWindowConstraints: Invalid window
2026-05-25 19:31:07.542 E  WindowServer[619:112f] [com.apple.SkyLight:default] _CGXPackagesSetWindowConstraints: Invalid window
2026-05-25 19:31:07.556 E  WindowServer[619:112f] [com.apple.SkyLight:default] _CGXPackagesSetWindowConstraints: Invalid window
2026-05-25 19:31:07.586 Df WindowServer[619:112f] [com.apple.SkyLight:KeyboardEvent] kCGSEventKeyUp was part of a sequence with destination <keyboardFocus; pid: 69468; token: viewbridge-key-window>
2026-05-25 19:31:08.271 Df WindowServer[619:112f] [com.apple.BackBoard:EventDelivery] destinations for Keyboard event: (<keyboardFocus; Claude.69468; token: viewbridge-key-window>)
2026-05-25 19:31:08.271 Df WindowServer[619:112f] [com.apple.SkyLight:KeyboardEvent] delivery manager destinations for kCGSEventKeyDown event: <keyboardFocus; pid: 69468; token: viewbridge-key-window>
2026-05-25 19:31:08.353 Df WindowServer[619:112f] [com.apple.SkyLight:KeyboardEvent] kCGSEventKeyUp was part of a sequence with destination <keyboardFocus; pid: 69468; token: viewbridge-key-window>
2026-05-25 19:31:08.487 Df WindowServer[619:112f] [com.apple.BackBoard:EventDelivery] destinations for Keyboard event: (<keyboardFocus; Claude.69468; token: viewbridge-key-window>)
2026-05-25 19:31:08.487 Df WindowServer[619:112f] [com.apple.SkyLight:KeyboardEvent] delivery manager destinations for kCGSEventKeyDown event: <keyboardFocus; pid: 69468; token: viewbridge-key-window>
2026-05-25 19:31:08.540 E  WindowServer[619:112f] [com.apple.SkyLight:default] _CGXPackagesSetWindowConstraints: Invalid window
2026-05-25 19:31:08.540 E  WindowServer[619:112f] [com.apple.SkyLight:default] _CGXPackagesSetWindowConstraints: Invalid window
2026-05-25 19:31:08.552 E  WindowServer[619:112f] [com.apple.SkyLight:default] _CGXPackagesSetWindowConstraints: Invalid window
2026-05-25 19:31:08.570 Df WindowServer[619:112f] [com.apple.SkyLight:KeyboardEvent] kCGSEventKeyUp was part of a sequence with destination <keyboardFocus; pid: 69468; token: viewbridge-key-window>
2026-05-25 19:31:08.789 Df WindowServer[619:112f] [com.apple.BackBoard:EventDelivery] destinations for Keyboard event: (<keyboardFocus; Claude.69468; token: viewbridge-key-window>)
2026-05-25 19:31:08.789 Df WindowServer[619:112f] [com.apple.SkyLight:KeyboardEvent] delivery manager destinations for kCGSEventKeyDown event: <keyboardFocus; pid: 69468; token: viewbridge-key-window>
2026-05-25 19:31:08.895 Df WindowServer[619:112f] [com.apple.SkyLight:KeyboardEvent] kCGSEventKeyUp was part of a sequence with destination <keyboardFocus; pid: 69468; token: viewbridge-key-window>
2026-05-25 19:31:09.088 Df WindowServer[619:112f] [com.apple.BackBoard:EventDelivery] destinations for Keyboard event: (<keyboardFocus; Claude.69468; token: viewbridge-key-window>)
2026-05-25 19:31:09.088 Df WindowServer[619:112f] [com.apple.SkyLight:KeyboardEvent] delivery manager destinations for kCGSEventKeyDown event: <keyboardFocus; pid: 69468; token: viewbridge-key-window>
2026-05-25 19:31:09.214 Df WindowServer[619:112f] [com.apple.SkyLight:KeyboardEvent] kCGSEventKeyUp was part of a sequence with destination <keyboardFocus; pid: 69468; token: viewbridge-key-window>
2026-05-25 19:31:09.340 Df WindowServer[619:112f] [com.apple.BackBoard:EventDelivery] destinations for Keyboard event: (<keyboardFocus; Claude.69468; token: viewbridge-key-window>)
2026-05-25 19:31:09.340 Df WindowServer[619:112f] [com.apple.SkyLight:KeyboardEvent] delivery manager destinations for kCGSEventKeyDown event: <keyboardFocus; pid: 69468; token: viewbridge-key-window>
2026-05-25 19:31:09.420 Df WindowServer[619:112f] [com.apple.SkyLight:KeyboardEvent] kCGSEventKeyUp was part of a sequence with destination <keyboardFocus; pid: 69468; token: viewbridge-key-window>
2026-05-25 19:31:09.521 Df WindowServer[619:112f] [com.apple.BackBoard:EventDelivery] destinations for Keyboard event: (<keyboardFocus; Claude.69468; token: viewbridge-key-window>)
2026-05-25 19:31:09.521 Df WindowServer[619:112f] [com.apple.SkyLight:KeyboardEvent] delivery manager destinations for kCGSEventKeyDown event: <keyboardFocus; pid: 69468; token: viewbridge-key-window>
2026-05-25 19:31:09.539 E  WindowServer[619:112f] [com.apple.SkyLight:default] _CGXPackagesSetWindowConstraints: Invalid window
2026-05-25 19:31:09.539 E  WindowServer[619:112f] [com.apple.SkyLight:default] _CGXPackagesSetWindowConstraints: Invalid window
2026-05-25 19:31:09.612 Df WindowServer[619:112f] [com.apple.SkyLight:KeyboardEvent] kCGSEventKeyUp was part of a sequence with destination <keyboardFocus; pid: 69468; token: viewbridge-key-window>
